0;0;0;0;land;false;unknown;0
1;203;16;1;land;false;plains;3
2;166;29;1;land;false;plains;3
3;172;33;1;land;false;plains;3
4;195;50;1;land;false;plains;3
5;240;35;1;land;false;plains;3
6;204;24;1;land;false;plains;3
7;208;12;1;land;false;plains;3
8;201;46;1;land;false;plains;3
9;238;57;1;land;false;plains;3
10;242;40;1;land;false;plains;3
11;231;25;1;land;false;plains;3
12;213;34;1;land;false;plains;3
13;241;12;1;land;false;plains;3
14;190;32;1;land;false;plains;3
15;228;16;1;land;false;plains;3
16;175;11;1;land;false;plains;3
17;244;40;1;land;false;plains;3
18;243;29;1;land;false;plains;3
19;181;27;1;land;false;plains;3
20;172;41;1;land;false;plains;3
21;204;32;1;land;false;plains;3
22;192;44;1;land;false;plains;3
23;205;40;1;land;false;plains;3
24;222;31;1;land;false;plains;3
25;201;50;1;land;false;plains;3
26;188;28;1;land;false;plains;3
27;209;12;1;land;false;plains;3
28;168;55;1;land;false;plains;3
29;185;50;1;land;false;plains;3
30;221;38;1;land;false;plains;3
31;219;21;1;land;false;plains;3
32;226;32;1;land;false;plains;3
33;197;39;1;land;false;plains;3
34;173;40;1;land;false;plains;3
35;186;16;1;land;false;plains;3
36;133;34;1;land;false;forest;3
37;197;7;1;land;false;plains;3
38;162;19;1;land;false;plains;3
39;183;41;1;land;false;plains;3
40;129;44;1;land;false;forest;3
41;133;26;1;land;false;forest;3
42;126;10;1;land;false;plains;3
43;134;36;1;land;false;plains;3
44;177;25;1;land;false;plains;3
45;139;36;1;land;false;plains;3
46;130;43;1;land;false;plains;3
47;192;43;1;land;false;plains;3
48;196;10;1;land;false;forest;3
49;181;33;1;land;false;forest;3
50;151;19;1;land;false;plains;3
51;190;15;1;land;false;plains;3
52;172;23;1;land;false;plains;3
53;161;14;1;land;false;plains;3
54;139;34;1;land;false;plains;3
55;129;30;1;land;false;plains;3
56;194;17;1;land;false;plains;3
57;193;41;1;land;false;plains;3
58;146;32;1;land;false;plains;3
59;150;32;1;land;false;plains;3
60;131;33;1;land;false;plains;3
61;133;7;1;land;false;plains;3
62;129;10;1;land;false;plains;3
63;157;20;1;land;false;plains;3
64;164;18;1;land;false;forest;3
65;131;13;1;land;false;plains;3
66;187;1;1;land;false;forest;3
67;144;45;1;land;false;plains;3
68;180;13;1;land;false;plains;3
69;140;12;1;land;false;plains;3
70;145;9;1;land;false;plains;3
71;171;37;1;land;false;plains;3
72;149;18;1;land;false;plains;3
73;148;27;1;land;false;plains;3
74;179;32;1;land;false;plains;3
75;156;17;1;land;false;plains;3
76;199;11;1;land;false;plains;3
77;187;14;1;land;false;forest;3
78;166;1;1;land;false;plains;3
79;168;8;1;land;false;plains;3
80;181;1;1;land;false;forest;3
81;186;33;1;land;false;plains;3
82;191;30;1;land;false;plains;3
83;185;33;1;land;false;forest;3
84;160;17;1;land;false;plains;3
85;131;34;1;land;false;plains;3
86;166;15;1;land;false;plains;3
87;169;25;1;land;false;plains;3
88;200;7;1;land;false;forest;3
89;144;21;1;land;false;plains;3
90;180;28;1;land;false;plains;3
91;165;32;1;land;false;plains;3
92;190;4;1;land;false;plains;3
93;170;1;1;land;false;forest;3
94;164;39;1;land;false;plains;3
95;186;36;1;land;false;plains;3
96;137;38;1;land;false;plains;3
97;181;16;1;land;false;plains;3
98;148;36;1;land;false;plains;3
99;134;66;1;land;false;plains;3
100;85;60;1;land;false;plains;3
101;92;56;1;land;false;plains;3
102;115;78;1;land;false;plains;3
103;69;59;1;land;false;plains;3
104;93;33;1;land;false;plains;3
105;105;38;1;land;false;plains;3
106;91;78;1;land;false;plains;3
107;125;105;1;land;false;plains;3
108;130;37;1;land;false;plains;3
109;112;62;1;land;false;plains;3
110;147;84;1;land;false;plains;3
111;132;63;1;land;false;plains;3
112;125;37;1;land;false;plains;3
113;23;160;1;land;false;plains;3
114;59;168;1;land;false;plains;3
115;54;114;1;land;false;plains;3
116;30;146;1;land;false;plains;3
117;49;145;1;land;false;plains;3
118;67;139;1;land;false;plains;3
119;51;140;1;land;false;plains;3
120;73;166;1;land;false;plains;3
121;63;119;1;land;false;plains;3
122;90;159;1;land;false;plains;3
123;59;140;1;land;false;plains;3
124;81;131;1;land;false;plains;3
125;57;172;1;land;false;plains;3
126;31;152;1;land;false;plains;3
127;64;103;1;land;false;plains;3
128;51;104;1;land;false;plains;3
129;23;134;1;land;false;plains;3
130;73;181;1;land;false;plains;3
131;96;135;1;land;false;plains;3
132;36;167;1;land;false;plains;3
133;45;118;1;land;false;plains;3
134;30;144;1;land;false;plains;3
135;64;178;1;land;false;plains;3
136;40;125;1;land;false;plains;3
137;41;104;1;land;false;plains;3
138;42;132;1;land;false;plains;3
139;42;182;1;land;false;plains;3
140;72;104;1;land;false;plains;3
141;72;168;1;land;false;plains;3
142;31;129;1;land;false;plains;3
143;84;121;1;land;false;plains;3
144;23;115;1;land;false;plains;3
145;24;174;1;land;false;plains;3
146;98;113;1;land;false;plains;3
147;177;100;1;land;false;plains;3
148;148;74;1;land;false;plains;3
149;178;70;1;land;false;plains;3
150;125;122;1;land;false;plains;3
151;129;123;1;land;false;plains;3
152;137;57;1;land;false;plains;3
153;149;106;1;land;false;plains;3
154;125;103;1;land;false;plains;3
155;149;72;1;land;false;plains;3
156;130;69;1;land;false;plains;3
157;153;49;1;land;false;plains;3
158;142;127;1;land;false;plains;3
159;166;81;1;land;false;plains;3
160;167;66;1;land;false;plains;3
161;172;111;1;land;false;plains;3
162;165;105;1;land;false;plains;3
163;120;103;1;land;false;plains;3
164;177;86;1;land;false;plains;3
165;151;71;1;land;false;plains;3
166;190;75;1;land;false;plains;3
167;167;50;1;land;false;plains;3
168;177;76;1;land;false;plains;3
169;158;99;1;land;false;plains;3
170;128;121;1;land;false;plains;3
171;141;52;1;land;false;plains;3
172;149;87;1;land;false;plains;3
173;169;97;1;land;false;plains;3
174;194;115;1;land;false;plains;3
175;122;50;1;land;false;plains;3
176;117;106;1;land;false;plains;3
177;188;80;1;land;false;plains;3
178;185;54;1;land;false;plains;3
179;174;126;1;land;false;plains;3
180;181;190;1;land;false;plains;3
181;135;143;1;land;false;plains;3
182;156;213;1;land;false;forest;3
183;140;174;1;land;false;plains;3
184;207;138;1;land;false;plains;3
185;189;216;1;land;false;forest;3
186;153;176;1;land;false;forest;3
187;166;176;1;land;false;forest;3
188;189;177;1;land;false;forest;3
189;186;144;1;land;false;forest;3
190;181;184;1;land;false;plains;3
191;157;203;1;land;false;forest;3
192;164;186;1;land;false;plains;3
193;145;214;1;land;false;plains;3
194;130;144;1;land;false;forest;3
195;136;192;1;land;false;plains;3
196;183;203;1;land;false;forest;3
197;176;143;1;land;false;forest;3
198;200;145;1;land;false;plains;3
199;150;163;1;land;false;plains;3
200;198;159;1;land;false;forest;3
201;132;158;1;land;false;forest;3
202;171;140;1;land;false;plains;3
203;194;147;1;land;false;plains;3
204;190;164;1;land;false;forest;3
205;133;149;1;land;false;forest;3
206;21;157;1;land;false;plains;3
207;4;90;1;land;false;plains;3
208;16;86;1;land;false;plains;3
209;11;122;1;land;false;plains;3
210;7;144;1;land;false;plains;3
211;13;103;1;land;false;plains;3
212;20;95;1;land;false;forest;3
213;4;154;1;land;false;plains;3
214;41;131;1;land;false;plains;3
215;28;109;1;land;false;forest;3
216;7;125;1;land;false;forest;3
217;17;104;1;land;false;plains;3
218;43;123;1;land;false;plains;3
219;5;110;1;land;false;plains;3
220;13;114;1;land;false;plains;3
221;20;122;1;land;false;plains;3
222;37;101;1;land;false;forest;3
223;16;121;1;land;false;plains;3
224;20;113;1;land;false;plains;3
225;9;155;1;land;false;plains;3
226;29;137;1;land;false;plains;3
227;37;120;1;land;false;plains;3
228;39;151;1;land;false;plains;3
229;65;173;1;land;false;plains;3
230;38;114;1;land;false;plains;3
231;27;145;1;land;false;plains;3
232;53;97;1;land;false;plains;3
233;63;162;1;land;false;plains;3
234;41;147;1;land;false;plains;3
235;59;100;1;land;false;plains;3
236;32;117;1;land;false;plains;3
237;36;113;1;land;false;plains;3
238;62;109;1;land;false;plains;3
239;35;135;1;land;false;plains;3
240;13;140;1;land;false;plains;3
241;21;160;1;land;false;plains;3
242;66;164;1;land;false;plains;3
243;46;154;1;land;false;plains;3
244;80;144;1;land;false;plains;3
245;21;118;1;land;false;plains;3
246;78;129;1;land;false;plains;3
247;24;108;1;land;false;plains;3
248;45;123;1;land;false;plains;3
249;65;172;1;land;false;plains;3
250;81;121;1;land;false;plains;3
251;16;117;1;land;false;plains;3
252;77;127;1;land;false;plains;3
253;73;150;1;land;false;plains;3
254;57;143;1;land;false;plains;3
255;10;96;1;land;false;plains;3
256;36;139;1;land;false;plains;3
257;37;98;1;land;false;plains;3
258;66;158;1;land;false;plains;3
259;37;112;1;land;false;plains;3
260;40;151;1;land;false;plains;3
261;65;114;1;land;false;plains;3
262;242;163;1;land;false;forest;3
263;215;209;1;land;false;plains;3
264;231;238;1;land;false;plains;3
265;213;223;1;land;false;plains;3
266;217;166;1;land;false;plains;3
267;204;194;1;land;false;plains;3
268;235;234;1;land;false;plains;3
269;247;214;1;land;false;forest;3
270;208;197;1;land;false;plains;3
271;248;166;1;land;false;plains;3
272;201;214;1;land;false;forest;3
273;216;188;1;land;false;plains;3
274;198;169;1;land;false;forest;3
275;243;210;1;land;false;plains;3
276;217;194;1;land;false;plains;3
277;206;190;1;land;false;plains;3
278;212;192;1;land;false;forest;3
279;28;0;1;land;false;plains;3
280;21;5;1;land;false;plains;3
281;1;73;1;land;false;plains;3
282;30;39;1;land;false;plains;3
283;47;72;1;land;false;plains;3
284;12;63;1;land;false;plains;3
285;208;175;1;land;false;plains;3
286;200;171;1;land;false;plains;3
287;224;166;1;land;false;forest;3
288;182;194;1;land;false;forest;3
289;166;209;1;land;false;forest;3
290;192;188;1;land;false;plains;3
291;188;168;1;land;false;plains;3
292;196;170;1;land;false;plains;3
293;210;167;1;land;false;forest;3
294;220;150;1;land;false;plains;3
295;226;167;1;land;false;plains;3
296;191;199;1;land;false;plains;3
297;176;176;1;land;false;plains;3
298;239;194;1;land;false;forest;3
299;191;164;1;land;false;plains;3
300;172;227;1;land;false;forest;3
301;228;195;1;land;false;forest;3
302;235;171;1;land;false;plains;3
303;176;205;1;land;false;plains;3
304;222;159;1;land;false;forest;3
305;187;210;1;land;false;forest;3
306;190;178;1;land;false;forest;3
307;217;180;1;land;false;forest;3
308;168;161;1;land;false;forest;3
309;115;177;1;land;false;plains;3
310;132;125;1;land;false;plains;3
311;155;143;1;land;false;plains;3
312;91;142;1;land;false;plains;3
313;90;170;1;land;false;plains;3
314;119;194;1;land;false;plains;3
315;107;156;1;land;false;plains;3
316;122;194;1;land;false;plains;3
317;139;131;1;land;false;plains;3
318;144;165;1;land;false;plains;3
319;106;192;1;land;false;plains;3
320;160;169;1;land;false;plains;3
321;115;197;1;land;false;plains;3
322;118;159;1;land;false;plains;3
323;107;147;1;land;false;plains;3
324;97;152;1;land;false;plains;3
325;133;183;1;land;false;plains;3
326;145;192;1;land;false;plains;3
327;120;161;1;land;false;plains;3
328;108;171;1;land;false;plains;3
329;136;178;1;land;false;plains;3
330;105;174;1;land;false;plains;3
331;96;149;1;land;false;plains;3
332;112;156;1;land;false;plains;3
333;140;162;1;land;false;plains;3
334;95;126;1;land;false;plains;3
335;120;153;1;land;false;plains;3
336;114;138;1;land;false;plains;3
337;152;148;1;land;false;plains;3
338;138;148;1;land;false;plains;3
339;147;195;1;land;false;plains;3
340;118;170;1;land;false;plains;3
341;120;150;1;land;false;plains;3
342;95;143;1;land;false;plains;3
343;152;144;1;land;false;plains;3
344;123;186;1;land;false;plains;3
345;104;169;1;land;false;plains;3
346;124;125;1;land;false;plains;3
347;144;160;1;land;false;plains;3
348;156;163;1;land;false;plains;3
349;116;184;1;land;false;plains;3
350;118;176;1;land;false;plains;3
351;86;174;1;land;false;plains;3
352;83;168;1;land;false;plains;3
353;160;175;1;land;false;plains;3
354;119;153;1;land;false;plains;3
355;89;165;1;land;false;plains;3
356;102;195;1;land;false;plains;3
357;118;177;1;land;false;plains;3
358;102;159;1;land;false;plains;3
359;103;200;1;land;false;plains;3
360;130;196;1;land;false;plains;3
361;159;179;1;land;false;plains;3
362;125;121;1;land;false;plains;3
363;54;164;1;land;false;forest;3
364;70;174;1;land;false;plains;3
365;36;118;1;land;false;plains;3
366;68;160;1;lake;false;lakes;3
367;101;135;1;land;false;plains;3
368;29;162;1;land;false;plains;3
369;55;165;1;land;false;plains;3
370;80;103;1;land;false;plains;3
371;103;157;1;land;false;plains;3
372;33;175;1;land;false;plains;3
373;96;159;1;land;false;forest;3
374;73;179;1;land;false;plains;3
375;61;114;1;land;false;plains;3
376;69;201;1;land;false;plains;3
377;94;200;1;land;false;plains;3
378;64;210;1;land;false;plains;3
379;80;203;1;land;false;plains;3
380;96;254;1;land;false;plains;3
381;73;250;1;land;false;plains;3
382;72;190;1;land;false;plains;3
383;41;247;1;land;false;plains;3
384;48;236;1;land;false;plains;3
385;75;219;1;land;false;plains;3
386;26;184;1;land;false;plains;3
387;38;201;1;land;false;plains;3
388;76;236;1;land;false;plains;3
389;21;207;1;land;false;plains;3
390;48;233;1;land;false;plains;3
391;64;192;1;land;false;plains;3
392;19;250;1;land;false;plains;3
393;38;219;1;land;false;plains;3
394;75;208;1;land;false;plains;3
395;27;242;1;land;false;plains;3
396;39;201;1;land;false;plains;3
397;27;237;1;land;false;plains;3
398;86;216;1;land;false;plains;3
399;25;240;1;land;false;plains;3
400;36;184;1;land;false;plains;3
401;28;207;1;land;false;plains;3
402;60;217;1;land;false;plains;3
403;64;191;1;land;false;plains;3
404;43;209;1;land;false;plains;3
405;23;239;1;land;false;plains;3
406;60;192;1;land;false;plains;3
407;73;217;1;land;false;plains;3
408;25;239;1;land;false;plains;3
409;30;216;1;land;false;plains;3
410;58;233;1;land;false;plains;3
411;55;236;1;land;false;plains;3
412;78;205;1;land;false;plains;3
413;92;189;1;land;false;plains;3
414;33;219;1;land;false;plains;3
415;73;186;1;land;false;plains;3
416;130;179;1;land;false;plains;3
417;90;165;1;land;false;plains;3
418;97;182;1;land;false;plains;3
419;92;152;1;land;false;plains;3
420;84;191;1;land;false;plains;3
421;71;153;1;land;false;plains;3
422;134;183;1;land;false;plains;3
423;113;189;1;land;false;plains;3
424;148;192;1;land;false;plains;3
425;78;176;1;land;false;plains;3
426;138;144;1;land;false;plains;3
427;99;166;1;land;false;plains;3
428;146;221;1;land;false;plains;3
429;168;231;1;land;false;plains;3
430;159;226;1;land;false;plains;3
431;131;232;1;land;false;plains;3
432;171;227;1;land;false;plains;3
433;129;250;1;land;false;plains;3
434;151;239;1;land;false;plains;3
435;143;241;1;land;false;plains;3
436;157;215;1;land;false;plains;3
437;169;220;1;land;false;plains;3
438;133;230;1;land;false;plains;3
439;186;215;1;land;false;plains;3
440;144;226;1;land;false;plains;3
441;160;245;1;land;false;plains;3
442;120;240;1;land;false;plains;3
443;177;216;1;land;false;plains;3
444;129;226;1;land;false;plains;3
445;174;241;1;land;false;plains;3
446;168;237;1;land;false;plains;3
447;147;220;1;land;false;plains;3
448;150;218;1;land;false;plains;3
449;164;244;1;land;false;plains;3
450;160;248;1;land;false;plains;3
451;124;218;1;land;false;plains;3
452;123;253;1;land;false;plains;3
453;119;215;1;land;false;plains;3
454;137;242;1;land;false;plains;3
455;145;237;1;land;false;plains;3
456;167;233;1;land;false;plains;3
457;113;244;1;land;false;plains;3
458;180;164;1;land;false;plains;3
459;175;178;1;land;false;plains;3
460;190;146;1;land;false;plains;3
461;181;207;1;land;false;plains;3
462;228;156;1;land;false;plains;3
463;195;178;1;land;false;plains;3
464;172;186;1;land;false;plains;3
465;181;173;1;land;false;plains;3
466;227;149;1;land;false;plains;3
467;230;166;1;land;false;plains;3
468;216;209;1;land;false;plains;3
469;230;197;1;land;false;plains;3
470;185;146;1;land;false;forest;3
471;173;154;1;land;false;plains;3
472;180;148;1;land;false;plains;3
473;206;215;1;land;false;plains;3
474;192;148;1;land;false;plains;3
475;199;192;1;land;false;plains;3
476;203;203;1;land;false;plains;3
477;222;163;1;land;false;plains;3
478;198;149;1;land;false;plains;3
479;225;185;1;land;false;plains;3
480;166;166;1;land;false;plains;3
481;224;187;1;land;false;plains;3
482;228;201;1;land;false;plains;3
483;175;198;1;land;false;plains;3
484;221;200;1;land;false;plains;3
485;240;150;1;land;false;plains;3
486;213;213;1;land;false;plains;3
487;241;191;1;land;false;plains;3
488;239;146;1;land;false;plains;3
489;187;206;1;land;false;plains;3
490;224;155;1;land;false;plains;3
491;230;216;1;land;false;plains;3
492;243;160;1;land;false;plains;3
493;234;191;1;land;false;plains;3
494;201;155;1;land;false;plains;3
495;173;218;1;land;false;plains;3
496;188;214;1;land;false;plains;3
497;192;202;1;land;false;plains;3
498;230;151;1;land;false;plains;3
499;223;149;1;land;false;plains;3
500;232;194;1;land;false;plains;3
501;176;159;1;land;false;plains;3
502;215;161;1;land;false;plains;3
503;166;192;1;land;false;plains;3
504;165;155;1;land;false;plains;3
505;216;217;1;land;false;plains;3
506;189;218;1;land;false;plains;3
507;45;95;1;land;false;plains;3
508;9;139;1;land;false;plains;3
509;7;112;1;land;false;plains;3
510;66;153;1;land;false;plains;3
511;66;151;1;land;false;plains;3
512;5;105;1;land;false;plains;3
513;12;133;1;land;false;plains;3
514;2;111;1;land;false;plains;3
515;21;111;1;land;false;plains;3
516;254;140;1;land;false;forest;3
517;218;146;1;land;false;plains;3
518;243;73;1;land;false;plains;3
519;250;108;1;land;false;plains;3
520;237;144;1;land;false;plains;3
521;209;145;1;land;false;plains;3
522;213;115;1;land;false;plains;3
523;226;117;1;land;false;plains;3
524;251;100;1;land;false;plains;3
525;223;142;1;land;false;plains;3
526;220;109;1;land;false;plains;3
527;233;129;1;land;false;plains;3
528;210;93;1;land;false;plains;3
529;241;107;1;land;false;plains;3
530;218;121;1;land;false;plains;3
531;241;89;1;land;false;plains;3
532;217;141;1;land;false;plains;3
533;225;146;1;land;false;forest;3
534;215;150;1;land;false;plains;3
535;251;149;1;land;false;plains;3
536;236;86;1;land;false;plains;3
537;232;85;1;land;false;plains;3
538;215;125;1;land;false;plains;3
539;223;107;1;land;false;plains;3
540;222;108;1;land;false;plains;3
541;217;110;1;land;false;plains;3
542;214;99;1;land;false;plains;3
543;133;202;1;land;false;plains;3
544;132;206;1;land;false;plains;3
545;122;218;1;land;false;forest;3
546;66;228;1;land;false;plains;3
547;124;211;1;land;false;plains;3
548;77;242;1;land;false;plains;3
549;122;227;1;land;false;plains;3
550;64;195;1;land;false;plains;3
551;132;216;1;land;false;plains;3
552;124;246;1;land;false;plains;3
553;103;254;1;land;false;plains;3
554;133;223;1;land;false;plains;3
555;76;203;1;land;false;plains;3
556;86;221;1;land;false;plains;3
557;125;246;1;land;false;plains;3
558;107;201;1;land;false;plains;3
559;134;238;1;land;false;plains;3
560;119;219;1;land;false;plains;3
561;124;207;1;land;false;plains;3
562;94;241;1;land;false;plains;3
563;138;230;1;land;false;plains;3
564;79;203;1;land;false;plains;3
565;119;193;1;land;false;plains;3
566;99;225;1;land;false;plains;3
567;95;238;1;land;false;plains;3
568;120;232;1;land;false;plains;3
569;120;229;1;land;false;plains;3
570;131;209;1;land;false;plains;3
571;64;236;1;land;false;plains;3
572;64;248;1;land;false;forest;3
573;109;201;1;land;false;plains;3
574;77;244;1;land;false;plains;3
575;125;194;1;land;false;plains;3
576;95;252;1;land;false;plains;3
577;61;240;1;land;false;plains;3
578;128;229;1;land;false;plains;3
579;81;217;1;land;false;plains;3
580;114;207;1;land;false;plains;3
581;177;77;1;land;false;plains;3
582;156;107;1;land;false;plains;3
583;144;99;1;land;false;plains;3
584;179;113;1;land;false;plains;3
585;141;108;1;land;false;plains;3
586;203;113;1;land;false;plains;3
587;162;120;1;land;false;plains;3
588;141;109;1;land;false;plains;3
589;84;66;1;land;false;plains;3
590;129;48;1;land;false;plains;3
591;122;30;1;land;false;plains;3
592;75;81;1;land;false;plains;3
593;114;66;1;land;false;plains;3
594;130;92;1;land;false;plains;3
595;142;52;1;land;false;plains;3
596;102;77;1;land;false;plains;3
597;137;52;1;land;false;plains;3
598;88;36;1;land;false;plains;3
599;148;59;1;land;false;plains;3
600;109;65;1;land;false;plains;3
601;152;72;1;land;false;plains;3
602;97;104;1;land;false;plains;3
603;144;31;1;land;false;plains;3
604;146;76;1;land;false;plains;3
605;30;223;1;land;false;plains;3
606;36;209;1;land;false;plains;3
607;33;214;1;land;false;plains;3
608;18;185;1;land;false;plains;3
609;37;223;1;land;false;forest;3
610;41;184;1;land;false;plains;3
611;10;213;1;land;false;plains;3
612;0;195;1;land;false;plains;3
613;32;172;1;land;false;plains;3
614;4;175;1;land;false;plains;3
615;33;194;1;land;false;plains;3
616;14;221;1;land;false;plains;3
617;21;229;1;land;false;forest;3
618;24;214;1;land;false;plains;3
619;13;231;1;land;false;plains;3
620;45;167;1;land;false;plains;3
621;4;170;1;land;false;plains;3
622;3;202;1;land;false;plains;3
623;18;171;1;land;false;plains;3
624;3;213;1;land;false;plains;3
625;18;170;1;land;false;plains;3
626;1;220;1;land;false;plains;3
627;26;183;1;land;false;plains;3
628;19;187;1;land;false;plains;3
629;22;215;1;land;false;plains;3
630;20;207;1;land;false;plains;3
631;45;194;1;land;false;plains;3
632;39;182;1;land;false;plains;3
633;26;170;1;land;false;plains;3
634;35;220;1;land;false;plains;3
635;18;199;1;land;false;plains;3
636;16;239;1;land;false;plains;3
637;12;192;1;land;false;plains;3
638;20;182;1;land;false;plains;3
639;2;175;1;land;false;plains;3
640;21;180;1;land;false;forest;3
641;12;234;1;land;false;plains;3
642;40;236;1;land;false;plains;3
643;21;216;1;land;false;plains;3
644;156;145;1;land;false;plains;3
645;158;134;1;land;false;plains;3
646;217;207;1;land;false;plains;3
647;193;171;1;land;false;plains;3
648;148;133;1;land;false;plains;3
649;175;152;1;land;false;plains;3
650;149;151;1;land;false;forest;3
651;214;145;1;land;false;plains;3
652;214;159;1;land;false;plains;3
653;203;158;1;land;false;plains;3
654;163;176;1;land;false;plains;3
655;192;174;1;land;false;forest;3
656;145;189;1;land;false;plains;3
657;203;151;1;land;false;plains;3
658;150;195;1;land;false;plains;3
659;159;170;1;land;false;plains;3
660;86;176;1;land;false;plains;3
661;103;122;1;land;false;plains;3
662;106;114;1;land;false;plains;3
663;106;139;1;land;false;plains;3
664;79;184;1;land;false;plains;3
665;99;168;1;land;false;plains;3
666;104;122;1;land;false;plains;3
667;132;128;1;land;false;plains;3
668;127;126;1;land;false;plains;3
669;100;123;1;land;false;plains;3
670;70;150;1;land;false;plains;3
671;99;107;1;land;false;plains;3
672;127;184;1;land;false;plains;3
673;94;131;1;land;false;plains;3
674;136;170;1;land;false;plains;3
675;83;156;1;land;false;plains;3
676;123;140;1;land;false;plains;3
677;98;166;1;land;false;plains;3
678;80;158;1;land;false;plains;3
679;127;172;1;land;false;plains;3
680;98;129;1;land;false;plains;3
681;83;111;1;land;false;plains;3
682;115;169;1;land;false;plains;3
683;114;145;1;land;false;plains;3
684;135;149;1;land;false;plains;3
685;117;170;1;land;false;plains;3
686;94;107;1;land;false;plains;3
687;63;152;1;land;false;plains;3
688;75;179;1;land;false;plains;3
689;130;183;1;land;false;plains;3
690;84;157;1;land;false;plains;3
691;130;173;1;land;false;plains;3
692;135;164;1;land;false;plains;3
693;106;131;1;land;false;plains;3
694;108;183;1;land;false;plains;3
695;107;135;1;land;false;plains;3
696;60;168;1;land;false;plains;3
697;100;143;1;land;false;plains;3
698;61;138;1;land;false;plains;3
699;131;182;1;land;false;plains;3
700;73;182;1;land;false;plains;3
701;62;113;1;land;false;plains;3
702;115;118;1;land;false;plains;3
703;75;151;1;land;false;plains;3
704;124;162;1;land;false;plains;3
705;58;161;1;land;false;plains;3
706;76;23;1;land;false;plains;3
707;30;36;1;land;false;plains;3
708;28;65;1;land;false;plains;3
709;70;9;1;land;false;forest;3
710;25;27;1;land;false;plains;3
711;2;79;1;land;false;forest;3
712;61;37;1;land;false;plains;3
713;48;71;1;land;false;plains;3
714;20;47;1;land;false;forest;3
715;55;74;1;land;false;forest;3
716;2;5;1;land;false;forest;3
717;63;17;1;land;false;forest;3
718;71;64;1;land;false;plains;3
719;39;10;1;land;false;plains;3
720;32;60;1;land;false;plains;3
721;12;40;1;land;false;plains;3
722;53;7;1;land;false;forest;3
723;26;8;1;land;false;forest;3
724;52;2;1;land;false;forest;3
725;41;14;1;land;false;plains;3
726;67;75;1;land;false;plains;3
727;58;22;1;land;false;plains;3
728;7;21;1;land;false;plains;3
729;43;21;1;land;false;forest;3
730;238;186;1;land;false;forest;3
731;237;209;1;land;false;forest;3
732;234;202;1;land;false;forest;3
733;233;153;1;land;false;forest;3
734;247;199;1;land;false;forest;3
735;198;199;1;land;false;plains;3
736;207;216;1;land;false;forest;3
737;210;152;1;land;false;forest;3
738;231;160;1;land;false;forest;3
739;246;174;1;land;false;forest;3
740;233;156;1;land;false;forest;3
741;249;226;1;land;false;forest;3
742;252;216;1;land;false;forest;3
743;218;215;1;land;false;forest;3
744;230;210;1;land;false;forest;3
745;251;215;1;land;false;plains;3
746;208;164;1;land;false;forest;3
747;233;195;1;land;false;forest;3
748;204;212;1;land;false;forest;3
749;251;150;1;land;false;forest;3
750;200;159;1;land;false;forest;3
751;250;176;1;land;false;forest;3
752;199;163;1;land;false;forest;3
753;242;224;1;land;false;forest;3
754;217;205;1;land;false;forest;3
755;236;155;1;land;false;forest;3
756;229;170;1;land;false;forest;3
757;195;224;1;land;false;forest;3
758;246;179;1;land;false;forest;3
759;219;197;1;land;false;forest;3
760;201;157;1;land;false;forest;3
761;213;193;1;land;false;forest;3
762;236;221;1;land;false;forest;3
763;196;223;1;land;false;forest;3
764;230;207;1;land;false;forest;3
765;239;161;1;land;false;forest;3
766;198;156;1;land;false;forest;3
767;213;184;1;land;false;forest;3
768;247;163;1;land;false;forest;3
769;203;226;1;land;false;forest;3
770;203;206;1;land;false;plains;3
771;192;218;1;land;false;plains;3
772;229;197;1;land;false;forest;3
773;202;228;1;land;false;forest;3
774;243;183;1;land;false;forest;3
775;243;202;1;land;false;forest;3
776;97;43;1;land;false;plains;3
777;55;52;1;land;false;plains;3
778;29;46;1;land;false;plains;3
779;30;30;1;land;false;plains;3
780;87;17;1;land;false;plains;3
781;41;77;1;land;false;plains;3
782;38;20;1;land;false;plains;3
783;52;48;1;land;false;plains;3
784;99;29;1;land;false;plains;3
785;85;24;1;land;false;plains;3
786;58;38;1;land;false;plains;3
787;65;15;1;land;false;plains;3
788;70;46;1;land;false;plains;3
789;57;19;1;land;false;plains;3
790;64;51;1;land;false;plains;3
791;60;236;1;land;false;plains;3
792;80;216;1;land;false;plains;3
793;68;212;1;land;false;plains;3
794;112;195;1;land;false;plains;3
795;98;204;1;land;false;plains;3
796;54;229;1;land;false;plains;3
797;61;193;1;land;false;plains;3
798;42;208;1;land;false;plains;3
799;119;244;1;land;false;plains;3
800;111;209;1;land;false;plains;3
801;120;198;1;land;false;plains;3
802;48;197;1;land;false;plains;3
803;105;237;1;land;false;plains;3
804;121;226;1;land;false;plains;3
805;46;190;1;land;false;plains;3
806;105;242;1;land;false;plains;3
807;118;189;1;land;false;plains;3
808;95;249;1;land;false;plains;3
809;80;229;1;land;false;plains;3
810;76;247;1;land;false;plains;3
811;59;253;1;land;false;plains;3
812;82;206;1;land;false;plains;3
813;97;230;1;land;false;plains;3
814;98;246;1;land;false;plains;3
815;113;245;1;land;false;plains;3
816;78;200;1;land;false;plains;3
817;94;193;1;land;false;plains;3
818;68;215;1;land;false;plains;3
819;70;242;1;land;false;plains;3
820;95;225;1;land;false;plains;3
821;231;30;1;land;false;plains;3
822;213;44;1;land;false;plains;3
823;237;21;1;land;false;plains;3
824;189;39;1;land;false;plains;3
825;213;19;1;land;false;plains;3
826;245;4;1;land;false;plains;3
827;173;14;1;land;false;plains;3
828;252;36;1;land;false;plains;3
829;186;11;1;land;false;plains;3
830;194;21;1;land;false;plains;3
831;226;18;1;land;false;forest;3
832;225;3;1;land;false;plains;3
833;212;15;1;land;false;plains;3
834;175;27;1;land;false;plains;3
835;191;27;1;land;false;plains;3
836;187;24;1;land;false;plains;3
837;201;26;1;land;false;plains;3
838;245;39;1;land;false;plains;3
839;211;1;1;land;false;plains;3
840;189;42;1;land;false;plains;3
841;178;32;1;land;false;plains;3
842;211;43;1;land;false;plains;3
843;247;35;1;land;false;plains;3
844;194;18;1;land;false;plains;3
845;198;17;1;land;false;plains;3
846;204;45;1;land;false;plains;3
847;203;18;1;land;false;plains;3
848;251;47;1;land;false;plains;3
849;243;39;1;land;false;plains;3
850;226;5;1;land;false;plains;3
851;243;18;1;land;false;plains;3
852;239;26;1;land;false;plains;3
853;180;6;1;land;false;plains;3
854;213;4;1;land;false;plains;3
855;220;26;1;land;false;plains;3
856;198;14;1;land;false;plains;3
857;216;32;1;land;false;plains;3
858;243;34;1;land;false;plains;3
859;241;5;1;land;false;plains;3
860;226;6;1;land;false;plains;3
861;248;14;1;land;false;plains;3
862;217;15;1;land;false;plains;3
863;229;37;1;land;false;plains;3
864;186;19;1;land;false;plains;3
865;198;9;1;land;false;plains;3
866;198;12;1;land;false;plains;3
867;250;14;1;land;false;plains;3
868;242;42;1;land;false;plains;3
869;247;42;1;land;false;plains;3
870;11;179;1;land;false;plains;3
871;14;200;1;land;false;plains;3
872;3;228;1;land;false;plains;3
873;22;235;1;land;false;plains;3
874;28;200;1;land;false;plains;3
875;0;205;1;land;false;plains;3
876;28;157;1;land;false;plains;3
877;12;181;1;land;false;plains;3
878;5;175;1;land;false;plains;3
879;5;163;1;land;false;plains;3
880;1;232;1;land;false;plains;3
881;35;208;1;land;false;plains;3
882;14;233;1;land;false;plains;3
883;24;213;1;land;false;plains;3
884;33;211;1;land;false;plains;3
885;57;223;1;land;false;plains;3
886;66;224;1;land;false;plains;3
887;25;211;1;land;false;plains;3
888;47;207;1;land;false;plains;3
889;9;200;1;land;false;plains;3
890;84;173;1;land;false;plains;3
891;52;198;1;land;false;plains;3
892;31;186;1;land;false;plains;3
893;16;172;1;land;false;plains;3
894;66;214;1;land;false;plains;3
895;86;217;1;land;false;plains;3
896;21;224;1;land;false;plains;3
897;84;242;1;land;false;plains;3
898;56;217;1;land;false;plains;3
899;8;225;1;land;false;plains;3
900;80;219;1;land;false;plains;3
901;40;198;1;land;false;plains;3
902;8;199;1;land;false;plains;3
903;77;187;1;land;false;plains;3
904;72;228;1;land;false;plains;3
905;57;200;1;land;false;plains;3
906;24;232;1;land;false;plains;3
907;32;246;1;land;false;plains;3
908;8;169;1;land;false;plains;3
909;76;201;1;land;false;plains;3
910;69;237;1;land;false;plains;3
911;25;191;1;land;false;plains;3
912;39;191;1;land;false;plains;3
913;74;212;1;land;false;plains;3
914;70;181;1;land;false;plains;3
915;85;179;1;land;false;plains;3
916;87;215;1;land;false;plains;3
917;15;187;1;land;false;plains;3
918;34;222;1;land;false;plains;3
919;12;201;1;land;false;plains;3
920;21;172;1;land;false;plains;3
921;29;181;1;land;false;plains;3
922;23;181;1;land;false;plains;3
923;75;211;1;land;false;plains;3
924;20;224;1;land;false;plains;3
925;13;181;1;land;false;plains;3
926;81;220;1;land;false;plains;3
927;67;210;1;land;false;plains;3
928;49;179;1;land;false;plains;3
929;44;188;1;land;false;plains;3
930;41;198;1;land;false;plains;3
931;69;238;1;land;false;plains;3
932;17;173;1;land;false;plains;3
933;76;187;1;land;false;plains;3
934;16;179;1;land;false;plains;3
935;59;230;1;land;false;plains;3
936;20;234;1;land;false;plains;3
937;54;169;1;land;false;plains;3
938;36;225;1;land;false;plains;3
939;36;171;1;land;false;plains;3
940;62;204;1;land;false;plains;3
941;67;241;1;land;false;plains;3
942;37;233;1;land;false;plains;3
943;53;213;1;land;false;plains;3
944;133;121;1;land;false;plains;3
945;73;123;1;land;false;plains;3
946;117;150;1;land;false;plains;3
947;134;130;1;land;false;plains;3
948;124;140;1;land;false;plains;3
949;107;149;1;land;false;plains;3
950;101;119;1;land;false;plains;3
951;137;180;1;land;false;plains;3
952;77;166;1;land;false;plains;3
953;114;165;1;land;false;plains;3
954;137;140;1;land;false;plains;3
955;111;108;1;land;false;plains;3
956;108;163;1;land;false;plains;3
957;148;169;1;land;false;plains;3
958;126;149;1;land;false;plains;3
959;129;119;1;land;false;plains;3
960;84;165;1;land;false;plains;3
961;78;133;1;land;false;plains;3
962;108;140;1;land;false;plains;3
963;82;133;1;land;false;plains;3
964;112;152;1;land;false;plains;3
965;87;179;1;land;false;plains;3
966;112;109;1;land;false;plains;3
967;104;183;1;land;false;plains;3
968;111;141;1;land;false;plains;3
969;74;172;1;land;false;plains;3
970;111;121;1;land;false;plains;3
971;81;124;1;land;false;plains;3
972;115;168;1;land;false;plains;3
973;108;124;1;land;false;plains;3
974;143;154;1;land;false;plains;3
975;136;171;1;land;false;plains;3
976;116;113;1;land;false;plains;3
977;84;185;1;land;false;plains;3
978;209;102;1;land;false;plains;3
979;219;104;1;land;false;plains;3
980;223;89;1;land;false;plains;3
981;221;78;1;land;false;plains;3
982;205;139;1;land;false;plains;3
983;240;104;1;land;false;plains;3
984;205;83;1;land;false;plains;3
985;211;73;1;land;false;plains;3
986;208;94;1;land;false;plains;3
987;233;84;1;land;false;plains;3
988;206;102;1;land;false;plains;3
989;237;74;1;land;false;plains;3
990;221;107;1;land;false;plains;3
991;233;138;1;land;false;plains;3
992;245;126;1;land;false;plains;3
993;219;73;1;land;false;plains;3
994;209;101;1;land;false;plains;3
995;237;141;1;land;false;plains;3
996;233;104;1;land;false;plains;3
997;236;75;1;land;false;plains;3
998;253;135;1;land;false;plains;3
999;227;132;1;land;false;plains;3
1000;236;129;1;land;false;plains;3
1001;250;136;1;land;false;plains;3
1002;241;102;1;land;false;plains;3
1003;223;132;1;land;false;plains;3
1004;204;128;1;land;false;plains;3
1005;234;92;1;land;false;plains;3
1006;246;71;1;land;false;plains;3
1007;233;110;1;land;false;plains;3
1008;245;106;1;land;false;plains;3
1009;216;104;1;land;false;plains;3
1010;219;70;1;land;false;plains;3
1011;224;115;1;land;false;plains;3
1012;57;86;1;land;false;forest;3
1013;106;29;1;land;false;forest;3
1014;72;17;1;land;false;plains;3
1015;93;64;1;land;false;forest;3
1016;119;78;1;land;false;plains;3
1017;116;29;1;land;false;forest;3
1018;100;27;1;land;false;forest;3
1019;118;58;1;land;false;plains;3
1020;94;80;1;land;false;forest;3
1021;109;31;1;land;false;forest;3
1022;88;77;1;land;false;plains;3
1023;71;46;1;land;false;forest;3
1024;93;29;1;land;false;plains;3
1025;55;30;1;land;false;forest;3
1026;53;49;1;land;false;plains;3
1027;119;15;1;land;false;forest;3
1028;100;14;1;land;false;forest;3
1029;107;63;1;land;false;forest;3
1030;101;84;1;land;false;forest;3
1031;69;67;1;land;false;forest;3
1032;89;15;1;land;false;plains;3
1033;79;15;1;land;false;plains;3
1034;49;57;1;land;false;forest;3
1035;107;87;1;land;false;forest;3
1036;107;26;1;land;false;plains;3
1037;109;68;1;land;false;forest;3
1038;101;85;1;land;false;plains;3
1039;41;52;1;land;false;plains;3
1040;106;54;1;land;false;forest;3
1041;49;40;1;land;false;forest;3
1042;99;82;1;land;false;plains;3
1043;105;62;1;land;false;forest;3
1044;77;87;1;land;false;plains;3
1045;53;16;1;land;false;forest;3
1046;48;40;1;land;false;forest;3
1047;83;87;1;land;false;forest;3
1048;69;41;1;land;false;forest;3
1049;72;83;1;land;false;plains;3
1050;69;19;1;land;false;forest;3
1051;103;71;1;land;false;forest;3
1052;87;48;1;land;false;forest;3
1053;76;86;1;land;false;plains;3
1054;53;85;1;land;false;forest;3
1055;88;86;1;land;false;plains;3
1056;73;82;1;land;false;forest;3
1057;118;51;1;land;false;forest;3
1058;82;80;1;land;false;forest;3
1059;58;87;1;land;false;forest;3
1060;60;80;1;land;false;forest;3
1061;101;27;1;land;false;plains;3
1062;49;72;1;land;false;forest;3
1063;105;82;1;land;false;plains;3
1064;91;63;1;land;false;plains;3
1065;78;30;1;land;false;forest;3
1066;81;72;1;land;false;forest;3
1067;102;36;1;land;false;forest;3
1068;82;68;1;land;false;plains;3
1069;61;55;1;land;false;forest;3
1070;72;14;1;land;false;plains;3
1071;69;26;1;land;false;forest;3
1072;99;53;1;land;false;forest;3
1073;49;25;1;land;false;plains;3
1074;40;30;1;land;false;forest;3
1075;173;4;1;land;false;plains;3
1076;188;49;1;land;false;plains;3
1077;126;35;1;land;false;plains;3
1078;122;23;1;land;false;plains;3
1079;174;39;1;land;false;forest;3
1080;113;36;1;land;false;plains;3
1081;152;11;1;land;false;plains;3
1082;185;16;1;land;false;plains;3
1083;147;48;1;land;false;forest;3
1084;165;43;1;land;false;forest;3
1085;185;19;1;land;false;plains;3
1086;123;7;1;land;false;forest;3
1087;141;30;1;land;false;plains;3
1088;190;33;1;land;false;plains;3
1089;178;117;1;land;false;plains;3
1090;187;49;1;land;false;plains;3
1091;186;123;1;land;false;forest;3
1092;165;119;1;land;false;plains;3
1093;222;56;1;land;false;plains;3
1094;193;124;1;land;false;plains;3
1095;188;85;1;land;false;plains;3
1096;221;70;1;land;false;plains;3
1097;173;104;1;land;false;plains;3
1098;157;77;1;land;false;plains;3
1099;155;53;1;land;false;plains;3
1100;165;50;1;land;false;plains;3
1101;205;84;1;land;false;plains;3
1102;190;93;1;land;false;plains;3
1103;205;76;1;land;false;plains;3
1104;151;90;1;land;false;plains;3
1105;214;84;1;land;false;plains;3
1106;167;78;1;land;false;plains;3
1107;220;61;1;land;false;plains;3
1108;198;84;1;land;false;plains;3
1109;228;84;1;land;false;plains;3
1110;215;78;1;land;false;plains;3
1111;176;97;1;land;false;plains;3
1112;90;145;1;land;false;forest;3
1113;93;183;1;land;false;plains;3
1114;50;160;1;land;false;forest;3
1115;78;120;1;land;false;forest;3
1116;95;120;1;land;false;plains;3
1117;77;164;1;land;false;forest;3
1118;65;176;1;land;false;forest;3
1119;50;188;1;land;false;forest;3
1120;62;158;1;land;false;plains;3
1121;32;191;1;land;false;forest;3
1122;27;121;1;land;false;forest;3
1123;84;134;1;land;false;plains;3
1124;72;158;1;land;false;plains;3
1125;58;188;1;land;false;forest;3
1126;120;44;1;land;false;plains;3
1127;90;77;1;land;false;plains;3
1128;54;42;1;land;false;plains;3
1129;64;82;1;land;false;plains;3
1130;49;97;1;land;false;plains;3
1131;49;80;1;land;false;plains;3
1132;88;41;1;land;false;plains;3
1133;75;95;1;land;false;plains;3
1134;52;60;1;land;false;plains;3
1135;121;83;1;land;false;plains;3
1136;126;80;1;land;false;plains;3
1137;121;61;1;land;false;plains;3
1138;120;80;1;land;false;plains;3
1139;83;62;1;land;false;plains;3
1140;120;39;1;land;false;plains;3
1141;110;71;1;land;false;plains;3
1142;93;115;1;land;false;plains;3
1143;106;75;1;land;false;plains;3
1144;110;70;1;land;false;plains;3
1145;66;79;1;land;false;plains;3
1146;123;59;1;land;false;plains;3
1147;66;104;1;land;false;plains;3
1148;52;64;1;land;false;plains;3
1149;82;49;1;land;false;plains;3
1150;91;66;1;land;false;plains;3
1151;98;96;1;land;false;plains;3
1152;62;63;1;land;false;plains;3
1153;58;53;1;land;false;plains;3
1154;122;115;1;land;false;plains;3
1155;54;100;1;land;false;plains;3
1156;117;76;1;land;false;plains;3
1157;72;85;1;land;false;plains;3
1158;110;43;1;land;false;plains;3
1159;105;81;1;land;false;plains;3
1160;109;95;1;land;false;plains;3
1161;76;116;1;land;false;plains;3
1162;60;75;1;land;false;plains;3
1163;123;111;1;land;false;plains;3
1164;79;65;1;land;false;plains;3
1165;50;102;1;land;false;plains;3
1166;90;90;1;land;false;plains;3
1167;63;71;1;land;false;plains;3
1168;67;111;1;land;false;plains;3
1169;126;100;1;land;false;plains;3
1170;53;77;1;land;false;plains;3
1171;75;65;1;land;false;plains;3
1172;84;87;1;land;false;plains;3
1173;120;62;1;land;false;plains;3
1174;96;75;1;land;false;plains;3
1175;84;75;1;land;false;plains;3
1176;0;229;1;land;false;forest;3
1177;20;193;1;land;false;plains;3
1178;43;247;1;land;false;plains;3
1179;33;227;1;land;false;plains;3
1180;12;247;1;land;false;plains;3
1181;5;198;1;land;false;plains;3
1182;43;235;1;land;false;plains;3
1183;12;214;1;land;false;plains;3
1184;42;254;1;land;false;plains;3
1185;36;208;1;land;false;plains;3
1186;15;229;1;land;false;plains;3
1187;20;248;1;land;false;plains;3
1188;13;206;1;land;false;forest;3
1189;41;209;1;land;false;plains;3
1190;18;240;1;land;false;plains;3
1191;19;197;1;land;false;plains;3
1192;41;223;1;land;false;plains;3
1193;27;185;1;land;false;plains;3
1194;32;247;1;land;false;plains;3
1195;41;234;1;land;false;plains;3
1196;41;133;1;land;false;plains;3
1197;51;149;1;land;false;plains;3
1198;33;92;1;land;false;plains;3
1199;6;102;1;land;false;plains;3
1200;32;121;1;land;false;plains;3
1201;31;97;1;land;false;plains;3
1202;12;156;1;land;false;plains;3
1203;20;143;1;land;false;plains;3
1204;12;154;1;land;false;plains;3
1205;17;120;1;land;false;plains;3
1206;58;149;1;land;false;plains;3
1207;10;109;1;land;false;plains;3
1208;73;108;1;land;false;plains;3
1209;19;137;1;land;false;plains;3
1210;46;156;1;land;false;plains;3
1211;15;102;1;land;false;plains;3
1212;46;77;1;land;false;plains;3
1213;63;79;1;land;false;plains;3
1214;33;80;1;land;false;plains;3
1215;5;152;1;land;false;plains;3
1216;25;89;1;land;false;plains;3
1217;61;153;1;land;false;plains;3
1218;27;112;1;land;false;plains;3
1219;14;83;1;land;false;plains;3
1220;59;103;1;land;false;plains;3
1221;46;89;1;land;false;plains;3
1222;213;90;1;land;false;plains;3
1223;233;85;1;land;false;forest;3
1224;184;67;1;land;false;plains;3
1225;175;85;1;land;false;forest;3
1226;171;115;1;land;false;forest;3
1227;184;64;1;land;false;plains;3
1228;190;109;1;land;false;plains;3
1229;217;127;1;land;false;plains;3
1230;185;121;1;land;false;plains;3
1231;241;75;1;land;false;forest;3
1232;195;53;1;land;false;plains;3
1233;193;103;1;land;false;plains;3
1234;218;78;1;land;false;plains;3
1235;247;110;1;land;false;plains;3
1236;206;64;1;land;false;plains;3
1237;247;101;1;land;false;plains;3
1238;196;102;1;land;false;forest;3
1239;231;115;1;land;false;forest;3
1240;197;107;1;land;false;plains;3
1241;232;63;1;land;false;plains;3
1242;182;85;1;land;false;plains;3
1243;216;108;1;land;false;forest;3
1244;185;104;1;land;false;plains;3
1245;189;75;1;land;false;plains;3
1246;234;79;1;land;false;plains;3
1247;188;65;1;land;false;plains;3
1248;182;119;1;land;false;plains;3
1249;199;124;1;land;false;plains;3
1250;176;52;1;land;false;plains;3
1251;172;87;1;land;false;plains;3
1252;208;102;1;land;false;plains;3
1253;229;116;1;land;false;plains;3
1254;244;129;1;land;false;forest;3
1255;240;53;1;land;false;plains;3
1256;174;78;1;land;false;plains;3
1257;211;77;1;land;false;plains;3
1258;219;50;1;land;false;plains;3
1259;185;71;1;land;false;plains;3
1260;122;72;1;land;false;plains;3
1261;124;106;1;land;false;plains;3
1262;193;129;1;land;false;plains;3
1263;175;105;1;land;false;plains;3
1264;191;92;1;land;false;plains;3
1265;156;104;1;land;false;plains;3
1266;123;130;1;land;false;plains;3
1267;154;103;1;land;false;plains;3
1268;142;140;1;land;false;plains;3
1269;158;63;1;land;false;plains;3
1270;148;70;1;land;false;plains;3
1271;180;67;1;land;false;plains;3
1272;139;124;1;land;false;plains;3
1273;126;122;1;land;false;plains;3
1274;134;65;1;land;false;plains;3
1275;131;101;1;land;false;plains;3
1276;166;71;1;land;false;plains;3
1277;198;105;1;land;false;plains;3
1278;126;96;1;land;false;plains;3
1279;173;121;1;land;false;plains;3
1280;140;110;1;land;false;plains;3
1281;150;98;1;land;false;plains;3
1282;164;114;1;land;false;plains;3
1283;132;68;1;land;false;plains;3
1284;136;83;1;land;false;plains;3
1285;186;82;1;land;false;plains;3
1286;125;68;1;land;false;plains;3
1287;127;61;1;land;false;plains;3
1288;168;131;1;land;false;plains;3
1289;129;111;1;land;false;plains;3
1290;43;240;1;land;false;plains;3
1291;60;201;1;land;false;plains;3
1292;97;200;1;land;false;plains;3
1293;48;181;1;land;false;plains;3
1294;84;198;1;land;false;plains;3
1295;101;193;1;land;false;plains;3
1296;31;206;1;land;false;plains;3
1297;79;187;1;land;false;plains;3
1298;31;184;1;land;false;plains;3
1299;162;122;1;land;false;plains;3
1300;123;195;1;land;false;plains;3
1301;187;140;1;land;false;forest;3
1302;125;151;1;land;false;plains;3
1303;136;182;1;land;false;forest;3
1304;176;174;1;land;false;forest;3
1305;123;169;1;land;false;forest;3
1306;125;154;1;land;false;plains;3
1307;132;184;1;land;false;plains;3
1308;192;197;1;land;false;plains;3
1309;154;158;1;land;false;forest;3
1310;179;122;1;land;false;plains;3
1311;189;190;1;land;false;plains;3
1312;130;125;1;land;false;forest;3
1313;191;195;1;land;false;plains;3
1314;174;180;1;land;false;plains;3
1315;161;155;1;land;false;plains;3
1316;176;167;1;land;false;forest;3
1317;186;119;1;land;false;plains;3
1318;170;196;1;land;false;forest;3
1319;192;169;1;land;false;forest;3
1320;172;122;1;land;false;plains;3
1321;172;123;1;land;false;plains;3
1322;119;129;1;land;false;forest;3
1323;121;148;1;land;false;plains;3
1324;172;130;1;land;false;plains;3
1325;151;172;1;land;false;plains;3
1326;158;137;1;land;false;plains;3
1327;139;183;1;land;false;forest;3
1328;144;122;1;land;false;forest;3
1329;172;120;1;land;false;plains;3
1330;139;128;1;land;false;plains;3
1331;133;184;1;land;false;plains;3
1332;137;156;1;land;false;forest;3
1333;183;162;1;land;false;plains;3
1334;178;144;1;land;false;forest;3
1335;164;169;1;land;false;plains;3
1336;155;188;1;land;false;forest;3
1337;158;189;1;land;false;forest;3
1338;132;174;1;land;false;plains;3
1339;128;147;1;land;false;forest;3
1340;169;135;1;land;false;forest;3
1341;194;183;1;land;false;forest;3
1342;138;156;1;land;false;plains;3
1343;156;195;1;land;false;plains;3
1344;187;190;1;land;false;plains;3
1345;128;158;1;land;false;plains;3
1346;119;123;1;land;false;plains;3
1347;134;147;1;land;false;plains;3
1348;136;177;1;land;false;plains;3
1349;161;137;1;land;false;plains;3
1350;132;126;1;land;false;plains;3
1351;178;159;1;land;false;plains;3
1352;149;173;1;land;false;plains;3
1353;152;212;1;land;false;plains;3
1354;89;236;1;land;false;plains;3
1355;99;217;1;land;false;plains;3
1356;94;251;1;land;false;plains;3
1357;91;187;1;land;false;plains;3
1358;147;187;1;land;false;plains;3
1359;105;218;1;land;false;plains;3
1360;132;186;1;land;false;plains;3
1361;110;188;1;land;false;plains;3
1362;129;228;1;land;false;plains;3
1363;101;187;1;land;false;plains;3
1364;90;230;1;land;false;plains;3
1365;121;187;1;land;false;plains;3
1366;81;225;1;land;false;plains;3
1367;74;161;1;land;false;plains;3
1368;87;148;1;land;false;plains;3
1369;72;132;1;land;false;plains;3
1370;119;112;1;land;false;plains;3
1371;73;100;1;land;false;plains;3
1372;75;104;1;land;false;plains;3
1373;85;116;1;land;false;plains;3
1374;80;110;1;land;false;plains;3
1375;122;120;1;land;false;plains;3
1376;73;134;1;land;false;plains;3
1377;109;161;1;land;false;plains;3
1378;132;113;1;land;false;plains;3
1379;106;98;1;land;false;plains;3
1380;79;109;1;land;false;plains;3
1381;71;159;1;land;false;plains;3
1382;99;106;1;land;false;plains;3
1383;114;103;1;land;false;plains;3
1384;75;110;1;land;false;plains;3
1385;113;166;1;land;false;plains;3
1386;127;144;1;land;false;plains;3
1387;61;159;1;land;false;plains;3
1388;92;143;1;land;false;plains;3
1389;122;104;1;land;false;plains;3
1390;103;134;1;land;false;plains;3
1391;123;153;1;land;false;plains;3
1392;131;158;1;land;false;plains;3
1393;21;137;1;land;false;plains;3
1394;34;107;1;land;false;plains;3
1395;17;138;1;land;false;plains;3
1396;5;78;1;land;false;plains;3
1397;28;90;1;land;false;plains;3
1398;48;110;1;land;false;plains;3
1399;32;106;1;land;false;plains;3
1400;12;68;1;land;false;plains;3
1401;14;140;1;land;false;plains;3
1402;42;110;1;land;false;plains;3
1403;31;77;1;land;false;plains;3
1404;50;130;1;land;false;plains;3
1405;44;111;1;land;false;plains;3
1406;29;120;1;land;false;plains;3
1407;2;103;1;land;false;plains;3
1408;15;108;1;land;false;plains;3
1409;14;108;1;land;false;plains;3
1410;14;144;1;land;false;plains;3
1411;42;86;1;land;false;plains;3
1412;42;143;1;land;false;plains;3
1413;29;83;1;land;false;plains;3
1414;35;70;1;land;false;plains;3
1415;13;130;1;land;false;plains;3
1416;7;114;1;land;false;plains;3
1417;43;135;1;land;false;plains;3
1418;28;138;1;land;false;plains;3
1419;2;113;1;land;false;plains;3
1420;62;104;1;land;false;plains;3
1421;52;123;1;land;false;plains;3
1422;25;148;1;land;false;plains;3
1423;14;94;1;land;false;plains;3
1424;24;143;1;land;false;plains;3
1425;88;92;1;land;false;plains;3
1426;23;130;1;land;false;plains;3
1427;54;87;1;land;false;plains;3
1428;92;82;1;land;false;plains;3
1429;48;102;1;land;false;plains;3
1430;52;144;1;land;false;plains;3
1431;64;132;1;land;false;plains;3
1432;86;148;1;land;false;plains;3
1433;14;152;1;land;false;plains;3
1434;81;135;1;land;false;plains;3
1435;74;141;1;land;false;plains;3
1436;60;121;1;land;false;forest;3
1437;60;107;1;land;false;plains;3
1438;47;153;1;land;false;plains;3
1439;15;153;1;land;false;plains;3
1440;89;116;1;land;false;plains;3
1441;27;103;1;land;false;plains;3
1442;198;72;1;land;false;plains;3
1443;208;127;1;land;false;plains;3
1444;238;52;1;land;false;plains;3
1445;227;67;1;land;false;plains;3
1446;235;96;1;land;false;plains;3
1447;233;72;1;land;false;plains;3
1448;201;74;1;land;false;plains;3
1449;222;93;1;land;false;plains;3
1450;203;119;1;land;false;plains;3
1451;254;104;1;land;false;plains;3
1452;191;93;1;land;false;plains;3
1453;221;57;1;land;false;plains;3
1454;228;88;1;land;false;plains;3
1455;233;61;1;land;false;plains;3
1456;227;79;1;land;false;plains;3
1457;193;91;1;land;false;plains;3
1458;202;91;1;land;false;plains;3
1459;242;56;1;land;false;plains;3
1460;233;124;1;land;false;plains;3
1461;213;54;1;land;false;plains;3
1462;222;119;1;land;false;plains;3
1463;195;124;1;land;false;plains;3
1464;219;74;1;land;false;plains;3
1465;245;56;1;land;false;plains;3
1466;202;113;1;land;false;plains;3
1467;219;99;1;land;false;plains;3
1468;202;107;1;land;false;forest;3
1469;223;59;1;land;false;plains;3
1470;181;183;1;land;false;plains;3
1471;234;166;1;land;false;plains;3
1472;226;153;1;land;false;plains;3
1473;237;189;1;land;false;plains;3
1474;232;135;1;land;false;plains;3
1475;198;150;1;land;false;plains;3
1476;222;201;1;land;false;plains;3
1477;203;130;1;land;false;plains;3
1478;215;194;1;land;false;plains;3
1479;171;141;1;land;false;plains;3
1480;197;137;1;land;false;plains;3
1481;243;203;1;land;false;plains;3
1482;219;173;1;land;false;plains;3
1483;224;162;1;land;false;plains;3
1484;207;165;1;land;false;plains;3
1485;233;150;1;land;false;plains;3
1486;181;197;1;land;false;plains;3
1487;141;166;1;land;false;plains;3
1488;200;194;1;land;false;plains;3
1489;189;146;1;land;false;plains;3
1490;156;176;1;land;false;plains;3
1491;146;154;1;land;false;plains;3
1492;166;197;1;land;false;plains;3
1493;134;218;1;land;false;plains;3
1494;172;185;1;land;false;plains;3
1495;199;186;1;land;false;plains;3
1496;155;207;1;land;false;plains;3
1497;207;171;1;land;false;plains;3
1498;141;177;1;land;false;plains;3
1499;163;153;1;land;false;plains;3
1500;204;151;1;land;false;plains;3
1501;158;197;1;land;false;plains;3
1502;153;185;1;land;false;plains;3
1503;145;205;1;land;false;plains;3
1504;177;186;1;land;false;plains;3
1505;145;182;1;land;false;plains;3
1506;194;148;1;land;false;plains;3
1507;208;219;1;land;false;plains;3
1508;182;216;1;land;false;plains;3
1509;172;163;1;land;false;plains;3
1510;158;148;1;land;false;plains;3
1511;197;154;1;land;false;plains;3
1512;209;209;1;land;false;plains;3
1513;192;201;1;land;false;plains;3
1514;196;180;1;land;false;plains;3
1515;141;169;1;land;false;plains;3
1516;195;158;1;land;false;plains;3
1517;210;218;1;land;false;plains;3
1518;59;24;1;land;false;plains;3
1519;26;60;1;land;false;plains;3
1520;57;48;1;land;false;plains;3
1521;3;44;1;land;false;forest;3
1522;2;59;1;land;false;forest;3
1523;40;25;1;land;false;plains;3
1524;19;53;1;land;false;plains;3
1525;19;2;1;land;false;plains;3
1526;75;47;1;land;false;plains;3
1527;22;62;1;land;false;plains;3
1528;39;27;1;land;false;plains;3
1529;27;10;1;land;false;plains;3
1530;31;31;1;land;false;plains;3
1531;33;47;1;land;false;plains;3
1532;53;13;1;land;false;forest;3
1533;72;3;1;land;false;plains;3
1534;54;26;1;land;false;plains;3
1535;10;31;1;land;false;plains;3
1536;78;62;1;land;false;plains;3
1537;54;57;1;land;false;plains;3
1538;35;34;1;land;false;plains;3
1539;14;42;1;land;false;plains;3
1540;46;23;1;land;false;plains;3
1541;46;44;1;land;false;plains;3
1542;22;35;1;land;false;forest;3
1543;67;54;1;land;false;plains;3
1544;65;18;1;land;false;plains;3
1545;19;42;1;land;false;plains;3
1546;52;59;1;land;false;plains;3
1547;13;50;1;land;false;plains;3
1548;46;5;1;land;false;plains;3
1549;54;58;1;land;false;plains;3
1550;60;20;1;land;false;plains;3
1551;31;37;1;land;false;plains;3
1552;56;23;1;land;false;forest;3
1553;69;50;1;land;false;plains;3
1554;31;5;1;land;false;forest;3
1555;8;36;1;land;false;plains;3
1556;0;1;1;land;false;plains;3
1557;76;19;1;land;false;plains;3
1558;0;33;1;land;false;plains;3
1559;37;31;1;land;false;forest;3
1560;45;19;1;land;false;plains;3
1561;48;54;1;land;false;plains;3
1562;65;38;1;land;false;plains;3
1563;11;11;1;land;false;plains;3
1564;75;63;1;land;false;plains;3
1565;41;54;1;land;false;plains;3
1566;51;54;1;land;false;plains;3
1567;21;36;1;land;false;plains;3
1568;72;1;1;land;false;plains;3
1569;57;8;1;land;false;plains;3
1570;16;49;1;land;false;plains;3
1571;77;1;1;land;false;plains;3
1572;1;33;1;land;false;plains;3
1573;65;4;1;land;false;plains;3
1574;52;54;1;land;false;plains;3
1575;65;3;1;land;false;plains;3
1576;10;66;1;land;false;plains;3
1577;137;1;1;land;false;plains;3
1578;139;42;1;land;false;plains;3
1579;150;9;1;land;false;plains;3
1580;183;15;1;land;false;plains;3
1581;175;43;1;land;false;plains;3
1582;149;5;1;land;false;plains;3
1583;165;15;1;land;false;plains;3
1584;116;20;1;land;false;plains;3
1585;179;44;1;land;false;plains;3
1586;153;45;1;land;false;plains;3
1587;177;31;1;land;false;plains;3
1588;154;28;1;land;false;plains;3
1589;177;22;1;land;false;plains;3
1590;176;43;1;land;false;plains;3
1591;183;24;1;land;false;plains;3
1592;164;2;1;land;false;plains;3
1593;156;25;1;land;false;plains;3
1594;134;31;1;land;false;plains;3
1595;172;37;1;land;false;plains;3
1596;180;38;1;land;false;plains;3
1597;188;27;1;land;false;plains;3
1598;185;27;1;land;false;plains;3
1599;118;32;1;land;false;plains;3
1600;121;0;1;land;false;plains;3
1601;121;6;1;land;false;plains;3
1602;124;0;1;land;false;plains;3
1603;132;34;1;land;false;plains;3
1604;130;10;1;land;false;plains;3
1605;115;17;1;land;false;plains;3
1606;132;26;1;land;false;plains;3
1607;178;11;1;land;false;plains;3
1608;135;64;1;land;false;forest;3
1609;111;35;1;land;false;forest;3
1610;91;32;1;land;false;plains;3
1611;90;45;1;land;false;plains;3
1612;98;15;1;land;false;forest;3
1613;123;19;1;land;false;plains;3
1614;52;216;1;land;false;plains;3
1615;93;208;1;land;false;plains;3
1616;123;241;1;land;false;forest;3
1617;107;210;1;land;false;plains;3
1618;117;177;1;land;false;plains;3
1619;84;213;1;land;false;plains;3
1620;84;210;1;land;false;plains;3
1621;68;233;1;land;false;plains;3
1622;63;188;1;land;false;forest;3
1623;80;199;1;land;false;plains;3
1624;108;187;1;land;false;forest;3
1625;103;204;1;land;false;plains;3
1626;66;254;1;land;false;forest;3
1627;61;176;1;land;false;plains;3
1628;63;254;1;land;false;plains;3
1629;62;247;1;land;false;plains;3
1630;53;230;1;land;false;plains;3
1631;79;252;1;land;false;plains;3
1632;78;230;1;land;false;plains;3
1633;128;253;1;land;false;plains;3
1634;125;192;1;land;false;forest;3
1635;75;204;1;land;false;forest;3
1636;69;251;1;land;false;forest;3
1637;127;200;1;land;false;plains;3
1638;107;230;1;land;false;forest;3
1639;88;244;1;land;false;plains;3
1640;77;182;1;land;false;plains;3
1641;121;248;1;land;false;plains;3
1642;101;200;1;land;false;plains;3
1643;73;218;1;land;false;plains;3
1644;101;215;1;land;false;plains;3
1645;61;179;1;land;false;plains;3
1646;123;216;1;land;false;forest;3
1647;75;221;1;land;false;forest;3
1648;72;233;1;land;false;forest;3
1649;112;253;1;land;false;plains;3
1650;63;238;1;land;false;plains;3
1651;83;220;1;land;false;forest;3
1652;53;182;1;land;false;plains;3
1653;65;196;1;land;false;forest;3
1654;91;191;1;land;false;plains;3
1655;100;242;1;land;false;plains;3
1656;127;192;1;land;false;plains;3
1657;80;178;1;land;false;plains;3
1658;96;222;1;land;false;plains;3
1659;70;203;1;land;false;plains;3
1660;221;243;1;land;false;plains;3
1661;253;227;1;land;false;plains;3
1662;247;242;1;land;false;plains;3
1663;212;218;1;land;false;plains;3
1664;238;253;1;land;false;plains;3
1665;189;239;1;land;false;plains;3
1666;190;236;1;land;false;plains;3
1667;224;254;1;land;false;plains;3
1668;181;250;1;land;false;plains;3
1669;239;215;1;land;false;plains;3
1670;230;228;1;land;false;plains;3
1671;220;248;1;land;false;plains;3
1672;206;217;1;land;false;plains;3
1673;199;241;1;land;false;plains;3
1674;212;215;1;land;false;plains;3
1675;230;229;1;land;false;plains;3
1676;201;222;1;land;false;plains;3
1677;219;214;1;land;false;plains;3
1678;197;217;1;land;false;plains;3
1679;199;225;1;land;false;plains;3
1680;224;220;1;land;false;plains;3
1681;248;244;1;land;false;plains;3
1682;213;229;1;land;false;plains;3
1683;243;244;1;land;false;plains;3
1684;186;252;1;land;false;plains;3
1685;216;243;1;land;false;plains;3
1686;217;77;1;land;false;plains;3
1687;227;53;1;land;false;plains;3
1688;224;125;1;land;false;plains;3
1689;220;51;1;land;false;plains;3
1690;209;53;1;land;false;plains;3
1691;252;100;1;land;false;plains;3
1692;216;92;1;land;false;plains;3
1693;214;119;1;land;false;plains;3
1694;214;106;1;land;false;plains;3
1695;242;53;1;land;false;plains;3
1696;222;85;1;land;false;plains;3
1697;210;108;1;land;false;plains;3
1698;223;96;1;land;false;plains;3
1699;245;102;1;land;false;plains;3
1700;245;62;1;land;false;plains;3
1701;224;65;1;land;false;plains;3
1702;225;110;1;land;false;plains;3
1703;216;69;1;land;false;plains;3
1704;240;59;1;land;false;plains;3
1705;210;96;1;land;false;plains;3
1706;244;116;1;land;false;plains;3
1707;219;96;1;land;false;plains;3
1708;242;79;1;land;false;plains;3
1709;206;87;1;land;false;plains;3
1710;214;226;1;land;false;plains;3
1711;230;211;1;land;false;plains;3
1712;221;244;1;land;false;plains;3
1713;249;217;1;land;false;plains;3
1714;212;232;1;land;false;plains;3
1715;240;205;1;land;false;plains;3
1716;229;193;1;land;false;plains;3
1717;238;191;1;land;false;plains;3
1718;212;236;1;land;false;plains;3
1719;224;199;1;land;false;plains;3
1720;209;241;1;land;false;plains;3
1721;213;211;1;land;false;plains;3
1722;230;246;1;land;false;plains;3
1723;233;214;1;land;false;plains;3
1724;236;237;1;land;false;plains;3
1725;209;214;1;land;false;plains;3
1726;230;248;1;land;false;plains;3
1727;217;237;1;land;false;plains;3
1728;206;195;1;land;false;plains;3
1729;236;220;1;land;false;plains;3
1730;216;224;1;land;false;plains;3
1731;239;212;1;land;false;plains;3
1732;183;68;1;land;false;forest;3
1733;135;66;1;land;false;plains;3
1734;187;33;1;land;false;plains;3
1735;170;33;1;land;false;plains;3
1736;164;60;1;land;false;plains;3
1737;150;26;1;land;false;plains;3
1738;200;89;1;land;false;plains;3
1739;135;75;1;land;false;plains;3
1740;123;76;1;land;false;plains;3
1741;135;62;1;land;false;plains;3
1742;142;39;1;land;false;forest;3
1743;147;65;1;land;false;plains;3
1744;165;31;1;land;false;plains;3
1745;123;92;1;land;false;plains;3
1746;154;57;1;land;false;forest;3
1747;165;44;1;land;false;plains;3
1748;135;84;1;land;false;plains;3
1749;127;49;1;land;false;plains;3
1750;187;129;1;land;false;plains;3
1751;254;151;1;land;false;plains;3
1752;212;158;1;land;false;plains;3
1753;191;139;1;land;false;plains;3
1754;199;145;1;land;false;plains;3
1755;183;160;1;land;false;plains;3
1756;186;142;1;land;false;plains;3
1757;250;161;1;land;false;plains;3
1758;223;160;1;land;false;plains;3
1759;226;161;1;land;false;plains;3
1760;239;117;1;land;false;plains;3
1761;210;177;1;land;false;plains;3
1762;219;171;1;land;false;plains;3
1763;215;122;1;land;false;plains;3
1764;247;153;1;land;false;plains;3
1765;250;148;1;land;false;plains;3
1766;214;130;1;land;false;plains;3
1767;212;117;1;land;false;plains;3
1768;245;165;1;land;false;plains;3
1769;226;100;1;land;false;plains;3
1770;235;148;1;land;false;plains;3
1771;138;193;1;land;false;plains;3
1772;120;208;1;land;false;plains;3
1773;152;198;1;land;false;plains;3
1774;156;197;1;land;false;plains;3
1775;106;206;1;land;false;plains;3
1776;166;221;1;land;false;plains;3
1777;141;235;1;land;false;plains;3
1778;178;235;1;land;false;plains;3
1779;125;243;1;land;false;plains;3
1780;103;212;1;land;false;plains;3
1781;125;188;1;land;false;plains;3
1782;136;245;1;land;false;plains;3
1783;149;192;1;land;false;plains;3
1784;173;211;1;land;false;plains;3
1785;137;207;1;land;false;plains;3
1786;172;250;1;land;false;plains;3
1787;160;226;1;land;false;plains;3
1788;144;249;1;land;false;plains;3
1789;107;234;1;land;false;plains;3
1790;122;247;1;land;false;plains;3
1791;117;221;1;land;false;plains;3
1792;165;248;1;land;false;plains;3
1793;142;235;1;land;false;plains;3
1794;165;235;1;land;false;plains;3
1795;156;194;1;land;false;plains;3
1796;119;202;1;land;false;forest;3
1797;141;245;1;land;false;plains;3
1798;114;193;1;land;false;plains;3
1799;139;215;1;land;false;forest;3
1800;139;228;1;land;false;plains;3
1801;114;196;1;land;false;plains;3
1802;143;228;1;land;false;plains;3
1803;126;222;1;land;false;plains;3
1804;107;250;1;land;false;plains;3
1805;154;236;1;land;false;plains;3
1806;121;191;1;land;false;plains;3
1807;111;213;1;land;false;plains;3
1808;103;245;1;land;false;plains;3
1809;168;212;1;land;false;plains;3
1810;133;219;1;land;false;plains;3
1811;114;249;1;land;false;plains;3
1812;108;225;1;land;false;plains;3
1813;155;247;1;land;false;plains;3
1814;137;220;1;land;false;plains;3
1815;150;240;1;land;false;plains;3
1816;151;214;1;land;false;forest;3
1817;149;246;1;land;false;plains;3
1818;170;244;1;land;false;plains;3
1819;154;244;1;land;false;plains;3
1820;169;206;1;land;false;forest;3
1821;182;250;1;land;false;plains;3
1822;168;238;1;land;false;plains;3
1823;169;245;1;land;false;forest;3
1824;160;244;1;land;false;plains;3
1825;124;232;1;land;false;plains;3
1826;114;220;1;land;false;plains;3
1827;163;190;1;land;false;plains;3
1828;120;244;1;land;false;plains;3
1829;177;195;1;land;false;plains;3
1830;146;190;1;land;false;plains;3
1831;182;237;1;land;false;plains;3
1832;112;190;1;land;false;plains;3
1833;131;245;1;land;false;plains;3
1834;148;224;1;land;false;plains;3
1835;110;211;1;land;false;plains;3
1836;125;208;1;land;false;plains;3
1837;142;212;1;land;false;plains;3
1838;127;210;1;land;false;plains;3
1839;70;75;1;land;false;plains;3
1840;22;95;1;land;false;plains;3
1841;47;102;1;land;false;plains;3
1842;22;121;1;land;false;plains;3
1843;55;109;1;land;false;plains;3
1844;89;48;1;land;false;plains;3
1845;93;44;1;land;false;plains;3
1846;79;87;1;land;false;plains;3
1847;98;46;1;land;false;plains;3
1848;48;43;1;land;false;plains;3
1849;64;122;1;land;false;plains;3
1850;84;54;1;land;false;plains;3
1851;81;141;1;land;false;plains;3
1852;115;187;1;land;false;forest;3
1853;85;175;1;land;false;forest;3
1854;78;157;1;land;false;plains;3
1855;65;169;1;land;false;plains;3
1856;49;152;1;land;false;plains;3
1857;56;202;1;land;false;plains;3
1858;74;167;1;land;false;plains;3
1859;91;199;1;land;false;plains;3
1860;102;145;1;land;false;plains;3
1861;45;189;1;land;false;forest;3
1862;70;192;1;land;false;plains;3
1863;49;198;1;land;false;plains;3
1864;101;177;1;land;false;forest;3
1865;92;179;1;land;false;forest;3
1866;101;186;1;land;false;plains;3
1867;48;180;1;land;false;plains;3
1868;90;138;1;land;false;plains;3
1869;46;187;1;land;false;plains;3
1870;50;141;1;land;false;plains;3
1871;71;193;1;land;false;plains;3
1872;111;214;1;land;false;plains;3
1873;60;173;1;land;false;plains;3
1874;56;166;1;land;false;plains;3
1875;55;178;1;land;false;plains;3
1876;114;148;1;land;false;plains;3
1877;111;173;1;land;false;plains;3
1878;57;201;1;land;false;forest;3
1879;123;180;1;land;false;plains;3
1880;72;211;1;land;false;plains;3
1881;65;195;1;land;false;forest;3
1882;81;196;1;land;false;plains;3
1883;98;212;1;land;false;plains;3
1884;112;147;1;land;false;forest;3
1885;97;203;1;land;false;forest;3
1886;116;212;1;land;false;plains;3
1887;112;172;1;land;false;plains;3
1888;67;155;1;land;false;plains;3
1889;83;198;1;land;false;plains;3
1890;58;214;1;land;false;plains;3
1891;44;136;1;land;false;plains;3
1892;73;160;1;land;false;forest;3
1893;82;191;1;land;false;plains;3
1894;62;211;1;land;false;forest;3
1895;39;100;1;land;false;forest;3
1896;31;61;1;land;false;plains;3
1897;13;55;1;land;false;plains;3
1898;29;34;1;land;false;plains;3
1899;32;87;1;land;false;plains;3
1900;15;65;1;land;false;forest;3
1901;8;43;1;land;false;forest;3
1902;17;36;1;land;false;forest;3
1903;43;72;1;land;false;forest;3
1904;33;55;1;land;false;plains;3
1905;0;90;1;land;false;plains;3
1906;45;90;1;land;false;forest;3
1907;12;56;1;land;false;plains;3
1908;38;25;1;land;false;forest;3
1909;0;65;1;land;false;forest;3
1910;21;61;1;land;false;forest;3
1911;30;33;1;land;false;plains;3
1912;13;83;1;land;false;forest;3
1913;2;55;1;land;false;forest;3
1914;39;40;1;land;false;plains;3
1915;37;99;1;land;false;forest;3
1916;38;98;1;land;false;plains;3
1917;3;78;1;land;false;forest;3
1918;145;146;1;land;false;plains;3
1919;193;155;1;land;false;plains;3
1920;157;195;1;land;false;plains;3
1921;179;128;1;land;false;plains;3
1922;186;146;1;land;false;plains;3
1923;205;125;1;land;false;plains;3
1924;196;143;1;land;false;plains;3
1925;215;136;1;land;false;plains;3
1926;186;185;1;land;false;plains;3
1927;216;169;1;land;false;plains;3
1928;170;148;1;land;false;plains;3
1929;149;144;1;land;false;plains;3
1930;193;172;1;land;false;plains;3
1931;166;127;1;land;false;plains;3
1932;209;177;1;land;false;plains;3
1933;180;171;1;land;false;plains;3
1934;143;188;1;land;false;plains;3
1935;94;192;1;land;false;plains;3
1936;79;224;1;land;false;plains;3
1937;124;173;1;land;false;plains;3
1938;112;209;1;land;false;plains;3
1939;117;182;1;land;false;plains;3
1940;60;241;1;land;false;plains;3
1941;118;204;1;land;false;plains;3
1942;62;198;1;land;false;plains;3
1943;93;243;1;land;false;plains;3
1944;87;197;1;land;false;plains;3
1945;102;179;1;land;false;plains;3
1946;93;222;1;land;false;plains;3
1947;61;216;1;land;false;plains;3
1948;78;194;1;land;false;plains;3
1949;127;235;1;land;false;plains;3
1950;64;169;1;land;false;plains;3
1951;70;189;1;land;false;plains;3
1952;116;175;1;land;false;plains;3
1953;61;65;1;land;false;plains;3
1954;42;50;1;land;false;plains;3
1955;3;106;1;land;false;plains;3
1956;67;98;1;land;false;plains;3
1957;34;66;1;land;false;plains;3
1958;10;46;1;land;false;plains;3
1959;46;101;1;land;false;plains;3
1960;17;90;1;land;false;plains;3
1961;7;99;1;land;false;plains;3
1962;29;78;1;land;false;plains;3
1963;18;104;1;land;false;plains;3
1964;21;50;1;land;false;plains;3
1965;70;60;1;land;false;plains;3
1966;70;78;1;land;false;plains;3
1967;33;38;1;land;false;plains;3
1968;31;78;1;land;false;plains;3
1969;11;95;1;land;false;plains;3
1970;6;41;1;land;false;plains;3
1971;62;49;1;land;false;plains;3
1972;37;58;1;land;false;plains;3
1973;224;176;1;land;false;plains;3
1974;222;196;1;land;false;plains;3
1975;189;170;1;land;false;plains;3
1976;220;179;1;land;false;plains;3
1977;192;204;1;land;false;forest;3
1978;218;219;1;land;false;plains;3
1979;149;229;1;land;false;plains;3
1980;213;244;1;land;false;forest;3
1981;224;214;1;land;false;plains;3
1982;155;218;1;land;false;plains;3
1983;225;205;1;land;false;plains;3
1984;99;64;1;land;false;plains;3
1985;76;61;1;land;false;plains;3
1986;135;15;1;land;false;forest;3
1987;98;44;1;land;false;forest;3
1988;121;41;1;land;false;plains;3
1989;140;25;1;land;false;plains;3
1990;137;44;1;land;false;forest;3
1991;139;39;1;land;false;plains;3
1992;134;27;1;land;false;forest;3
1993;134;38;1;land;false;forest;3
1994;130;6;1;land;false;forest;3
1995;91;58;1;land;false;forest;3
1996;140;68;1;land;false;plains;3
1997;87;28;1;land;false;forest;3
1998;97;17;1;land;false;forest;3
1999;141;73;1;land;false;forest;3
2000;85;28;1;land;false;plains;3
2001;104;84;1;land;false;forest;3
2002;91;24;1;land;false;forest;3
2003;141;22;1;land;false;plains;3
2004;138;19;1;land;false;forest;3
2005;81;36;1;land;false;plains;3
2006;172;136;1;land;false;plains;3
2007;221;99;1;land;false;plains;3
2008;226;135;1;land;false;plains;3
2009;233;101;1;land;false;forest;3
2010;160;121;1;land;false;plains;3
2011;183;138;1;land;false;plains;3
2012;237;137;1;land;false;plains;3
2013;183;127;1;land;false;plains;3
2014;185;167;1;land;false;plains;3
2015;237;102;1;land;false;plains;3
2016;174;100;1;land;false;plains;3
2017;183;100;1;land;false;plains;3
2018;164;111;1;land;false;plains;3
2019;238;121;1;land;false;plains;3
2020;205;107;1;land;false;plains;3
2021;161;96;1;land;false;plains;3
2022;164;138;1;land;false;plains;3
2023;214;162;1;land;false;forest;3
2024;184;127;1;land;false;forest;3
2025;201;149;1;land;false;forest;3
2026;162;150;1;land;false;plains;3
2027;207;102;1;land;false;plains;3
2028;181;155;1;land;false;plains;3
2029;198;95;1;land;false;plains;3
2030;206;144;1;land;false;plains;3
2031;203;150;1;land;false;forest;3
2032;214;103;1;land;false;plains;3
2033;231;167;1;land;false;plains;3
2034;214;151;1;land;false;plains;3
2035;197;157;1;land;false;plains;3
2036;203;90;1;land;false;plains;3
2037;238;159;1;land;false;plains;3
2038;195;133;1;land;false;forest;3
2039;223;103;1;land;false;plains;3
2040;199;142;1;land;false;forest;3
2041;222;88;1;land;false;plains;3
2042;235;149;1;land;false;forest;3
2043;196;159;1;land;false;plains;3
2044;236;142;1;land;false;plains;3
2045;208;95;1;land;false;plains;3
2046;213;91;1;land;false;plains;3
2047;170;112;1;land;false;plains;3
2048;213;152;1;land;false;plains;3
2049;171;143;1;land;false;plains;3
2050;216;143;1;land;false;plains;3
2051;218;105;1;land;false;forest;3
2052;179;140;1;land;false;plains;3
2053;204;91;1;land;false;forest;3
2054;231;153;1;land;false;plains;3
2055;227;166;1;land;false;plains;3
2056;226;99;1;land;false;plains;3
2057;236;107;1;land;false;plains;3
2058;218;63;1;land;false;plains;3
2059;232;17;1;land;false;plains;3
2060;222;32;1;land;false;plains;3
2061;232;50;1;land;false;plains;3
2062;230;64;1;land;false;plains;3
2063;249;81;1;land;false;plains;3
2064;228;83;1;land;false;plains;3
2065;211;80;1;land;false;plains;3
2066;204;28;1;land;false;plains;3
2067;222;24;1;land;false;plains;3
2068;253;34;1;land;false;plains;3
2069;245;72;1;land;false;plains;3
2070;216;38;1;land;false;plains;3
2071;200;29;1;land;false;plains;3
2072;241;84;1;land;false;plains;3
2073;212;57;1;land;false;plains;3
2074;201;39;1;land;false;plains;3
2075;219;43;1;land;false;plains;3
2076;252;45;1;land;false;plains;3
2077;221;54;1;land;false;plains;3
2078;16;203;1;land;false;plains;3
2079;10;165;1;land;false;plains;3
2080;44;201;1;land;false;plains;3
2081;9;212;1;land;false;plains;3
2082;51;207;1;land;false;plains;3
2083;4;213;1;land;false;plains;3
2084;45;185;1;land;false;plains;3
2085;15;185;1;land;false;plains;3
2086;36;190;1;land;false;plains;3
2087;56;154;1;land;false;plains;3
2088;3;151;1;land;false;plains;3
2089;46;175;1;land;false;plains;3
2090;16;180;1;land;false;plains;3
2091;2;179;1;land;false;plains;3
2092;55;189;1;land;false;plains;3
2093;66;216;1;land;false;plains;3
2094;21;178;1;land;false;plains;3
2095;24;192;1;land;false;plains;3
2096;39;157;1;land;false;plains;3
2097;1;209;1;land;false;plains;3
2098;122;58;1;land;false;forest;3
2099;100;62;1;land;false;plains;3
2100;120;21;1;land;false;forest;3
2101;164;74;1;land;false;forest;3
2102;102;80;1;land;false;forest;3
2103;175;51;1;land;false;plains;3
2104;159;36;1;land;false;forest;3
2105;130;40;1;land;false;forest;3
2106;155;69;1;land;false;forest;3
2107;167;45;1;land;false;forest;3
2108;147;34;1;land;false;forest;3
2109;147;78;1;land;false;plains;3
2110;177;80;1;land;false;forest;3
2111;102;20;1;land;false;plains;3
2112;151;29;1;land;false;plains;3
2113;153;42;1;land;false;plains;3
2114;165;14;1;land;false;plains;3
2115;136;46;1;land;false;plains;3
2116;72;115;1;land;false;plains;2
2117;26;135;1;land;false;plains;2
2118;69;154;1;land;false;plains;2
2119;46;176;1;land;false;plains;2
2120;85;102;1;land;false;plains;2
2121;51;112;1;land;false;desert;2
2122;36;101;1;land;false;plains;2
2123;17;125;1;land;false;plains;2
2124;17;137;1;land;false;plains;2
2125;31;144;1;land;false;plains;2
2126;30;131;1;land;false;plains;2
2127;76;115;1;land;false;plains;2
2128;89;137;1;land;false;plains;2
2129;68;119;1;land;false;plains;2
2130;63;104;1;land;false;plains;2
2131;78;143;1;land;false;plains;2
2132;58;171;1;land;false;desert;2
2133;92;142;1;land;false;desert;2
2134;68;163;1;land;false;plains;2
2135;53;103;1;land;false;plains;2
2136;31;103;1;land;false;desert;2
2137;40;102;1;land;false;plains;2
2138;47;155;1;land;false;plains;2
2139;55;160;1;land;false;desert;2
2140;70;129;1;land;false;desert;2
2141;39;163;1;land;false;plains;2
2142;82;111;1;land;false;plains;2
2143;80;140;1;land;false;plains;2
2144;34;159;1;land;false;desert;2
2145;76;110;1;land;false;plains;2
2146;17;126;1;land;false;plains;2
2147;23;176;1;land;false;plains;2
2148;43;147;1;land;false;plains;2
2149;23;150;1;land;false;plains;2
2150;45;153;1;land;false;plains;2
2151;53;90;1;land;false;plains;2
2152;31;118;1;land;false;plains;2
2153;5;122;1;land;false;plains;2
2154;67;190;1;land;false;plains;2
2155;5;248;1;land;false;plains;2
2156;71;211;1;land;false;plains;2
2157;4;214;1;land;false;forest;2
2158;5;225;1;land;false;jungle;2
2159;30;250;1;land;false;forest;2
2160;25;236;1;land;false;forest;2
2161;10;212;1;land;false;plains;2
2162;36;246;1;land;false;plains;2
2163;47;217;1;land;false;forest;2
2164;38;252;1;land;false;forest;2
2165;78;187;1;land;false;forest;2
2166;34;245;1;land;false;forest;2
2167;1;187;1;land;false;plains;2
2168;51;211;1;land;false;jungle;2
2169;29;230;1;land;false;forest;2
2170;52;208;1;land;false;forest;2
2171;72;251;1;land;false;plains;2
2172;3;189;1;land;false;plains;2
2173;49;193;1;land;false;plains;2
2174;69;188;1;land;false;plains;2
2175;29;238;1;land;false;forest;2
2176;11;189;1;land;false;forest;2
2177;45;219;1;land;false;plains;2
2178;80;186;1;land;false;plains;2
2179;213;37;1;land;false;plains;2
2180;221;21;1;land;false;plains;2
2181;201;3;1;land;false;plains;2
2182;165;19;1;land;false;plains;2
2183;199;38;1;land;false;plains;2
2184;232;29;1;land;false;plains;2
2185;214;15;1;land;false;plains;2
2186;167;33;1;land;false;plains;2
2187;205;32;1;land;false;plains;2
2188;170;34;1;land;false;plains;2
2189;190;20;1;land;false;plains;2
2190;160;53;1;land;false;plains;2
2191;214;45;1;land;false;plains;2
2192;203;8;1;land;false;plains;2
2193;171;48;1;land;false;plains;2
2194;198;19;1;land;false;plains;2
2195;229;23;1;land;false;plains;2
2196;173;48;1;land;false;forest;2
2197;228;52;1;land;false;plains;2
2198;159;15;1;land;false;forest;2
2199;168;12;1;land;false;plains;2
2200;207;24;1;land;false;plains;2
2201;176;15;1;land;false;plains;2
2202;173;26;1;land;false;plains;2
2203;187;51;1;land;false;plains;2
2204;188;29;1;land;false;plains;2
2205;175;4;1;land;false;forest;2
2206;209;45;1;land;false;plains;2
2207;191;7;1;land;false;plains;2
2208;192;48;1;land;false;plains;2
2209;226;26;1;land;false;plains;2
2210;225;35;1;land;false;plains;2
2211;224;25;1;land;false;plains;2
2212;206;25;1;land;false;plains;2
2213;225;1;1;land;false;plains;2
2214;189;11;1;land;false;plains;2
2215;204;43;1;land;false;plains;2
2216;221;23;1;land;false;plains;2
2217;207;53;1;land;false;plains;2
2218;184;37;1;land;false;plains;2
2219;200;25;1;land;false;plains;2
2220;224;33;1;land;false;plains;2
2221;80;248;1;land;false;plains;2
2222;122;250;1;land;false;forest;2
2223;120;212;1;land;false;forest;2
2224;80;220;1;land;false;forest;2
2225;90;231;1;land;false;plains;2
2226;128;237;1;land;false;forest;2
2227;146;226;1;land;false;forest;2
2228;103;232;1;land;false;forest;2
2229;126;231;1;land;false;forest;2
2230;101;229;1;land;false;forest;2
2231;83;239;1;land;false;forest;2
2232;130;218;1;land;false;plains;2
2233;130;248;1;land;false;plains;2
2234;153;206;1;land;false;forest;2
2235;149;249;1;land;false;forest;2
2236;130;222;1;land;false;forest;2
2237;136;215;1;land;false;plains;2
2238;155;241;1;land;false;plains;2
2239;135;229;1;land;false;forest;2
2240;103;215;1;land;false;forest;2
2241;103;221;1;land;false;forest;2
2242;82;237;1;land;false;forest;2
2243;158;157;1;land;false;plains;2
2244;171;181;1;land;false;plains;2
2245;175;215;1;land;false;plains;2
2246;172;170;1;land;false;plains;2
2247;208;208;1;land;false;plains;2
2248;210;145;1;land;false;plains;2
2249;187;171;1;land;false;forest;2
2250;184;215;1;land;false;plains;2
2251;160;216;1;land;false;plains;2
2252;149;200;1;land;false;plains;2
2253;164;205;1;land;false;plains;2
2254;148;171;1;land;false;forest;2
2255;153;150;1;land;false;plains;2
2256;193;204;1;land;false;plains;2
2257;216;140;1;land;false;plains;2
2258;160;146;1;land;false;plains;2
2259;201;202;1;land;false;plains;2
2260;172;199;1;land;false;plains;2
2261;157;150;1;land;false;plains;2
2262;173;169;1;land;false;plains;2
2263;199;156;1;land;false;plains;2
2264;163;201;1;land;false;forest;2
2265;197;180;1;land;false;plains;2
2266;221;220;1;land;false;plains;2
2267;202;153;1;land;false;plains;2
2268;216;184;1;land;false;plains;2
2269;193;141;1;land;false;forest;2
2270;186;189;1;land;false;forest;2
2271;145;181;1;land;false;plains;2
2272;204;197;1;land;false;plains;2
2273;155;197;1;land;false;plains;2
2274;169;170;1;land;false;plains;2
2275;175;184;1;land;false;plains;2
2276;222;208;1;land;false;plains;2
2277;171;145;1;land;false;plains;2
2278;200;175;1;land;false;forest;2
2279;224;178;1;land;false;plains;2
2280;178;180;1;land;false;plains;2
2281;165;189;1;land;false;plains;2
2282;193;191;1;land;false;plains;2
2283;145;194;1;land;false;plains;2
2284;190;200;1;land;false;plains;2
2285;174;191;1;land;false;plains;2
2286;219;195;1;land;false;plains;2
2287;165;186;1;land;false;plains;2
2288;224;195;1;land;false;plains;2
2289;22;2;1;land;false;plains;2
2290;14;55;1;land;false;plains;2
2291;4;28;1;land;false;plains;2
2292;7;46;1;land;false;plains;2
2293;25;62;1;land;false;plains;2
2294;34;69;1;land;false;plains;2
2295;13;53;1;land;false;plains;2
2296;7;26;1;land;false;plains;2
2297;45;6;1;land;false;plains;2
2298;53;10;1;land;false;plains;2
2299;37;16;1;land;false;plains;2
2300;36;62;1;land;false;plains;2
2301;15;4;1;land;false;plains;2
2302;2;38;1;land;false;plains;2
2303;9;24;1;land;false;plains;2
2304;41;5;1;land;false;plains;2
2305;42;67;1;land;false;plains;2
2306;50;17;1;land;false;plains;2
2307;36;58;1;land;false;plains;2
2308;26;36;1;land;false;plains;2
2309;49;58;1;land;false;plains;2
2310;9;66;1;land;false;plains;2
2311;41;53;1;land;false;plains;2
2312;5;26;1;land;false;plains;2
2313;21;39;1;land;false;plains;2
2314;27;53;1;land;false;plains;2
2315;5;3;1;land;false;plains;2
2316;22;8;1;land;false;plains;2
2317;20;16;1;land;false;plains;2
2318;27;21;1;land;false;plains;2
2319;21;42;1;land;false;plains;2
2320;41;49;1;land;false;plains;2
2321;31;65;1;land;false;plains;2
2322;3;18;1;land;false;plains;2
2323;7;57;1;land;false;plains;2
2324;41;12;1;land;false;plains;2
2325;2;62;1;land;false;plains;2
2326;32;38;1;land;false;plains;2
2327;10;69;1;land;false;plains;2
2328;48;58;1;land;false;plains;2
2329;10;58;1;land;false;plains;2
2330;5;67;1;land;false;plains;2
2331;35;3;1;land;false;plains;2
2332;29;74;1;land;false;plains;2
2333;223;104;1;land;false;plains;2
2334;176;94;1;land;false;plains;2
2335;181;126;1;land;false;plains;2
2336;186;113;1;land;false;plains;2
2337;242;114;1;land;false;plains;2
2338;233;136;1;land;false;plains;2
2339;237;112;1;land;false;plains;2
2340;228;129;1;land;false;plains;2
2341;231;95;1;land;false;plains;2
2342;250;62;1;land;false;plains;2
2343;218;113;1;land;false;plains;2
2344;225;96;1;land;false;plains;2
2345;242;120;1;land;false;plains;2
2346;209;82;1;land;false;plains;2
2347;214;112;1;land;false;plains;2
2348;244;65;1;land;false;plains;2
2349;184;76;1;land;false;plains;2
2350;199;73;1;land;false;plains;2
2351;194;116;1;land;false;plains;2
2352;200;87;1;land;false;plains;2
2353;210;105;1;land;false;plains;2
2354;212;137;1;land;false;plains;2
2355;251;129;1;land;false;plains;2
2356;247;79;1;land;false;plains;2
2357;214;133;1;land;false;plains;2
2358;241;108;1;land;false;plains;2
2359;226;107;1;land;false;plains;2
2360;189;127;1;land;false;plains;2
2361;206;100;1;land;false;plains;2
2362;238;113;1;land;false;plains;2
2363;250;99;1;land;false;plains;2
2364;176;134;1;land;false;plains;2
2365;230;88;1;land;false;plains;2
2366;250;135;1;land;false;plains;2
2367;252;92;1;land;false;plains;2
2368;220;63;1;land;false;plains;2
2369;158;136;1;land;false;plains;2
2370;197;160;1;land;false;plains;2
2371;182;141;1;land;false;plains;2
2372;125;179;1;land;false;plains;2
2373;159;197;1;land;false;plains;2
2374;178;186;1;land;false;plains;2
2375;152;168;1;land;false;plains;2
2376;187;163;1;land;false;plains;2
2377;147;204;1;land;false;plains;2
2378;166;189;1;land;false;plains;2
2379;141;175;1;land;false;plains;2
2380;136;162;1;land;false;plains;2
2381;167;144;1;land;false;plains;2
2382;128;129;1;land;false;plains;2
2383;153;152;1;land;false;plains;2
2384;149;176;1;land;false;plains;2
2385;173;187;1;land;false;plains;2
2386;142;175;1;land;false;plains;2
2387;182;182;1;land;false;plains;2
2388;123;142;1;land;false;plains;2
2389;199;148;1;land;false;plains;2
2390;167;162;1;land;false;plains;2
2391;156;148;1;land;false;plains;2
2392;143;192;1;land;false;plains;2
2393;124;193;1;land;false;plains;2
2394;141;182;1;land;false;plains;2
2395;154;147;1;land;false;plains;2
2396;157;134;1;land;false;plains;2
2397;170;131;1;land;false;plains;2
2398;200;193;1;land;false;plains;2
2399;142;152;1;land;false;plains;2
2400;165;146;1;land;false;plains;2
2401;164;143;1;land;false;plains;2
2402;168;165;1;land;false;plains;2
2403;172;166;1;land;false;plains;2
2404;180;185;1;land;false;plains;2
2405;171;139;1;land;false;plains;2
2406;156;149;1;land;false;plains;2
2407;199;166;1;land;false;plains;2
2408;165;167;1;land;false;plains;2
2409;133;205;1;land;false;plains;2
2410;196;134;1;land;false;plains;2
2411;200;172;1;land;false;plains;2
2412;124;172;1;land;false;plains;2
2413;181;164;1;land;false;plains;2
2414;181;182;1;land;false;plains;2
2415;183;143;1;land;false;plains;2
2416;149;148;1;land;false;plains;2
2417;154;157;1;land;false;plains;2
2418;150;140;1;land;false;plains;2
2419;168;160;1;land;false;plains;2
2420;164;207;1;land;false;plains;2
2421;167;202;1;land;false;plains;2
2422;164;131;1;land;false;plains;2
2423;147;189;1;land;false;plains;2
2424;173;182;1;land;false;plains;2
2425;195;176;1;land;false;plains;2
2426;135;208;1;land;false;plains;2
2427;174;153;1;land;false;plains;2
2428;160;173;1;land;false;plains;2
2429;169;147;1;land;false;plains;2
2430;197;181;1;land;false;plains;2
2431;199;207;1;land;false;plains;2
2432;129;208;1;land;false;plains;2
2433;77;23;1;land;false;plains;2
2434;79;78;1;land;false;plains;2
2435;95;32;1;land;false;plains;2
2436;58;33;1;land;false;plains;2
2437;86;68;1;land;false;plains;2
2438;97;68;1;land;false;plains;2
2439;128;98;1;land;false;plains;2
2440;78;59;1;land;false;plains;2
2441;131;88;1;land;false;plains;2
2442;85;80;1;land;false;plains;2
2443;122;101;1;land;false;plains;2
2444;104;82;1;land;false;plains;2
2445;74;81;1;land;false;plains;2
2446;99;65;1;land;false;plains;2
2447;87;46;1;land;false;plains;2
2448;134;84;1;land;false;plains;2
2449;110;22;1;land;false;plains;2
2450;87;75;1;land;false;plains;2
2451;70;88;1;land;false;plains;2
2452;64;55;1;land;false;plains;2
2453;80;97;1;land;false;plains;2
2454;70;37;1;land;false;plains;2
2455;131;93;1;land;false;plains;2
2456;112;91;1;land;false;forest;2
2457;145;46;1;land;false;forest;2
2458;149;98;1;land;false;forest;2
2459;140;87;1;land;false;forest;2
2460;104;69;1;land;false;forest;2
2461;117;81;1;land;false;plains;2
2462;140;97;1;land;false;plains;2
2463;109;34;1;land;false;plains;2
2464;97;53;1;land;false;forest;2
2465;136;43;1;land;false;forest;2
2466;104;99;1;land;false;forest;2
2467;154;37;1;land;false;forest;2
2468;144;37;1;land;false;forest;2
2469;87;45;1;land;false;forest;2
2470;107;94;1;land;false;forest;2
2471;165;45;1;land;false;forest;2
2472;156;45;1;land;false;plains;2
2473;120;105;1;land;false;plains;2
2474;94;68;1;land;false;forest;2
2475;155;58;1;land;false;forest;2
2476;129;109;1;land;false;plains;2
2477;96;88;1;land;false;forest;2
2478;164;77;1;land;false;plains;2
2479;147;89;1;land;false;plains;2
2480;149;65;1;land;false;forest;2
2481;153;41;1;land;false;forest;2
2482;139;78;1;land;false;forest;2
2483;88;40;1;land;false;forest;2
2484;143;67;1;land;false;forest;2
2485;159;40;1;land;false;forest;2
2486;122;65;1;land;false;forest;2
2487;105;69;1;land;false;plains;2
2488;103;39;1;land;false;plains;2
2489;94;60;1;land;false;forest;2
2490;97;33;1;land;false;forest;2
2491;109;77;1;land;false;forest;2
2492;161;34;1;land;false;plains;2
2493;88;98;1;land;false;forest;2
2494;100;75;1;land;false;forest;2
2495;109;72;1;land;false;forest;2
2496;110;65;1;land;false;forest;2
2497;89;56;1;land;false;forest;2
2498;141;39;1;land;false;forest;2
2499;165;90;1;land;false;forest;2
2500;139;48;1;land;false;forest;2
2501;114;94;1;land;false;plains;2
2502;158;55;1;land;false;forest;2
2503;102;51;1;land;false;forest;2
2504;92;93;1;land;false;forest;2
2505;99;47;1;land;false;forest;2
2506;156;85;1;land;false;forest;2
2507;141;226;1;land;false;plains;2
2508;136;204;1;land;false;forest;2
2509;157;235;1;land;false;forest;2
2510;122;234;1;land;false;plains;2
2511;148;220;1;land;false;plains;2
2512;109;233;1;land;false;forest;2
2513;119;229;1;land;false;forest;2
2514;95;211;1;land;false;plains;2
2515;149;242;1;land;false;forest;2
2516;131;222;1;land;false;forest;2
2517;145;223;1;land;false;forest;2
2518;167;215;1;land;false;forest;2
2519;152;228;1;land;false;forest;2
2520;101;219;1;land;false;plains;2
2521;174;236;1;land;false;forest;2
2522;142;254;1;land;false;plains;2
2523;96;238;1;land;false;forest;2
2524;101;216;1;land;false;forest;2
2525;118;236;1;land;false;plains;2
2526;116;241;1;land;false;forest;2
2527;100;215;1;land;false;plains;2
2528;172;247;1;land;false;forest;2
2529;132;227;1;land;false;forest;2
2530;173;212;1;land;false;forest;2
2531;152;254;1;land;false;forest;2
2532;158;246;1;land;false;forest;2
2533;152;218;1;land;false;forest;2
2534;130;246;1;land;false;forest;2
2535;141;248;1;land;false;plains;2
2536;104;246;1;land;false;forest;2
2537;162;208;1;land;false;forest;2
2538;96;232;1;land;false;plains;2
2539;135;217;1;land;false;forest;2
2540;121;249;1;land;false;plains;2
2541;95;209;1;land;false;forest;2
2542;164;215;1;land;false;forest;2
2543;172;240;1;land;false;forest;2
2544;131;206;1;land;false;forest;2
2545;139;252;1;land;false;forest;2
2546;144;211;1;land;false;plains;2
2547;145;231;1;land;false;forest;2
2548;163;214;1;land;false;plains;2
2549;153;240;1;land;false;forest;2
2550;144;247;1;land;false;plains;2
2551;117;236;1;land;false;forest;2
2552;135;224;1;land;false;forest;2
2553;166;151;1;land;false;plains;2
2554;150;152;1;land;false;plains;2
2555;156;186;1;land;false;plains;2
2556;157;130;1;land;false;plains;2
2557;127;135;1;land;false;plains;2
2558;81;84;1;land;false;plains;2
2559;65;48;1;land;false;plains;2
2560;81;83;1;land;false;plains;2
2561;73;48;1;land;false;plains;2
2562;35;25;1;land;false;plains;2
2563;94;88;1;land;false;plains;2
2564;70;69;1;land;false;plains;2
2565;41;45;1;land;false;plains;2
2566;74;70;1;land;false;plains;2
2567;43;59;1;land;false;plains;2
2568;70;91;1;land;false;plains;2
2569;76;21;1;land;false;plains;2
2570;97;30;1;land;false;plains;2
2571;56;24;1;land;false;plains;2
2572;84;68;1;land;false;plains;2
2573;110;18;1;land;false;plains;2
2574;80;29;1;land;false;plains;2
2575;44;66;1;land;false;plains;2
2576;50;81;1;land;false;plains;2
2577;70;55;1;land;false;plains;2
2578;93;59;1;land;false;plains;2
2579;112;76;1;land;false;plains;2
2580;96;27;1;land;false;plains;2
2581;88;35;1;land;false;plains;2
2582;95;88;1;land;false;plains;2
2583;49;84;1;land;false;plains;2
2584;47;58;1;land;false;plains;2
2585;46;84;1;land;false;plains;2
2586;76;46;1;land;false;plains;2
2587;36;30;1;land;false;plains;2
2588;85;57;1;land;false;plains;2
2589;40;34;1;land;false;plains;2
2590;84;90;1;land;false;plains;2
2591;35;38;1;land;false;plains;2
2592;38;69;1;land;false;plains;2
2593;104;65;1;land;false;plains;2
2594;78;86;1;land;false;plains;2
2595;38;37;1;land;false;plains;2
2596;36;73;1;land;false;plains;2
2597;100;67;1;land;false;plains;2
2598;59;49;1;land;false;plains;2
2599;69;56;1;land;false;plains;2
2600;96;30;1;land;false;plains;2
2601;110;91;1;land;false;plains;2
2602;91;52;1;land;false;plains;2
2603;111;19;1;land;false;plains;2
2604;68;40;1;land;false;plains;2
2605;92;62;1;land;false;plains;2
2606;88;59;1;land;false;plains;2
2607;99;12;1;land;false;plains;2
2608;39;57;1;land;false;plains;2
2609;50;57;1;land;false;plains;2
2610;92;69;1;land;false;plains;2
2611;103;79;1;land;false;plains;2
2612;39;15;1;land;false;plains;2
2613;98;68;1;land;false;plains;2
2614;62;17;1;land;false;plains;2
2615;41;46;1;land;false;plains;2
2616;71;58;1;land;false;plains;2
2617;61;16;1;land;false;plains;2
2618;93;87;1;land;false;plains;2
2619;63;12;1;land;false;plains;2
2620;39;70;1;land;false;plains;2
2621;124;202;1;land;false;plains;2
2622;125;204;1;land;false;plains;2
2623;115;213;1;land;false;plains;2
2624;136;251;1;land;false;plains;2
2625;140;219;1;land;false;plains;2
2626;97;222;1;land;false;plains;2
2627;126;218;1;land;false;plains;2
2628;102;208;1;land;false;plains;2
2629;92;230;1;land;false;plains;2
2630;150;221;1;land;false;plains;2
2631;118;249;1;land;false;plains;2
2632;98;226;1;land;false;plains;2
2633;121;231;1;land;false;plains;2
2634;96;209;1;land;false;plains;2
2635;126;203;1;land;false;forest;2
2636;135;207;1;land;false;plains;2
2637;155;206;1;land;false;plains;2
2638;157;220;1;land;false;plains;2
2639;138;236;1;land;false;plains;2
2640;93;227;1;land;false;plains;2
2641;112;235;1;land;false;plains;2
2642;138;207;1;land;false;plains;2
2643;142;248;1;land;false;plains;2
2644;128;238;1;land;false;plains;2
2645;151;244;1;land;false;plains;2
2646;146;211;1;land;false;plains;2
2647;144;202;1;land;false;plains;2
2648;125;216;1;land;false;forest;2
2649;139;234;1;land;false;plains;2
2650;113;231;1;land;false;plains;2
2651;139;216;1;land;false;forest;2
2652;146;230;1;land;false;forest;2
2653;155;237;1;land;false;forest;2
2654;130;226;1;land;false;plains;2
2655;126;247;1;land;false;plains;2
2656;192;216;1;land;false;plains;2
2657;166;240;1;land;false;plains;2
2658;136;234;1;land;false;forest;2
2659;122;238;1;land;false;plains;2
2660;120;233;1;land;false;forest;2
2661;197;243;1;land;false;plains;2
2662;130;225;1;land;false;plains;2
2663;126;234;1;land;false;forest;2
2664;143;218;1;land;false;plains;2
2665;123;225;1;land;false;plains;2
2666;122;231;1;land;false;plains;2
2667;138;233;1;land;false;plains;2
2668;182;248;1;land;false;plains;2
2669;119;236;1;land;false;plains;2
2670;151;218;1;land;false;plains;2
2671;194;224;1;land;false;forest;2
2672;147;242;1;land;false;plains;2
2673;159;234;1;land;false;plains;2
2674;195;247;1;land;false;forest;2
2675;191;224;1;land;false;forest;2
2676;149;241;1;land;false;plains;2
2677;193;240;1;land;false;plains;2
2678;129;241;1;land;false;plains;2
2679;130;239;1;land;false;plains;2
2680;181;211;1;land;false;plains;2
2681;128;234;1;land;false;plains;2
2682;137;231;1;land;false;plains;2
2683;191;218;1;land;false;forest;2
2684;154;248;1;land;false;plains;2
2685;175;248;1;land;false;plains;2
2686;183;235;1;land;false;forest;2
2687;193;243;1;land;false;plains;2
2688;197;213;1;land;false;forest;2
2689;137;234;1;land;false;forest;2
2690;144;227;1;land;false;forest;2
2691;174;237;1;land;false;forest;2
2692;138;241;1;land;false;forest;2
2693;177;224;1;land;false;plains;2
2694;121;224;1;land;false;forest;2
2695;176;217;1;land;false;plains;2
2696;177;249;1;land;false;forest;2
2697;122;221;1;land;false;plains;2
2698;187;228;1;land;false;plains;2
2699;142;211;1;land;false;forest;2
2700;156;234;1;land;false;forest;2
2701;205;73;1;land;false;plains;2
2702;218;84;1;land;false;desert;2
2703;221;130;1;land;false;plains;2
2704;241;90;1;land;false;plains;2
2705;207;69;1;land;false;plains;2
2706;228;100;1;land;false;desert;2
2707;231;128;1;land;false;plains;2
2708;221;81;1;land;false;plains;2
2709;207;71;1;land;false;plains;2
2710;230;84;1;land;false;plains;2
2711;198;83;1;land;false;plains;2
2712;195;101;1;land;false;desert;2
2713;197;103;1;land;false;desert;2
2714;194;76;1;land;false;plains;2
2715;246;90;1;land;false;plains;2
2716;246;136;1;land;false;plains;2
2717;219;117;1;land;false;plains;2
2718;196;94;1;land;false;plains;2
2719;223;78;1;land;false;plains;2
2720;211;100;1;land;false;desert;2
2721;204;84;1;land;false;plains;2
2722;235;87;1;land;false;plains;2
2723;220;66;1;land;false;plains;2
2724;223;66;1;land;false;desert;2
2725;216;100;1;land;false;desert;2
2726;229;123;1;land;false;desert;2
2727;221;119;1;land;false;plains;2
2728;212;123;1;land;false;plains;2
2729;204;117;1;land;false;desert;2
2730;215;102;1;land;false;plains;2
2731;249;143;1;land;false;plains;2
2732;78;10;1;land;false;plains;2
2733;34;78;1;land;false;forest;2
2734;60;13;1;land;false;plains;2
2735;30;50;1;land;false;forest;2
2736;75;46;1;land;false;forest;2
2737;31;85;1;land;false;plains;2
2738;46;27;1;land;false;forest;2
2739;69;52;1;land;false;forest;2
2740;59;13;1;land;false;forest;2
2741;84;73;1;land;false;plains;2
2742;38;72;1;land;false;forest;2
2743;33;78;1;land;false;forest;2
2744;59;53;1;land;false;forest;2
2745;40;47;1;land;false;forest;2
2746;103;62;1;land;false;forest;2
2747;93;35;1;land;false;plains;2
2748;36;11;1;land;false;plains;2
2749;64;23;1;land;false;plains;2
2750;63;51;1;land;false;forest;2
2751;29;56;1;land;false;plains;2
2752;92;28;1;land;false;forest;2
2753;99;23;1;land;false;plains;2
2754;60;66;1;land;false;forest;2
2755;84;27;1;land;false;plains;2
2756;92;72;1;land;false;plains;2
2757;87;59;1;land;false;forest;2
2758;64;86;1;land;false;forest;2
2759;30;53;1;land;false;forest;2
2760;100;42;1;land;false;plains;2
2761;37;43;1;land;false;forest;2
2762;93;55;1;land;false;plains;2
2763;68;58;1;land;false;plains;2
2764;77;53;1;land;false;forest;2
2765;65;71;1;land;false;plains;2
2766;35;30;1;land;false;forest;2
2767;86;73;1;land;false;plains;2
2768;47;50;1;land;false;forest;2
2769;39;75;1;land;false;forest;2
2770;167;165;1;land;false;plains;2
2771;167;146;1;land;false;forest;2
2772;169;122;1;land;false;forest;2
2773;139;187;1;land;false;forest;2
2774;146;170;1;land;false;forest;2
2775;118;156;1;land;false;forest;2
2776;152;151;1;land;false;forest;2
2777;132;129;1;land;false;forest;2
2778;130;138;1;land;false;plains;2
2779;166;182;1;land;false;forest;2
2780;105;186;1;land;false;plains;2
2781;143;171;1;land;false;forest;2
2782;135;138;1;land;false;forest;2
2783;162;171;1;land;false;plains;2
2784;98;126;1;land;false;plains;2
2785;117;194;1;land;false;plains;2
2786;121;121;1;land;false;plains;2
2787;159;156;1;land;false;plains;2
2788;120;182;1;land;false;plains;2
2789;160;126;1;land;false;forest;2
2790;102;146;1;land;false;forest;2
2791;143;189;1;land;false;forest;2
2792;122;140;1;land;false;forest;2
2793;102;155;1;land;false;forest;2
2794;171;156;1;land;false;forest;2
2795;143;183;1;land;false;plains;2
2796;142;155;1;land;false;plains;2
2797;164;173;1;land;false;forest;2
2798;169;184;1;land;false;forest;2
2799;167;180;1;land;false;plains;2
2800;93;196;1;land;false;plains;2
2801;96;134;1;land;false;forest;2
2802;120;127;1;land;false;plains;2
2803;155;134;1;land;false;forest;2
2804;103;154;1;land;false;forest;2
2805;148;158;1;land;false;forest;2
2806;241;43;1;land;false;forest;2
2807;230;4;1;land;false;forest;2
2808;232;51;1;land;false;forest;2
2809;225;18;1;land;false;forest;2
2810;229;46;1;land;false;forest;2
2811;220;57;1;land;false;forest;2
2812;232;23;1;land;false;forest;2
2813;227;43;1;land;false;forest;2
2814;230;11;1;land;false;forest;2
2815;233;21;1;land;false;forest;2
2816;226;33;1;land;false;forest;2
2817;223;8;1;land;false;forest;2
2818;254;45;1;land;false;forest;2
2819;254;18;1;land;false;forest;2
2820;248;20;1;land;false;forest;2
2821;224;55;1;land;false;forest;2
2822;229;7;1;land;false;forest;2
2823;237;54;1;land;false;forest;2
2824;227;28;1;land;false;forest;2
2825;59;92;1;land;false;plains;2
2826;66;93;1;land;false;plains;2
2827;98;32;1;land;false;plains;2
2828;66;64;1;land;false;plains;2
2829;85;94;1;land;false;plains;2
2830;46;74;1;land;false;plains;2
2831;29;66;1;land;false;plains;2
2832;29;84;1;land;false;plains;2
2833;21;102;1;land;false;forest;2
2834;78;97;1;land;false;plains;2
2835;41;36;1;land;false;plains;2
2836;80;74;1;land;false;plains;2
2837;66;49;1;land;false;plains;2
2838;91;35;1;land;false;plains;2
2839;93;71;1;land;false;plains;2
2840;32;49;1;land;false;forest;2
2841;71;56;1;land;false;plains;2
2842;25;45;1;land;false;plains;2
2843;84;57;1;land;false;plains;2
2844;40;100;1;land;false;plains;2
2845;44;72;1;land;false;plains;2
2846;30;78;1;land;false;plains;2
2847;68;56;1;land;false;plains;2
2848;21;90;1;land;false;desert;2
2849;30;63;1;land;false;plains;2
2850;29;45;1;land;false;plains;2
2851;38;34;1;land;false;plains;2
2852;38;55;1;land;false;plains;2
2853;50;70;1;land;false;desert;2
2854;81;104;1;land;false;plains;2
2855;94;57;1;land;false;plains;2
2856;85;105;1;land;false;plains;2
2857;53;108;1;land;false;plains;2
2858;28;104;1;land;false;plains;2
2859;98;70;1;land;false;forest;2
2860;28;85;1;land;false;plains;2
2861;95;38;1;land;false;forest;2
2862;45;42;1;land;false;plains;2
2863;49;67;1;land;false;plains;2
2864;44;36;1;land;false;plains;2
2865;21;45;1;land;false;plains;2
2866;87;61;1;land;false;plains;2
2867;25;41;1;land;false;plains;2
2868;73;57;1;land;false;plains;2
2869;39;66;1;land;false;plains;2
2870;43;91;1;land;false;plains;2
2871;59;95;1;land;false;plains;2
2872;67;76;1;land;false;plains;2
2873;53;50;1;land;false;plains;2
2874;27;38;1;land;false;desert;2
2875;39;101;1;land;false;plains;2
2876;46;86;1;land;false;plains;2
2877;51;56;1;land;false;forest;2
2878;47;95;1;land;false;plains;2
2879;26;86;1;land;false;plains;2
2880;81;61;1;land;false;plains;2
2881;67;51;1;land;false;plains;2
2882;29;85;1;land;false;plains;2
2883;77;57;1;land;false;forest;2
2884;88;90;1;land;false;plains;2
2885;48;92;1;land;false;plains;2
2886;68;61;1;land;false;plains;2
2887;66;91;1;land;false;plains;2
2888;99;100;1;land;false;plains;2
2889;144;187;1;land;false;plains;2
2890;149;208;1;land;false;plains;2
2891;137;201;1;land;false;plains;2
2892;174;161;1;land;false;plains;2
2893;116;216;1;land;false;plains;2
2894;117;164;1;land;false;plains;2
2895;172;179;1;land;false;desert;2
2896;104;213;1;land;false;plains;2
2897;125;199;1;land;false;plains;2
2898;163;145;1;land;false;plains;2
2899;171;209;1;land;false;plains;2
2900;172;187;1;land;false;plains;2
2901;146;181;1;land;false;plains;2
2902;143;175;1;land;false;plains;2
2903;138;199;1;land;false;plains;2
2904;98;139;1;land;false;plains;2
2905;115;178;1;land;false;plains;2
2906;65;86;1;land;false;plains;2
2907;13;63;1;land;false;forest;2
2908;57;61;1;land;false;plains;2
2909;12;20;1;land;false;forest;2
2910;62;32;1;land;false;forest;2
2911;31;91;1;land;false;plains;2
2912;15;47;1;land;false;forest;2
2913;26;42;1;land;false;plains;2
2914;72;52;1;land;false;forest;2
2915;65;28;1;land;false;forest;2
2916;66;51;1;land;false;forest;2
2917;64;58;1;land;false;plains;2
2918;13;59;1;land;false;plains;2
2919;63;61;1;land;false;forest;2
2920;9;25;1;land;false;forest;2
2921;76;65;1;land;false;forest;2
2922;11;36;1;land;false;plains;2
2923;49;50;1;land;false;plains;2
2924;31;26;1;land;false;plains;2
2925;44;30;1;land;false;plains;2
2926;17;60;1;land;false;forest;2
2927;48;22;1;land;false;plains;2
2928;42;88;1;land;false;forest;2
2929;24;50;1;land;false;forest;2
2930;26;46;1;land;false;plains;2
2931;56;58;1;land;false;plains;2
2932;51;64;1;land;false;plains;2
2933;43;47;1;land;false;plains;2
2934;40;66;1;land;false;plains;2
2935;79;73;1;land;false;forest;2
2936;18;46;1;land;false;forest;2
2937;28;38;1;land;false;plains;2
2938;18;69;1;land;false;plains;2
2939;8;58;1;land;false;plains;2
2940;48;63;1;land;false;plains;2
2941;52;78;1;land;false;forest;2
2942;72;51;1;land;false;forest;2
2943;32;18;1;land;false;plains;2
2944;67;44;1;land;false;forest;2
2945;15;60;1;land;false;plains;2
2946;120;211;1;land;false;plains;2
2947;134;234;1;land;false;plains;2
2948;67;246;1;land;false;plains;2
2949;115;214;1;land;false;plains;2
2950;122;249;1;land;false;plains;2
2951;120;246;1;land;false;plains;2
2952;80;235;1;land;false;plains;2
2953;97;229;1;land;false;plains;2
2954;73;248;1;land;false;plains;2
2955;68;253;1;land;false;plains;2
2956;128;218;1;land;false;plains;2
2957;109;213;1;land;false;plains;2
2958;99;209;1;land;false;plains;2
2959;81;218;1;land;false;plains;2
2960;110;234;1;land;false;plains;2
2961;128;240;1;land;false;plains;2
2962;77;236;1;land;false;plains;2
2963;133;229;1;land;false;plains;2
2964;100;248;1;land;false;plains;2
2965;75;231;1;land;false;plains;2
2966;111;210;1;land;false;plains;2
2967;143;213;1;land;false;plains;2
2968;140;215;1;land;false;plains;2
2969;71;218;1;land;false;plains;2
2970;101;220;1;land;false;plains;2
2971;84;241;1;land;false;plains;2
2972;98;233;1;land;false;plains;2
2973;84;230;1;land;false;plains;2
2974;127;225;1;land;false;plains;2
2975;241;172;1;land;false;plains;2
2976;207;240;1;land;false;plains;2
2977;237;238;1;land;false;plains;2
2978;198;230;1;land;false;plains;2
2979;242;184;1;land;false;plains;2
2980;242;225;1;land;false;plains;2
2981;210;226;1;land;false;plains;2
2982;249;187;1;land;false;plains;2
2983;227;212;1;land;false;plains;2
2984;199;182;1;land;false;plains;2
2985;206;178;1;land;false;plains;2
2986;251;173;1;land;false;plains;2
2987;199;224;1;land;false;plains;2
2988;222;218;1;land;false;plains;2
2989;208;195;1;land;false;plains;2
2990;238;233;1;land;false;plains;2
2991;203;217;1;land;false;plains;2
2992;246;195;1;land;false;plains;2
2993;230;208;1;land;false;plains;2
2994;202;187;1;land;false;plains;2
2995;201;189;1;land;false;plains;2
2996;250;229;1;land;false;plains;2
2997;225;176;1;land;false;plains;2
2998;215;190;1;land;false;plains;2
2999;229;245;1;land;false;plains;2
3000;234;199;1;land;false;plains;2
3001;207;196;1;land;false;plains;2
3002;224;191;1;land;false;plains;2
3003;243;240;1;land;false;plains;2
3004;239;169;1;land;false;plains;2
3005;243;178;1;land;false;plains;2
3006;218;198;1;land;false;plains;2
3007;113;107;1;land;false;forest;2
3008;56;160;1;land;false;forest;2
3009;82;101;1;land;false;plains;2
3010;98;100;1;land;false;plains;2
3011;50;155;1;land;false;forest;2
3012;106;143;1;land;false;plains;2
3013;104;125;1;land;false;forest;2
3014;87;88;1;land;false;forest;2
3015;119;116;1;land;false;forest;2
3016;91;107;1;land;false;forest;2
3017;105;128;1;land;false;forest;2
3018;116;96;1;land;false;forest;2
3019;107;111;1;land;false;forest;2
3020;120;96;1;land;false;plains;2
3021;43;131;1;land;false;forest;2
3022;111;138;1;land;false;forest;2
3023;74;145;1;land;false;plains;2
3024;59;99;1;land;false;plains;2
3025;77;128;1;land;false;forest;2
3026;55;156;1;land;false;forest;2
3027;105;107;1;land;false;plains;2
3028;60;163;1;land;false;forest;2
3029;107;108;1;land;false;forest;2
3030;230;212;1;land;false;plains;2
3031;193;183;1;land;false;plains;2
3032;205;208;1;land;false;forest;2
3033;234;239;1;land;false;plains;2
3034;232;237;1;land;false;plains;2
3035;201;187;1;land;false;forest;2
3036;230;177;1;land;false;forest;2
3037;237;168;1;land;false;plains;2
3038;243;217;1;land;false;forest;2
3039;230;227;1;land;false;plains;2
3040;204;164;1;land;false;plains;2
3041;216;204;1;land;false;forest;2
3042;241;241;1;land;false;plains;2
3043;246;239;1;land;false;plains;2
3044;220;242;1;land;false;plains;2
3045;205;203;1;land;false;plains;2
3046;191;220;1;land;false;plains;2
3047;197;185;1;land;false;plains;2
3048;251;225;1;land;false;forest;2
3049;205;213;1;land;false;plains;2
3050;217;211;1;land;false;forest;2
3051;221;177;1;land;false;plains;2
3052;219;200;1;land;false;forest;2
3053;203;178;1;land;false;plains;2
3054;238;164;1;land;false;plains;2
3055;236;228;1;land;false;forest;2
3056;247;186;1;land;false;forest;2
3057;246;208;1;land;false;forest;2
3058;38;247;1;land;false;plains;2
3059;34;238;1;land;false;plains;2
3060;32;198;1;land;false;plains;2
3061;38;177;1;land;false;plains;2
3062;0;247;1;land;false;plains;2
3063;24;226;1;land;false;plains;2
3064;47;252;1;land;false;plains;2
3065;87;230;1;land;false;plains;2
3066;41;204;1;land;false;forest;2
3067;83;214;1;land;false;plains;2
3068;106;204;1;land;false;plains;2
3069;61;254;1;land;false;plains;2
3070;113;210;1;land;false;plains;2
3071;74;254;1;land;false;plains;2
3072;44;241;1;land;false;plains;2
3073;104;244;1;land;false;plains;2
3074;42;204;1;land;false;plains;2
3075;65;235;1;land;false;plains;2
3076;91;236;1;land;false;plains;2
3077;45;229;1;land;false;plains;2
3078;119;239;1;land;false;plains;2
3079;81;202;1;land;false;plains;2
3080;100;254;1;land;false;plains;2
3081;51;199;1;land;false;plains;2
3082;69;210;1;land;false;forest;2
3083;105;202;1;land;false;plains;2
3084;81;201;1;land;false;plains;2
3085;91;216;1;land;false;plains;2
3086;80;209;1;land;false;plains;2
3087;100;209;1;land;false;plains;2
3088;112;227;1;land;false;plains;2
3089;102;207;1;land;false;plains;2
3090;104;217;1;land;false;plains;2
3091;79;249;1;land;false;plains;2
3092;53;211;1;land;false;plains;2
3093;42;220;1;land;false;plains;2
3094;50;199;1;land;false;forest;2
3095;77;250;1;land;false;plains;2
3096;42;233;1;land;false;plains;2
3097;72;203;1;land;false;plains;2
3098;61;246;1;land;false;plains;2
3099;103;244;1;land;false;plains;2
3100;105;231;1;land;false;forest;2
3101;86;238;1;land;false;plains;2
3102;103;250;1;land;false;plains;2
3103;118;238;1;land;false;plains;2
3104;117;250;1;land;false;plains;2
3105;63;209;1;land;false;plains;2
3106;47;254;1;land;false;plains;2
3107;101;225;1;land;false;plains;2
3108;111;215;1;land;false;plains;2
3109;105;224;1;land;false;plains;2
3110;41;242;1;land;false;plains;2
3111;114;227;1;land;false;plains;2
3112;114;203;1;land;false;plains;2
3113;115;218;1;land;false;plains;2
3114;80;239;1;land;false;plains;2
3115;53;210;1;land;false;plains;2
3116;53;227;1;land;false;plains;2
3117;104;227;1;land;false;plains;2
3118;46;252;1;land;false;plains;2
3119;81;242;1;land;false;plains;2
3120;109;215;1;land;false;plains;2
3121;54;219;1;land;false;forest;2
3122;76;235;1;land;false;plains;2
3123;107;232;1;land;false;plains;2
3124;99;211;1;land;false;plains;2
3125;62;253;1;land;false;plains;2
3126;49;252;1;land;false;plains;2
3127;82;214;1;land;false;plains;2
3128;93;149;1;land;false;plains;2
3129;106;104;1;land;false;plains;2
3130;99;113;1;land;false;plains;2
3131;86;168;1;land;false;plains;2
3132;112;122;1;land;false;plains;2
3133;87;165;1;land;false;plains;2
3134;98;140;1;land;false;plains;2
3135;133;111;1;land;false;plains;2
3136;134;154;1;land;false;plains;2
3137;132;151;1;land;false;plains;2
3138;118;169;1;land;false;plains;2
3139;81;127;1;land;false;plains;2
3140;81;129;1;land;false;plains;2
3141;118;111;1;land;false;plains;2
3142;97;128;1;land;false;plains;2
3143;97;141;1;land;false;plains;2
3144;137;106;1;land;false;plains;2
3145;149;114;1;land;false;plains;2
3146;126;125;1;land;false;plains;2
3147;129;174;1;land;false;plains;2
3148;94;158;1;land;false;plains;2
3149;94;141;1;land;false;plains;2
3150;143;163;1;land;false;plains;2
3151;73;135;1;land;false;plains;2
3152;192;172;1;land;false;plains;2
3153;181;186;1;land;false;plains;2
3154;238;205;1;land;false;plains;2
3155;163;158;1;land;false;forest;2
3156;189;174;1;land;false;forest;2
3157;179;181;1;land;false;plains;2
3158;216;174;1;land;false;plains;2
3159;174;175;1;land;false;forest;2
3160;233;185;1;land;false;plains;2
3161;188;181;1;land;false;plains;2
3162;177;218;1;land;false;forest;2
3163;236;209;1;land;false;plains;2
3164;187;186;1;land;false;forest;2
3165;176;178;1;land;false;forest;2
3166;180;165;1;land;false;plains;2
3167;239;191;1;land;false;plains;2
3168;212;213;1;land;false;forest;2
3169;217;168;1;land;false;forest;2
3170;209;184;1;land;false;forest;2
3171;238;224;1;land;false;plains;2
3172;162;219;1;land;false;forest;2
3173;217;230;1;land;false;plains;2
3174;169;218;1;land;false;plains;2
3175;214;183;1;land;false;forest;2
3176;185;163;1;land;false;plains;2
3177;241;193;1;land;false;forest;2
3178;170;167;1;land;false;forest;2
3179;215;228;1;land;false;plains;2
3180;241;197;1;land;false;plains;2
3181;208;190;1;land;false;plains;2
3182;209;189;1;land;false;forest;2
3183;186;196;1;land;false;forest;2
3184;205;231;1;land;false;forest;2
3185;173;197;1;land;false;plains;2
3186;169;177;1;land;false;plains;2
3187;215;207;1;land;false;forest;2
3188;238;174;1;land;false;plains;2
3189;238;221;1;land;false;forest;2
3190;198;226;1;land;false;forest;2
3191;222;229;1;land;false;forest;2
3192;162;221;1;land;false;plains;2
3193;195;173;1;land;false;forest;2
3194;176;225;1;land;false;forest;2
3195;182;201;1;land;false;plains;2
3196;179;179;1;land;false;plains;2
3197;239;185;1;land;false;plains;2
3198;231;214;1;land;false;plains;2
3199;236;202;1;land;false;forest;2
3200;217;197;1;land;false;plains;2
3201;238;169;1;land;false;plains;2
3202;214;198;1;land;false;plains;2
3203;162;196;1;land;false;forest;2
3204;213;164;1;land;false;forest;2
3205;170;163;1;land;false;forest;2
3206;210;203;1;land;false;forest;2
3207;195;77;1;land;false;forest;2
3208;213;105;1;land;false;forest;2
3209;230;90;1;land;false;plains;2
3210;230;57;1;land;false;plains;2
3211;238;102;1;land;false;plains;2
3212;215;127;1;land;false;plains;2
3213;218;100;1;land;false;plains;2
3214;247;105;1;land;false;plains;2
3215;239;88;1;land;false;plains;2
3216;234;112;1;land;false;plains;2
3217;211;128;1;land;false;plains;2
3218;237;82;1;land;false;plains;2
3219;206;107;1;land;false;plains;2
3220;223;126;1;land;false;plains;2
3221;225;121;1;land;false;plains;2
3222;238;111;1;land;false;plains;2
3223;218;56;1;land;false;forest;2
3224;251;85;1;land;false;plains;2
3225;251;88;1;land;false;plains;2
3226;227;119;1;land;false;plains;2
3227;196;64;1;land;false;plains;2
3228;244;102;1;land;false;plains;2
3229;192;127;1;land;false;plains;2
3230;211;51;1;land;false;plains;2
3231;231;103;1;land;false;plains;2
3232;211;67;1;land;false;plains;2
3233;221;105;1;land;false;plains;2
3234;221;97;1;land;false;plains;2
3235;235;56;1;land;false;plains;2
3236;240;126;1;land;false;forest;2
3237;245;80;1;land;false;plains;2
3238;222;65;1;land;false;desert;2
3239;211;75;1;land;false;plains;2
3240;244;61;1;land;false;plains;2
3241;223;71;1;land;false;plains;2
3242;210;127;1;land;false;forest;2
3243;200;93;1;land;false;plains;2
3244;227;125;1;land;false;plains;2
3245;239;76;1;land;false;forest;2
3246;217;103;1;land;false;plains;2
3247;238;74;1;land;false;forest;2
3248;235;97;1;land;false;plains;2
3249;235;89;1;land;false;plains;2
3250;239;120;1;land;false;plains;2
3251;239;83;1;land;false;plains;2
3252;240;112;1;land;false;forest;2
3253;217;89;1;land;false;plains;2
3254;202;89;1;land;false;plains;2
3255;193;112;1;land;false;plains;2
3256;207;56;1;land;false;plains;2
3257;236;108;1;land;false;plains;2
3258;221;71;1;land;false;plains;2
3259;234;70;1;land;false;plains;2
3260;212;102;1;land;false;plains;2
3261;238;70;1;land;false;plains;2
3262;241;123;1;land;false;plains;2
3263;218;92;1;land;false;plains;2
3264;225;116;1;land;false;plains;2
3265;250;76;1;land;false;plains;2
3266;252;81;1;land;false;plains;2
3267;224;100;1;land;false;plains;2
3268;241;110;1;land;false;plains;2
3269;222;69;1;land;false;plains;2
3270;212;66;1;land;false;plains;2
3271;224;121;1;land;false;plains;2
3272;206;128;1;land;false;plains;2
3273;195;115;1;land;false;plains;2
3274;215;53;1;land;false;plains;2
3275;210;119;1;land;false;plains;2
3276;236;76;1;land;false;plains;2
3277;213;130;1;land;false;plains;2
3278;248;73;1;land;false;plains;2
3279;223;81;1;land;false;plains;2
3280;247;83;1;land;false;plains;2
3281;245;69;1;land;false;forest;2
3282;210;89;1;land;false;plains;2
3283;239;96;1;land;false;plains;2
3284;209;125;1;land;false;plains;2
3285;209;91;1;land;false;plains;2
3286;249;84;1;land;false;plains;2
3287;246;109;1;land;false;forest;2
3288;229;54;1;land;false;forest;2
3289;192;80;1;land;false;plains;2
3290;246;129;1;land;false;plains;2
3291;252;61;1;land;false;plains;2
3292;209;123;1;land;false;forest;2
3293;240;88;1;land;false;forest;2
3294;242;124;1;land;false;plains;2
3295;198;76;1;land;false;plains;2
3296;248;124;1;land;false;plains;2
3297;252;120;1;land;false;plains;2
3298;196;115;1;land;false;plains;2
3299;229;57;1;land;false;desert;2
3300;247;68;1;land;false;plains;2
3301;213;85;1;land;false;plains;2
3302;237;107;1;land;false;plains;2
3303;212;81;1;land;false;forest;2
3304;249;96;1;land;false;forest;2
3305;196;83;1;land;false;plains;2
3306;235;99;1;land;false;plains;2
3307;224;73;1;land;false;plains;2
3308;245;123;1;land;false;plains;2
3309;247;72;1;land;false;plains;2
3310;199;87;1;land;false;plains;2
3311;196;77;1;land;false;plains;2
3312;245;107;1;land;false;plains;2
3313;202;63;1;land;false;forest;2
3314;195;90;1;land;false;plains;2
3315;225;77;1;land;false;plains;2
3316;219;101;1;land;false;forest;2
3317;213;72;1;land;false;plains;2
3318;234;71;1;land;false;plains;2
3319;203;51;1;land;false;forest;2
3320;198;91;1;land;false;plains;2
3321;232;130;1;land;false;plains;2
3322;223;82;1;land;false;plains;2
3323;225;55;1;land;false;plains;2
3324;238;65;1;land;false;plains;2
3325;212;76;1;land;false;plains;2
3326;233;102;1;land;false;plains;2
3327;220;83;1;land;false;plains;2
3328;229;124;1;land;false;forest;2
3329;227;76;1;land;false;plains;2
3330;241;122;1;land;false;forest;2
3331;194;94;1;land;false;plains;2
3332;242;84;1;land;false;plains;2
3333;199;113;1;land;false;desert;2
3334;244;101;1;land;false;plains;2
3335;193;102;1;land;false;desert;2
3336;208;129;1;land;false;forest;2
3337;207;95;1;land;false;plains;2
3338;197;111;1;land;false;plains;2
3339;203;107;1;land;false;plains;2
3340;204;73;1;land;false;plains;2
3341;196;113;1;land;false;plains;2
3342;198;62;1;land;false;plains;2
3343;219;79;1;land;false;plains;2
3344;231;72;1;land;false;plains;2
3345;222;113;1;land;false;forest;2
3346;212;94;1;land;false;plains;2
3347;219;57;1;land;false;plains;2
3348;194;89;1;land;false;plains;2
3349;221;75;1;land;false;plains;2
3350;248;103;1;land;false;plains;2
3351;243;66;1;land;false;plains;2
3352;227;113;1;land;false;plains;2
3353;222;92;1;land;false;plains;2
3354;218;119;1;land;false;plains;2
3355;203;121;1;land;false;plains;2
3356;219;66;1;land;false;plains;2
3357;198;97;1;land;false;plains;2
3358;209;97;1;land;false;plains;2
3359;155;30;1;land;false;plains;2
3360;136;55;1;land;false;plains;2
3361;159;73;1;land;false;plains;2
3362;148;88;1;land;false;plains;2
3363;114;74;1;land;false;plains;2
3364;177;55;1;land;false;plains;2
3365;145;50;1;land;false;plains;2
3366;132;82;1;land;false;plains;2
3367;176;34;1;land;false;plains;2
3368;173;93;1;land;false;desert;2
3369;182;68;1;land;false;plains;2
3370;189;57;1;land;false;plains;2
3371;124;29;1;land;false;plains;2
3372;171;82;1;land;false;plains;2
3373;164;59;1;land;false;plains;2
3374;187;59;1;land;false;plains;2
3375;128;50;1;land;false;plains;2
3376;113;29;1;land;false;plains;2
3377;181;24;1;land;false;plains;2
3378;145;40;1;land;false;plains;2
3379;117;98;1;land;false;plains;2
3380;132;41;1;land;false;plains;2
3381;167;76;1;land;false;plains;2
3382;168;78;1;land;false;plains;2
3383;189;62;1;land;false;plains;2
3384;173;90;1;land;false;plains;2
3385;133;47;1;land;false;plains;2
3386;178;73;1;land;false;plains;2
3387;161;42;1;land;false;plains;2
3388;178;39;1;land;false;plains;2
3389;173;80;1;land;false;plains;2
3390;176;35;1;land;false;plains;2
3391;25;169;1;land;false;plains;2
3392;40;186;1;land;false;plains;2
3393;31;195;1;land;false;plains;2
3394;35;222;1;land;false;plains;2
3395;52;186;1;land;false;plains;2
3396;9;170;1;land;false;plains;2
3397;33;229;1;land;false;plains;2
3398;36;172;1;land;false;plains;2
3399;46;214;1;land;false;plains;2
3400;73;209;1;land;false;plains;2
3401;34;166;1;land;false;plains;2
3402;22;170;1;land;false;plains;2
3403;60;227;1;land;false;plains;2
3404;63;173;1;land;false;plains;2
3405;57;165;1;land;false;plains;2
3406;78;204;1;land;false;plains;2
3407;76;211;1;land;false;plains;2
3408;65;192;1;land;false;plains;2
3409;56;168;1;land;false;plains;2
3410;45;190;1;land;false;plains;2
3411;82;161;1;land;false;plains;2
3412;87;198;1;land;false;plains;2
3413;10;174;1;land;false;plains;2
3414;56;185;1;land;false;plains;2
3415;31;211;1;land;false;plains;2
3416;49;181;1;land;false;plains;2
3417;72;236;1;land;false;plains;2
3418;20;170;1;land;false;plains;2
3419;40;211;1;land;false;plains;2
3420;23;202;1;land;false;plains;2
3421;81;235;1;land;false;plains;2
3422;48;200;1;land;false;plains;2
3423;71;223;1;land;false;plains;2
3424;57;170;1;land;false;plains;2
3425;25;213;1;land;false;plains;2
3426;69;172;1;land;false;plains;2
3427;71;205;1;land;false;plains;2
3428;86;166;1;land;false;plains;2
3429;37;183;1;land;false;plains;2
3430;16;207;1;land;false;plains;2
3431;67;177;1;land;false;plains;2
3432;20;164;1;land;false;plains;2
3433;52;233;1;land;false;plains;2
3434;23;232;1;land;false;plains;2
3435;14;213;1;land;false;plains;2
3436;76;168;1;land;false;plains;2
3437;52;218;1;land;false;plains;2
3438;37;170;1;land;false;plains;2
3439;43;205;1;land;false;plains;2
3440;38;172;1;land;false;plains;2
3441;50;220;1;land;false;plains;2
3442;49;229;1;land;false;plains;2
3443;17;186;1;land;false;plains;2
3444;22;174;1;land;false;plains;2
3445;63;183;1;land;false;plains;2
3446;10;167;1;land;false;plains;2
3447;71;171;1;land;false;forest;2
3448;8;236;1;land;false;plains;2
3449;50;202;1;land;false;plains;2
3450;217;158;1;land;false;forest;2
3451;158;163;1;land;false;forest;2
3452;164;162;1;land;false;plains;2
3453;167;174;1;land;false;plains;2
3454;201;146;1;land;false;plains;2
3455;178;147;1;land;false;plains;2
3456;154;156;1;land;false;forest;2
3457;158;175;1;land;false;plains;2
3458;178;179;1;land;false;plains;2
3459;143;187;1;land;false;plains;2
3460;169;168;1;land;false;forest;2
3461;218;140;1;land;false;forest;2
3462;177;157;1;land;false;plains;2
3463;220;193;1;land;false;plains;2
3464;194;152;1;land;false;forest;2
3465;141;170;1;land;false;forest;2
3466;206;142;1;land;false;forest;2
3467;179;149;1;land;false;forest;2
3468;204;168;1;land;false;plains;2
3469;185;196;1;land;false;forest;2
3470;197;156;1;land;false;forest;2
3471;192;157;1;land;false;forest;2
3472;165;139;1;land;false;forest;2
3473;188;120;1;land;false;plains;2
3474;196;154;1;land;false;plains;2
3475;198;157;1;land;false;plains;2
3476;215;120;1;land;false;forest;2
3477;172;153;1;land;false;plains;2
3478;161;139;1;land;false;forest;2
3479;169;139;1;land;false;plains;2
3480;207;144;1;land;false;plains;2
3481;180;134;1;land;false;forest;2
3482;160;170;1;land;false;forest;2
3483;182;186;1;land;false;forest;2
3484;38;14;1;land;false;plains;2
3485;59;21;1;land;false;plains;2
3486;57;52;1;land;false;plains;2
3487;58;50;1;land;false;forest;2
3488;77;30;1;land;false;plains;2
3489;68;19;1;land;false;plains;2
3490;82;62;1;land;false;forest;2
3491;48;11;1;land;false;plains;2
3492;28;18;1;land;false;plains;2
3493;42;6;1;land;false;plains;2
3494;25;55;1;land;false;forest;2
3495;10;21;1;land;false;plains;2
3496;74;52;1;land;false;plains;2
3497;29;7;1;land;false;plains;2
3498;73;16;1;land;false;plains;2
3499;29;59;1;land;false;plains;2
3500;14;62;1;land;false;forest;2
3501;76;43;1;land;false;forest;2
3502;58;62;1;land;false;plains;2
3503;72;39;1;land;false;plains;2
3504;9;10;1;land;false;plains;2
3505;84;61;1;land;false;plains;2
3506;83;24;1;land;false;plains;2
3507;36;63;1;land;false;forest;2
3508;31;9;1;land;false;forest;2
3509;47;23;1;land;false;plains;2
3510;42;29;1;land;false;plains;2
3511;23;45;1;land;false;plains;2
3512;19;34;1;land;false;plains;2
3513;33;50;1;land;false;plains;2
3514;42;52;1;land;false;plains;2
3515;40;9;1;land;false;plains;2
3516;16;40;1;land;false;plains;2
3517;54;6;1;land;false;plains;2
3518;36;6;1;land;false;plains;2
3519;30;7;1;land;false;plains;2
3520;39;62;1;land;false;forest;2
3521;56;61;1;land;false;plains;2
3522;81;24;1;land;false;plains;2
3523;73;11;1;land;false;plains;2
3524;37;9;1;land;false;plains;2
3525;34;29;1;land;false;plains;2
3526;91;94;1;land;false;plains;2
3527;73;56;1;land;false;plains;2
3528;97;125;1;land;false;plains;2
3529;102;131;1;land;false;forest;2
3530;117;124;1;land;false;plains;2
3531;112;60;1;land;false;plains;2
3532;133;74;1;land;false;plains;2
3533;94;64;1;land;false;plains;2
3534;125;129;1;land;false;plains;2
3535;94;121;1;land;false;plains;2
3536;109;110;1;land;false;plains;2
3537;77;79;1;land;false;forest;2
3538;120;95;1;land;false;plains;2
3539;113;67;1;land;false;plains;2
3540;97;82;1;land;false;plains;2
3541;62;101;1;land;false;plains;2
3542;70;79;1;land;false;plains;2
3543;113;100;1;land;false;plains;2
3544;93;89;1;land;false;plains;2
3545;67;88;1;land;false;forest;2
3546;126;87;1;land;false;plains;2
3547;65;134;1;land;false;plains;2
3548;127;82;1;land;false;plains;2
3549;122;125;1;land;false;plains;2
3550;84;91;1;land;false;plains;2
3551;70;127;1;land;false;plains;2
3552;83;127;1;land;false;plains;2
3553;106;57;1;land;false;plains;2
3554;101;88;1;land;false;plains;2
3555;100;126;1;land;false;forest;2
3556;117;73;1;land;false;plains;2
3557;54;66;1;land;false;plains;2
3558;75;123;1;land;false;plains;2
3559;214;25;1;land;false;plains;2
3560;208;14;1;land;false;plains;2
3561;231;33;1;land;false;plains;2
3562;237;7;1;land;false;plains;2
3563;221;6;1;land;false;plains;2
3564;188;20;1;land;false;plains;2
3565;192;8;1;land;false;plains;2
3566;226;2;1;land;false;forest;2
3567;225;33;1;land;false;forest;2
3568;238;0;1;land;false;plains;2
3569;250;2;1;land;false;plains;2
3570;220;4;1;land;false;plains;2
3571;249;11;1;land;false;forest;2
3572;61;144;1;land;false;plains;2
3573;49;70;1;land;false;plains;2
3574;31;117;1;land;false;plains;2
3575;52;121;1;land;false;plains;2
3576;66;139;1;land;false;plains;2
3577;33;116;1;land;false;plains;2
3578;62;103;1;land;false;plains;2
3579;3;104;1;land;false;plains;2
3580;19;102;1;land;false;plains;2
3581;19;146;1;land;false;plains;2
3582;63;90;1;land;false;plains;2
3583;13;72;1;land;false;plains;2
3584;23;116;1;land;false;plains;2
3585;37;121;1;land;false;plains;2
3586;21;132;1;land;false;plains;2
3587;39;103;1;land;false;plains;2
3588;62;78;1;land;false;plains;2
3589;71;99;1;land;false;plains;2
3590;0;105;1;land;false;plains;2
3591;1;144;1;land;false;plains;2
3592;67;90;1;land;false;plains;2
3593;61;140;1;land;false;plains;2
3594;54;83;1;land;false;plains;2
3595;14;98;1;land;false;plains;2
3596;49;82;1;land;false;plains;2
3597;55;70;1;land;false;plains;2
3598;26;202;1;land;false;plains;2
3599;12;228;1;land;false;plains;2
3600;13;226;1;land;false;plains;2
3601;0;233;1;land;false;plains;2
3602;45;223;1;land;false;plains;2
3603;22;217;1;land;false;plains;2
3604;22;209;1;land;false;plains;2
3605;19;234;1;land;false;plains;2
3606;39;222;1;land;false;plains;2
3607;11;202;1;land;false;plains;2
3608;38;218;1;land;false;plains;2
3609;40;226;1;land;false;plains;2
3610;23;208;1;land;false;plains;2
3611;10;198;1;land;false;plains;2
3612;40;208;1;land;false;plains;2
3613;25;230;1;land;false;plains;2
3614;49;197;1;land;false;plains;2
3615;96;106;1;land;false;plains;2
3616;105;124;1;land;false;plains;2
3617;121;115;1;land;false;plains;2
3618;54;119;1;land;false;plains;2
3619;72;57;1;land;false;plains;2
3620;50;88;1;land;false;plains;2
3621;59;102;1;land;false;plains;2
3622;90;91;1;land;false;forest;2
3623;49;79;1;land;false;plains;2
3624;58;112;1;land;false;plains;2
3625;67;53;1;land;false;forest;2
3626;108;117;1;land;false;plains;2
3627;52;85;1;land;false;plains;2
3628;113;77;1;land;false;plains;2
3629;102;82;1;land;false;plains;2
3630;48;107;1;land;false;plains;2
3631;50;86;1;land;false;forest;2
3632;88;104;1;land;false;plains;2
3633;92;74;1;land;false;forest;2
3634;110;128;1;land;false;plains;2
3635;87;122;1;land;false;plains;2
3636;81;62;1;land;false;forest;2
3637;113;62;1;land;false;plains;2
3638;123;95;1;land;false;plains;2
3639;126;61;1;land;false;forest;2
3640;70;110;1;land;false;plains;2
3641;126;89;1;land;false;plains;2
3642;60;81;1;land;false;forest;2
3643;52;69;1;land;false;plains;2
3644;89;107;1;land;false;forest;2
3645;79;110;1;land;false;plains;2
3646;69;129;1;land;false;forest;2
3647;54;89;1;land;false;plains;2
3648;119;86;1;land;false;plains;2
3649;87;94;1;land;false;plains;2
3650;78;77;1;land;false;plains;2
3651;115;96;1;land;false;forest;2
3652;103;114;1;land;false;plains;2
3653;89;58;1;land;false;plains;2
3654;114;125;1;land;false;plains;2
3655;105;56;1;land;false;forest;2
3656;88;115;1;land;false;forest;2
3657;67;61;1;land;false;plains;2
3658;96;65;1;land;false;plains;2
3659;94;100;1;land;false;plains;2
3660;84;77;1;land;false;forest;2
3661;125;101;1;land;false;plains;2
3662;91;60;1;land;false;forest;2
3663;95;67;1;land;false;plains;2
3664;52;101;1;land;false;plains;2
3665;107;60;1;land;false;plains;2
3666;122;57;1;land;false;forest;2
3667;110;121;1;land;false;plains;2
3668;66;53;1;land;false;forest;2
3669;70;82;1;land;false;forest;2
3670;120;77;1;land;false;forest;2
3671;124;65;1;land;false;plains;2
3672;68;52;1;land;false;plains;2
3673;68;90;1;land;false;plains;2
3674;50;54;1;land;false;plains;2
3675;71;89;1;land;false;forest;2
3676;82;76;1;land;false;plains;2
3677;90;119;1;land;false;plains;2
3678;127;53;1;land;false;plains;2
3679;70;72;1;land;false;plains;2
3680;126;105;1;land;false;plains;2
3681;232;176;1;land;false;forest;2
3682;202;175;1;land;false;forest;2
3683;197;162;1;land;false;plains;2
3684;238;154;1;land;false;forest;2
3685;177;161;1;land;false;plains;2
3686;193;174;1;land;false;forest;2
3687;187;132;1;land;false;forest;2
3688;203;182;1;land;false;forest;2
3689;209;130;1;land;false;forest;2
3690;178;124;1;land;false;forest;2
3691;198;153;1;land;false;plains;2
3692;214;166;1;land;false;forest;2
3693;193;157;1;land;false;forest;2
3694;230;160;1;land;false;forest;2
3695;229;127;1;land;false;forest;2
3696;197;189;1;land;false;plains;2
3697;218;154;1;land;false;forest;2
3698;238;179;1;land;false;forest;2
3699;222;156;1;land;false;forest;2
3700;247;144;1;land;false;plains;2
3701;248;202;1;land;false;forest;2
3702;197;163;1;land;false;forest;2
3703;201;198;1;land;false;forest;2
3704;173;158;1;land;false;plains;2
3705;198;164;1;land;false;plains;2
3706;232;179;1;land;false;forest;2
3707;233;172;1;land;false;plains;2
3708;198;177;1;land;false;forest;2
3709;99;110;1;land;false;forest;2
3710;160;159;1;land;false;forest;2
3711;93;137;1;land;false;forest;2
3712;129;130;1;land;false;plains;2
3713;116;159;1;land;false;forest;2
3714;145;126;1;land;false;forest;2
3715;151;150;1;land;false;forest;2
3716;91;117;1;land;false;forest;2
3717;121;134;1;land;false;forest;2
3718;127;128;1;land;false;plains;2
3719;161;124;1;land;false;forest;2
3720;167;134;1;land;false;plains;2
3721;133;160;1;land;false;forest;2
3722;144;103;1;land;false;plains;2
3723;152;172;1;land;false;forest;2
3724;151;146;1;land;false;forest;2
3725;112;138;1;land;false;forest;2
3726;118;175;1;land;false;plains;2
3727;163;123;1;land;false;forest;2
3728;23;195;1;land;false;plains;2
3729;6;193;1;land;false;plains;2
3730;23;197;1;land;false;plains;2
3731;33;181;1;land;false;plains;2
3732;32;215;1;land;false;plains;2
3733;3;171;1;land;false;plains;2
3734;30;147;1;land;false;plains;2
3735;3;169;1;land;false;plains;2
3736;9;216;1;land;false;plains;2
3737;19;159;1;land;false;plains;2
3738;25;167;1;land;false;plains;2
3739;9;157;1;land;false;plains;2
3740;3;197;1;land;false;plains;2
3741;25;176;1;land;false;plains;2
3742;38;197;1;land;false;plains;2
3743;26;166;1;land;false;plains;2
3744;24;165;1;land;false;plains;2
3745;29;36;1;land;false;plains;2
3746;0;34;1;land;false;plains;2
3747;66;32;1;land;false;plains;2
3748;1;39;1;land;false;plains;2
3749;32;39;1;land;false;plains;2
3750;5;27;1;land;false;plains;2
3751;4;13;1;land;false;plains;2
3752;52;32;1;land;false;plains;2
3753;64;9;1;land;false;plains;2
3754;62;1;1;land;false;plains;2
3755;49;28;1;land;false;plains;2
3756;59;50;1;land;false;plains;2
3757;43;35;1;land;false;plains;2
3758;24;41;1;land;false;plains;2
3759;55;50;1;land;false;plains;2
3760;14;34;1;land;false;plains;2
3761;31;21;1;land;false;plains;2
3762;42;37;1;land;false;plains;2
3763;233;229;1;land;false;plains;2
3764;161;226;1;land;false;plains;2
3765;170;240;1;land;false;plains;2
3766;178;211;1;land;false;plains;2
3767;232;213;1;land;false;plains;2
3768;234;240;1;land;false;plains;2
3769;186;244;1;land;false;plains;2
3770;185;223;1;land;false;plains;2
3771;168;245;1;land;false;plains;2
3772;223;239;1;land;false;plains;2
3773;162;205;1;land;false;plains;2
3774;233;206;1;land;false;plains;2
3775;187;203;1;land;false;plains;2
3776;182;235;1;land;false;plains;2
3777;185;228;1;land;false;plains;2
3778;184;238;1;land;false;plains;2
3779;204;249;1;land;false;plains;2
3780;181;230;1;land;false;plains;2
3781;218;206;1;land;false;plains;2
3782;204;216;1;land;false;plains;2
3783;187;240;1;land;false;plains;2
3784;190;254;1;land;false;plains;2
3785;209;229;1;land;false;plains;2
3786;234;33;1;land;false;forest;2
3787;220;43;1;land;false;forest;2
3788;217;34;1;land;false;forest;2
3789;207;61;1;land;false;forest;2
3790;223;44;1;land;false;forest;2
3791;204;41;1;land;false;forest;2
3792;243;57;1;land;false;plains;2
3793;225;95;1;land;false;forest;2
3794;207;74;1;land;false;forest;2
3795;204;33;1;land;false;forest;2
3796;215;47;1;land;false;forest;2
3797;246;46;1;land;false;forest;2
3798;244;93;1;land;false;forest;2
3799;227;78;1;land;false;forest;2
3800;238;79;1;land;false;forest;2
3801;214;51;1;land;false;forest;2
3802;237;26;1;land;false;forest;2
3803;227;183;1;land;false;plains;2
3804;221;124;1;land;false;plains;2
3805;188;196;1;land;false;plains;2
3806;222;176;1;land;false;plains;2
3807;233;167;1;land;false;plains;2
3808;203;135;1;land;false;plains;2
3809;219;160;1;land;false;plains;2
3810;174;141;1;land;false;plains;2
3811;170;139;1;land;false;plains;2
3812;231;127;1;land;false;plains;2
3813;187;168;1;land;false;plains;2
3814;179;199;1;land;false;plains;2
3815;228;163;1;land;false;plains;2
3816;196;169;1;land;false;plains;2
3817;239;178;1;land;false;plains;2
3818;219;166;1;land;false;plains;2
3819;204;161;1;land;false;plains;2
3820;202;191;1;land;false;plains;2
3821;234;196;1;land;false;plains;2
3822;181;124;1;land;false;plains;2
3823;243;129;1;land;false;plains;2
3824;244;167;1;land;false;desert;2
3825;217;156;1;land;false;plains;2
3826;199;181;1;land;false;plains;2
3827;207;147;1;land;false;plains;2
3828;201;151;1;land;false;desert;2
3829;179;186;1;land;false;plains;2
3830;194;160;1;land;false;plains;2
3831;203;200;1;land;false;plains;2
3832;196;160;1;land;false;plains;2
3833;222;171;1;land;false;desert;2
3834;184;133;1;land;false;plains;2
3835;189;154;1;land;false;plains;2
3836;231;189;1;land;false;plains;2
3837;189;188;1;land;false;desert;2
3838;216;124;1;land;false;plains;2
3839;183;194;1;land;false;plains;2
3840;244;161;1;land;false;plains;2
3841;207;167;1;land;false;plains;2
3842;181;166;1;land;false;plains;2
3843;179;144;1;land;false;plains;2
3844;182;196;1;land;false;plains;2
3845;252;44;1;land;false;plains;6
3846;211;65;1;land;false;plains;6
3847;232;62;1;land;false;plains;6
3848;219;8;1;land;false;plains;6
3849;230;55;1;land;false;plains;6
3850;246;43;1;land;false;plains;6
3851;254;42;1;land;false;plains;6
3852;218;3;1;land;false;plains;6
3853;215;15;1;land;false;plains;6
3854;237;33;1;land;false;plains;6
3855;210;27;1;land;false;plains;6
3856;236;65;1;land;false;plains;6
3857;245;11;1;land;false;plains;6
3858;227;46;1;land;false;plains;6
3859;224;3;1;land;false;plains;6
3860;235;59;1;land;false;plains;6
3861;223;15;1;land;false;plains;6
3862;238;15;1;land;false;plains;6
3863;208;13;1;land;false;plains;6
3864;243;31;1;land;false;plains;6
3865;214;68;1;land;false;plains;6
3866;226;28;1;land;false;plains;6
3867;234;38;1;land;false;plains;6
3868;225;40;1;land;false;plains;6
3869;210;19;1;land;false;plains;6
3870;211;44;1;land;false;plains;6
3871;233;9;1;land;false;plains;6
3872;220;54;1;land;false;plains;6
3873;234;4;1;land;false;plains;6
3874;210;65;1;land;false;plains;6
3875;215;67;1;land;false;plains;6
3876;218;71;1;land;false;plains;6
3877;227;134;1;land;false;forest;6
3878;183;74;1;land;false;forest;6
3879;201;125;1;land;false;forest;6
3880;202;132;1;land;false;forest;6
3881;167;75;1;land;false;forest;6
3882;177;130;1;land;false;forest;6
3883;203;70;1;land;false;forest;6
3884;194;137;1;land;false;forest;6
3885;172;77;1;land;false;forest;6
3886;156;125;1;land;false;forest;6
3887;178;121;1;land;false;forest;6
3888;169;121;1;land;false;forest;6
3889;196;121;1;land;false;forest;6
3890;170;96;1;land;false;forest;6
3891;208;88;1;land;false;forest;6
3892;210;78;1;land;false;forest;6
3893;211;187;1;land;false;forest;6
3894;207;232;1;land;false;forest;6
3895;227;220;1;land;false;forest;6
3896;230;221;1;land;false;forest;6
3897;176;213;1;land;false;forest;6
3898;201;232;1;land;false;forest;6
3899;189;155;1;land;false;forest;6
3900;239;152;1;land;false;forest;6
3901;252;182;1;land;false;forest;6
3902;175;219;1;land;false;forest;6
3903;237;192;1;land;false;forest;6
3904;247;184;1;land;false;forest;6
3905;218;229;1;land;false;forest;6
3906;248;171;1;land;false;forest;6
3907;20;160;1;land;false;plains;6
3908;48;158;1;land;false;plains;6
3909;17;116;1;land;false;plains;6
3910;8;101;1;land;false;plains;6
3911;40;150;1;land;false;plains;6
3912;19;153;1;land;false;forest;6
3913;41;162;1;land;false;plains;6
3914;34;134;1;land;false;plains;6
3915;9;103;1;land;false;plains;6
3916;7;164;1;land;false;plains;6
3917;37;90;1;land;false;plains;6
3918;1;126;1;land;false;plains;6
3919;22;129;1;land;false;forest;6
3920;10;121;1;land;false;forest;6
3921;18;103;1;land;false;plains;6
3922;52;139;1;land;false;plains;6
3923;33;162;1;land;false;plains;6
3924;23;117;1;land;false;forest;6
3925;13;129;1;land;false;plains;6
3926;217;93;1;land;false;plains;6
3927;218;102;1;land;false;forest;6
3928;253;112;1;land;false;plains;6
3929;240;105;1;land;false;plains;6
3930;210;129;1;land;false;forest;6
3931;238;117;1;land;false;plains;6
3932;233;145;1;land;false;plains;6
3933;241;138;1;land;false;forest;6
3934;249;79;1;land;false;forest;6
3935;201;94;1;land;false;forest;6
3936;244;139;1;land;false;plains;6
3937;242;146;1;land;false;plains;6
3938;251;119;1;land;false;plains;6
3939;213;119;1;land;false;forest;6
3940;225;83;1;land;false;plains;6
3941;211;144;1;land;false;forest;6
3942;216;78;1;land;false;forest;6
3943;214;134;1;land;false;plains;6
3944;250;125;1;land;false;forest;6
3945;197;95;1;land;false;plains;6
3946;250;84;1;land;false;forest;6
3947;235;123;1;land;false;forest;6
3948;62;246;1;land;false;plains;6
3949;98;242;1;land;false;plains;6
3950;62;207;1;land;false;plains;6
3951;106;230;1;land;false;plains;6
3952;85;238;1;land;false;plains;6
3953;58;235;1;land;false;plains;6
3954;108;249;1;land;false;plains;6
3955;109;252;1;land;false;forest;6
3956;66;223;1;land;false;desert;6
3957;74;223;1;land;false;plains;6
3958;73;228;1;land;false;forest;6
3959;85;213;1;land;false;plains;6
3960;115;206;1;land;false;plains;6
3961;104;242;1;land;false;desert;6
3962;105;233;1;land;false;plains;6
3963;100;203;1;land;false;plains;6
3964;54;215;1;land;false;plains;6
3965;105;215;1;land;false;plains;6
3966;117;212;1;land;false;plains;6
3967;112;221;1;land;false;forest;6
3968;92;236;1;land;false;plains;6
3969;91;237;1;land;false;forest;6
3970;96;245;1;land;false;forest;6
3971;95;248;1;land;false;plains;6
3972;59;218;1;land;false;desert;6
3973;116;227;1;land;false;plains;6
3974;62;212;1;land;false;plains;6
3975;93;240;1;land;false;plains;6
3976;63;202;1;land;false;desert;6
3977;86;203;1;land;false;plains;6
3978;66;222;1;land;false;plains;6
3979;69;227;1;land;false;forest;6
3980;65;239;1;land;false;forest;6
3981;114;221;1;land;false;plains;6
3982;115;226;1;land;false;plains;6
3983;82;227;1;land;false;forest;6
3984;69;220;1;land;false;plains;6
3985;49;251;1;land;false;forest;6
3986;127;215;1;land;false;plains;6
3987;94;221;1;land;false;plains;6
3988;126;223;1;land;false;plains;6
3989;52;202;1;land;false;desert;6
3990;109;227;1;land;false;forest;6
3991;101;222;1;land;false;plains;6
3992;52;226;1;land;false;desert;6
3993;120;242;1;land;false;desert;6
3994;88;231;1;land;false;plains;6
3995;53;198;1;land;false;forest;6
3996;73;210;1;land;false;plains;6
3997;100;220;1;land;false;forest;6
3998;49;214;1;land;false;forest;6
3999;51;205;1;land;false;plains;6
4000;66;225;1;land;false;forest;6
4001;91;217;1;land;false;plains;6
4002;123;207;1;land;false;plains;6
4003;109;219;1;land;false;plains;6
4004;66;234;1;land;false;desert;6
4005;110;201;1;land;false;plains;6
4006;19;43;1;land;false;plains;6
4007;32;33;1;land;false;plains;6
4008;6;46;1;land;false;plains;6
4009;7;35;1;land;false;plains;6
4010;65;31;1;land;false;plains;6
4011;38;12;1;land;false;plains;6
4012;36;44;1;land;false;plains;6
4013;55;37;1;land;false;plains;6
4014;33;13;1;land;false;plains;6
4015;15;76;1;land;false;plains;6
4016;9;52;1;land;false;plains;6
4017;28;53;1;land;false;forest;6
4018;37;71;1;land;false;plains;6
4019;44;79;1;land;false;plains;6
4020;14;58;1;land;false;plains;6
4021;14;74;1;land;false;plains;6
4022;71;81;1;land;false;plains;6
4023;31;20;1;land;false;plains;6
4024;35;49;1;land;false;forest;6
4025;84;86;1;land;false;plains;6
4026;112;99;1;land;false;forest;6
4027;56;98;1;land;false;forest;6
4028;110;37;1;land;false;forest;6
4029;62;66;1;land;false;forest;6
4030;83;29;1;land;false;forest;6
4031;102;75;1;land;false;plains;6
4032;41;91;1;land;false;plains;6
4033;107;48;1;land;false;plains;6
4034;34;28;1;land;false;plains;6
4035;63;98;1;land;false;plains;6
4036;81;42;1;land;false;forest;6
4037;91;40;1;land;false;forest;6
4038;95;28;1;land;false;plains;6
4039;99;51;1;land;false;plains;6
4040;95;66;1;land;false;forest;6
4041;83;67;1;land;false;plains;6
4042;103;26;1;land;false;plains;6
4043;112;29;1;land;false;forest;6
4044;60;31;1;land;false;forest;6
4045;50;89;1;land;false;forest;6
4046;55;47;1;land;false;forest;6
4047;85;37;1;land;false;forest;6
4048;85;43;1;land;false;forest;6
4049;44;52;1;land;false;forest;6
4050;39;68;1;land;false;plains;6
4051;68;25;1;land;false;plains;6
4052;44;84;1;land;false;plains;6
4053;85;40;1;land;false;plains;6
4054;86;48;1;land;false;forest;6
4055;80;85;1;land;false;plains;6
4056;45;37;1;land;false;forest;6
4057;42;22;1;land;false;forest;6
4058;108;44;1;land;false;plains;6
4059;74;55;1;land;false;forest;6
4060;89;41;1;land;false;plains;6
4061;70;53;1;land;false;plains;6
4062;66;63;1;land;false;plains;6
4063;43;100;1;land;false;plains;6
4064;50;93;1;land;false;plains;6
4065;50;36;1;land;false;plains;6
4066;72;35;1;land;false;plains;6
4067;85;72;1;land;false;plains;6
4068;106;34;1;land;false;plains;6
4069;112;41;1;land;false;forest;6
4070;40;82;1;land;false;forest;6
4071;61;77;1;land;false;forest;6
4072;75;91;1;land;false;plains;6
4073;54;93;1;land;false;plains;6
4074;82;27;1;land;false;forest;6
4075;77;56;1;land;false;plains;6
4076;106;93;1;land;false;plains;6
4077;69;43;1;land;false;plains;6
4078;71;77;1;land;false;plains;6
4079;87;101;1;land;false;plains;6
4080;83;60;1;land;false;plains;6
4081;116;60;1;land;false;plains;6
4082;136;102;1;land;false;plains;6
4083;110;30;1;land;false;plains;6
4084;113;58;1;land;false;plains;6
4085;102;40;1;land;false;plains;6
4086;108;89;1;land;false;plains;6
4087;74;100;1;land;false;plains;6
4088;134;78;1;land;false;plains;6
4089;67;85;1;land;false;plains;6
4090;90;83;1;land;false;plains;6
4091;113;91;1;land;false;plains;6
4092;84;65;1;land;false;plains;6
4093;65;37;1;land;false;plains;6
4094;74;43;1;land;false;plains;6
4095;100;105;1;land;false;plains;6
4096;83;95;1;land;false;plains;6
4097;124;94;1;land;false;plains;6
4098;73;59;1;land;false;plains;6
4099;86;105;1;land;false;plains;6
4100;128;37;1;land;false;plains;6
4101;81;78;1;land;false;plains;6
4102;63;82;1;land;false;plains;6
4103;89;45;1;land;false;plains;6
4104;112;74;1;land;false;plains;6
4105;88;29;1;land;false;plains;6
4106;90;31;1;land;false;plains;6
4107;132;79;1;land;false;plains;6
4108;75;69;1;land;false;plains;6
4109;97;153;1;land;false;plains;6
4110;88;153;1;land;false;plains;6
4111;104;156;1;land;false;plains;6
4112;76;144;1;land;false;forest;6
4113;65;160;1;land;false;plains;6
4114;116;143;1;land;false;forest;6
4115;77;138;1;land;false;plains;6
4116;79;181;1;land;false;plains;6
4117;49;110;1;land;false;plains;6
4118;117;186;1;land;false;plains;6
4119;117;143;1;land;false;plains;6
4120;100;179;1;land;false;plains;6
4121;73;184;1;land;false;plains;6
4122;104;164;1;land;false;forest;6
4123;68;159;1;land;false;plains;6
4124;56;181;1;land;false;plains;6
4125;61;136;1;land;false;plains;6
4126;64;134;1;land;false;plains;6
4127;85;147;1;land;false;plains;6
4128;54;146;1;land;false;plains;6
4129;74;180;1;land;false;forest;6
4130;124;148;1;land;false;plains;6
4131;71;115;1;land;false;plains;6
4132;69;164;1;land;false;plains;6
4133;94;179;1;land;false;plains;6
4134;60;171;1;land;false;forest;6
4135;110;178;1;land;false;plains;6
4136;102;153;1;land;false;plains;6
4137;116;177;1;land;false;plains;6
4138;103;121;1;land;false;plains;6
4139;70;116;1;land;false;plains;6
4140;49;180;1;land;false;forest;6
4141;68;175;1;land;false;plains;6
4142;124;119;1;land;false;forest;6
4143;92;116;1;land;false;plains;6
4144;58;181;1;land;false;plains;6
4145;91;167;1;land;false;plains;6
4146;64;109;1;land;false;plains;6
4147;118;141;1;land;false;plains;6
4148;99;176;1;land;false;forest;6
4149;117;155;1;land;false;plains;6
4150;117;146;1;land;false;plains;6
4151;29;60;1;land;false;plains;6
4152;47;46;1;land;false;plains;6
4153;3;12;1;land;false;plains;6
4154;12;25;1;land;false;plains;6
4155;38;41;1;land;false;plains;6
4156;51;3;1;land;false;plains;6
4157;22;51;1;land;false;plains;6
4158;26;52;1;land;false;plains;6
4159;42;72;1;land;false;plains;6
4160;21;47;1;land;false;forest;6
4161;15;3;1;land;false;plains;6
4162;0;11;1;land;false;plains;6
4163;56;41;1;land;false;plains;6
4164;17;67;1;land;false;plains;6
4165;9;13;1;land;false;plains;6
4166;2;74;1;land;false;plains;6
4167;47;43;1;land;false;plains;6
4168;13;52;1;land;false;plains;6
4169;37;51;1;land;false;plains;6
4170;38;40;1;land;false;plains;6
4171;17;75;1;land;false;plains;6
4172;31;57;1;land;false;plains;6
4173;50;25;1;land;false;plains;6
4174;53;66;1;land;false;plains;6
4175;37;26;1;land;false;plains;6
4176;14;5;1;land;false;plains;6
4177;21;64;1;land;false;plains;6
4178;40;53;1;land;false;forest;6
4179;16;57;1;land;false;plains;6
4180;56;65;1;land;false;plains;6
4181;29;81;1;land;false;plains;6
4182;54;44;1;land;false;plains;6
4183;11;77;1;land;false;plains;6
4184;49;29;1;land;false;plains;6
4185;13;23;1;land;false;plains;6
4186;58;65;1;land;false;plains;6
4187;46;12;1;land;false;plains;6
4188;32;75;1;land;false;plains;6
4189;22;41;1;land;false;plains;6
4190;12;38;1;land;false;plains;6
4191;54;62;1;land;false;plains;6
4192;24;23;1;land;false;plains;6
4193;1;55;1;land;false;plains;6
4194;52;249;1;land;false;plains;6
4195;31;189;1;land;false;plains;6
4196;103;243;1;land;false;plains;6
4197;48;238;1;land;false;plains;6
4198;54;224;1;land;false;plains;6
4199;100;200;1;land;false;plains;6
4200;51;206;1;land;false;plains;6
4201;72;229;1;land;false;plains;6
4202;85;220;1;land;false;plains;6
4203;65;213;1;land;false;plains;6
4204;87;223;1;land;false;plains;6
4205;31;216;1;land;false;plains;6
4206;101;251;1;land;false;plains;6
4207;34;251;1;land;false;plains;6
4208;32;214;1;land;false;plains;6
4209;39;218;1;land;false;plains;6
4210;78;218;1;land;false;forest;6
4211;95;242;1;land;false;plains;6
4212;32;205;1;land;false;plains;6
4213;84;224;1;land;false;plains;6
4214;45;234;1;land;false;plains;6
4215;105;250;1;land;false;plains;6
4216;61;190;1;land;false;forest;6
4217;61;232;1;land;false;plains;6
4218;48;223;1;land;false;plains;6
4219;45;215;1;land;false;plains;6
4220;55;229;1;land;false;plains;6
4221;76;250;1;land;false;plains;6
4222;77;199;1;land;false;plains;6
4223;77;240;1;land;false;plains;6
4224;58;241;1;land;false;plains;6
4225;71;245;1;land;false;plains;6
4226;60;200;1;land;false;plains;6
4227;40;223;1;land;false;plains;6
4228;30;214;1;land;false;plains;6
4229;76;207;1;land;false;plains;6
4230;72;193;1;land;false;plains;6
4231;106;246;1;land;false;plains;6
4232;101;217;1;land;false;plains;6
4233;63;206;1;land;false;plains;6
4234;56;197;1;land;false;plains;6
4235;98;225;1;land;false;plains;6
4236;162;82;1;land;false;plains;6
4237;155;75;1;land;false;plains;6
4238;195;88;1;land;false;plains;6
4239;188;112;1;land;false;plains;6
4240;210;92;1;land;false;plains;6
4241;203;59;1;land;false;plains;6
4242;196;101;1;land;false;forest;6
4243;140;88;1;land;false;plains;6
4244;141;93;1;land;false;forest;6
4245;171;77;1;land;false;forest;6
4246;185;89;1;land;false;plains;6
4247;172;104;1;land;false;plains;6
4248;175;60;1;land;false;forest;6
4249;183;89;1;land;false;plains;6
4250;180;84;1;land;false;plains;6
4251;161;54;1;land;false;plains;6
4252;195;84;1;land;false;forest;6
4253;152;94;1;land;false;plains;6
4254;157;67;1;land;false;plains;6
4255;152;119;1;land;false;plains;6
4256;188;128;1;land;false;plains;6
4257;139;102;1;land;false;plains;6
4258;145;60;1;land;false;plains;6
4259;182;89;1;land;false;plains;6
4260;216;93;1;land;false;plains;6
4261;179;123;1;land;false;plains;6
4262;199;61;1;land;false;plains;6
4263;188;102;1;land;false;plains;6
4264;168;125;1;land;false;forest;6
4265;208;110;1;land;false;forest;6
4266;139;59;1;land;false;plains;6
4267;155;72;1;land;false;plains;6
4268;216;90;1;land;false;plains;6
4269;192;112;1;land;false;plains;6
4270;209;65;1;land;false;forest;6
4271;159;112;1;land;false;forest;6
4272;188;213;1;land;false;plains;6
4273;179;148;1;land;false;plains;6
4274;152;173;1;land;false;plains;6
4275;146;210;1;land;false;plains;6
4276;197;150;1;land;false;desert;6
4277;204;201;1;land;false;plains;6
4278;206;163;1;land;false;forest;6
4279;204;140;1;land;false;plains;6
4280;212;144;1;land;false;plains;6
4281;192;215;1;land;false;plains;6
4282;171;155;1;land;false;plains;6
4283;208;187;1;land;false;plains;6
4284;178;198;1;land;false;plains;6
4285;159;205;1;land;false;plains;6
4286;194;216;1;land;false;plains;6
4287;137;144;1;land;false;desert;6
4288;161;159;1;land;false;plains;6
4289;187;166;1;land;false;plains;6
4290;162;139;1;land;false;plains;6
4291;153;158;1;land;false;plains;6
4292;136;140;1;land;false;desert;6
4293;148;198;1;land;false;desert;6
4294;137;196;1;land;false;desert;6
4295;211;188;1;land;false;plains;6
4296;140;149;1;land;false;plains;6
4297;159;159;1;land;false;forest;6
4298;155;192;1;land;false;plains;6
4299;206;152;1;land;false;plains;6
4300;155;170;1;land;false;plains;6
4301;197;142;1;land;false;plains;6
4302;156;215;1;land;false;plains;6
4303;199;180;1;land;false;plains;6
4304;166;186;1;land;false;plains;6
4305;137;198;1;land;false;plains;6
4306;190;181;1;land;false;plains;6
4307;154;171;1;land;false;plains;6
4308;149;140;1;land;false;forest;6
4309;177;176;1;land;false;plains;6
4310;137;145;1;land;false;plains;6
4311;136;184;1;land;false;plains;6
4312;72;165;1;land;false;plains;6
4313;53;121;1;land;false;plains;6
4314;69;131;1;land;false;plains;6
4315;52;137;1;land;false;forest;6
4316;59;186;1;land;false;plains;6
4317;77;179;1;land;false;plains;6
4318;101;131;1;land;false;plains;6
4319;123;126;1;land;false;plains;6
4320;109;178;1;land;false;plains;6
4321;90;140;1;land;false;plains;6
4322;97;180;1;land;false;plains;6
4323;100;113;1;land;false;plains;6
4324;108;112;1;land;false;plains;6
4325;105;144;1;land;false;plains;6
4326;83;150;1;land;false;forest;6
4327;109;114;1;land;false;plains;6
4328;122;150;1;land;false;plains;6
4329;113;190;1;land;false;plains;6
4330;122;132;1;land;false;plains;6
4331;112;167;1;land;false;plains;6
4332;81;182;1;land;false;plains;6
4333;84;115;1;land;false;plains;6
4334;125;133;1;land;false;plains;6
4335;68;140;1;land;false;plains;6
4336;62;123;1;land;false;plains;6
4337;68;183;1;land;false;plains;6
4338;106;153;1;land;false;plains;6
4339;79;124;1;land;false;plains;6
4340;130;122;1;land;false;forest;6
4341;86;140;1;land;false;plains;6
4342;90;125;1;land;false;forest;6
4343;97;112;1;land;false;plains;6
4344;123;190;1;land;false;plains;6
4345;113;124;1;land;false;plains;6
4346;85;184;1;land;false;plains;6
4347;82;188;1;land;false;plains;6
4348;112;129;1;land;false;plains;6
4349;99;191;1;land;false;plains;6
4350;57;148;1;land;false;plains;6
4351;124;138;1;land;false;plains;6
4352;83;189;1;land;false;forest;6
4353;67;175;1;land;false;plains;6
4354;61;128;1;land;false;plains;6
4355;84;138;1;land;false;plains;6
4356;60;191;1;land;false;plains;6
4357;77;116;1;land;false;plains;6
4358;89;227;1;land;false;plains;6
4359;84;239;1;land;false;forest;6
4360;74;227;1;land;false;desert;6
4361;97;236;1;land;false;plains;6
4362;84;250;1;land;false;desert;6
4363;40;253;1;land;false;plains;6
4364;67;252;1;land;false;desert;6
4365;79;201;1;land;false;desert;6
4366;48;192;1;land;false;desert;6
4367;50;229;1;land;false;desert;6
4368;91;229;1;land;false;plains;6
4369;66;196;1;land;false;plains;6
4370;48;214;1;land;false;desert;6
4371;106;212;1;land;false;plains;6
4372;77;211;1;land;false;desert;6
4373;114;253;1;land;false;plains;6
4374;98;209;1;land;false;plains;6
4375;57;217;1;land;false;plains;6
4376;112;205;1;land;false;plains;6
4377;52;252;1;land;false;plains;6
4378;39;199;1;land;false;desert;6
4379;52;247;1;land;false;desert;6
4380;50;207;1;land;false;forest;6
4381;67;202;1;land;false;desert;6
4382;65;219;1;land;false;desert;6
4383;66;219;1;land;false;plains;6
4384;62;219;1;land;false;desert;6
4385;92;205;1;land;false;plains;6
4386;55;232;1;land;false;plains;6
4387;59;199;1;land;false;forest;6
4388;69;241;1;land;false;desert;6
4389;43;245;1;land;false;desert;6
4390;68;221;1;land;false;desert;6
4391;95;213;1;land;false;plains;6
4392;110;200;1;land;false;plains;6
4393;101;198;1;land;false;plains;6
4394;37;242;1;land;false;desert;6
4395;206;127;1;land;false;plains;6
4396;165;61;1;land;false;plains;6
4397;136;106;1;land;false;plains;6
4398;135;53;1;land;false;plains;6
4399;167;65;1;land;false;plains;6
4400;193;120;1;land;false;plains;6
4401;209;111;1;land;false;plains;6
4402;154;89;1;land;false;plains;6
4403;150;125;1;land;false;plains;6
4404;141;80;1;land;false;plains;6
4405;176;102;1;land;false;plains;6
4406;151;115;1;land;false;plains;6
4407;142;93;1;land;false;plains;6
4408;165;70;1;land;false;plains;6
4409;160;110;1;land;false;plains;6
4410;182;55;1;land;false;plains;6
4411;203;126;1;land;false;plains;6
4412;148;122;1;land;false;plains;6
4413;209;60;1;land;false;plains;6
4414;178;110;1;land;false;plains;6
4415;173;86;1;land;false;plains;6
4416;163;58;1;land;false;plains;6
4417;172;89;1;land;false;plains;6
4418;174;89;1;land;false;plains;6
4419;201;128;1;land;false;plains;6
4420;162;89;1;land;false;plains;6
4421;199;64;1;land;false;plains;6
4422;160;52;1;land;false;plains;6
4423;154;93;1;land;false;plains;6
4424;156;106;1;land;false;plains;6
4425;156;110;1;land;false;plains;6
4426;188;83;1;land;false;plains;6
4427;152;97;1;land;false;plains;6
4428;167;127;1;land;false;plains;6
4429;142;99;1;land;false;plains;6
4430;182;81;1;land;false;plains;6
4431;209;120;1;land;false;plains;6
4432;201;113;1;land;false;plains;6
4433;195;112;1;land;false;plains;6
4434;169;53;1;land;false;plains;6
4435;202;100;1;land;false;plains;6
4436;151;122;1;land;false;plains;6
4437;210;84;1;land;false;plains;6
4438;172;60;1;land;false;plains;6
4439;205;103;1;land;false;plains;6
4440;173;101;1;land;false;plains;6
4441;156;63;1;land;false;plains;6
4442;189;53;1;land;false;plains;6
4443;151;127;1;land;false;plains;6
4444;132;105;1;land;false;plains;6
4445;174;112;1;land;false;plains;6
4446;165;121;1;land;false;plains;6
4447;148;127;1;land;false;plains;6
4448;166;129;1;land;false;plains;6
4449;165;108;1;land;false;plains;6
4450;186;127;1;land;false;plains;6
4451;202;125;1;land;false;plains;6
4452;214;114;1;land;false;plains;6
4453;247;138;1;land;false;plains;6
4454;249;100;1;land;false;plains;6
4455;206;84;1;land;false;plains;6
4456;214;128;1;land;false;plains;6
4457;209;103;1;land;false;plains;6
4458;230;97;1;land;false;plains;6
4459;250;114;1;land;false;plains;6
4460;176;72;1;land;false;plains;6
4461;235;117;1;land;false;plains;6
4462;182;118;1;land;false;plains;6
4463;250;124;1;land;false;plains;6
4464;211;103;1;land;false;plains;6
4465;219;112;1;land;false;plains;6
4466;178;141;1;land;false;plains;6
4467;215;121;1;land;false;plains;6
4468;235;71;1;land;false;plains;6
4469;195;119;1;land;false;plains;6
4470;184;143;1;land;false;plains;6
4471;188;87;1;land;false;plains;6
4472;206;96;1;land;false;plains;6
4473;227;124;1;land;false;plains;6
4474;215;76;1;land;false;plains;6
4475;217;98;1;land;false;plains;6
4476;205;101;1;land;false;plains;6
4477;192;86;1;land;false;plains;6
4478;219;134;1;land;false;plains;6
4479;206;138;1;land;false;plains;6
4480;191;99;1;land;false;plains;6
4481;237;73;1;land;false;plains;6
4482;232;110;1;land;false;plains;6
4483;232;70;1;land;false;plains;6
4484;189;141;1;land;false;plains;6
4485;189;77;1;land;false;plains;6
4486;215;75;1;land;false;plains;6
4487;220;89;1;land;false;plains;6
4488;204;82;1;land;false;plains;6
4489;225;125;1;land;false;plains;6
4490;187;98;1;land;false;plains;6
4491;244;95;1;land;false;plains;6
4492;247;120;1;land;false;plains;6
4493;188;77;1;land;false;plains;6
4494;195;74;1;land;false;plains;6
4495;252;94;1;land;false;plains;6
4496;232;83;1;land;false;plains;6
4497;200;126;1;land;false;plains;6
4498;177;141;1;land;false;plains;6
4499;198;68;1;land;false;plains;6
4500;234;95;1;land;false;plains;6
4501;184;84;1;land;false;plains;6
4502;181;71;1;land;false;plains;6
4503;176;133;1;land;false;plains;6
4504;248;98;1;land;false;plains;6
4505;234;133;1;land;false;plains;6
4506;214;66;1;land;false;plains;6
4507;243;137;1;land;false;plains;6
4508;187;89;1;land;false;plains;6
4509;247;69;1;land;false;plains;6
4510;189;143;1;land;false;plains;6
4511;238;139;1;land;false;plains;6
4512;213;88;1;land;false;plains;6
4513;231;68;1;land;false;plains;6
4514;220;130;1;land;false;plains;6
4515;173;124;1;land;false;plains;6
4516;249;138;1;land;false;plains;6
4517;178;133;1;land;false;plains;6
4518;191;82;1;land;false;plains;6
4519;185;128;1;land;false;plains;6
4520;196;124;1;land;false;plains;6
4521;249;75;1;land;false;plains;6
4522;217;79;1;land;false;plains;6
4523;233;132;1;land;false;plains;6
4524;175;140;1;land;false;plains;6
4525;68;200;1;land;false;forest;6
4526;90;237;1;land;false;forest;6
4527;65;227;1;land;false;forest;6
4528;42;227;1;land;false;plains;6
4529;96;197;1;land;false;forest;6
4530;53;224;1;land;false;forest;6
4531;83;226;1;land;false;forest;6
4532;33;222;1;land;false;forest;6
4533;46;219;1;land;false;plains;6
4534;88;245;1;land;false;forest;6
4535;27;216;1;land;false;forest;6
4536;56;249;1;land;false;forest;6
4537;69;204;1;land;false;forest;6
4538;25;215;1;land;false;forest;6
4539;25;234;1;land;false;forest;6
4540;102;187;1;land;false;forest;6
4541;53;206;1;land;false;forest;6
4542;102;196;1;land;false;plains;6
4543;58;205;1;land;false;forest;6
4544;62;216;1;land;false;forest;6
4545;42;249;1;land;false;forest;6
4546;93;192;1;land;false;forest;6
4547;48;254;1;land;false;forest;6
4548;54;238;1;land;false;forest;6
4549;50;200;1;land;false;plains;6
4550;89;232;1;land;false;forest;6
4551;58;196;1;land;false;forest;6
4552;35;192;1;land;false;forest;6
4553;47;247;1;land;false;forest;6
4554;50;204;1;land;false;forest;6
4555;69;234;1;land;false;forest;6
4556;78;199;1;land;false;forest;6
4557;36;198;1;land;false;forest;6
4558;64;243;1;land;false;forest;6
4559;25;189;1;land;false;forest;6
4560;49;235;1;land;false;forest;6
4561;97;252;1;land;false;forest;6
4562;191;223;1;land;false;plains;6
4563;179;151;1;land;false;plains;6
4564;157;210;1;land;false;plains;6
4565;214;223;1;land;false;plains;6
4566;207;220;1;land;false;plains;6
4567;181;225;1;land;false;plains;6
4568;171;170;1;land;false;plains;6
4569;233;207;1;land;false;plains;6
4570;213;151;1;land;false;plains;6
4571;220;163;1;land;false;plains;6
4572;219;189;1;land;false;plains;6
4573;161;163;1;land;false;plains;6
4574;200;199;1;land;false;plains;6
4575;188;173;1;land;false;plains;6
4576;163;182;1;land;false;plains;6
4577;188;186;1;land;false;plains;6
4578;185;217;1;land;false;plains;6
4579;198;147;1;land;false;plains;6
4580;192;181;1;land;false;plains;6
4581;232;196;1;land;false;plains;6
4582;164;206;1;land;false;plains;6
4583;192;194;1;land;false;plains;6
4584;211;222;1;land;false;plains;6
4585;181;200;1;land;false;plains;6
4586;200;211;1;land;false;plains;6
4587;220;166;1;land;false;plains;6
4588;157;146;1;land;false;plains;6
4589;195;188;1;land;false;plains;6
4590;231;208;1;land;false;plains;6
4591;220;187;1;land;false;plains;6
4592;203;171;1;land;false;plains;6
4593;158;202;1;land;false;plains;6
4594;168;182;1;land;false;plains;6
4595;198;198;1;land;false;plains;6
4596;192;158;1;land;false;plains;6
4597;227;170;1;land;false;plains;6
4598;163;166;1;land;false;plains;6
4599;164;146;1;land;false;plains;6
4600;176;177;1;land;false;plains;6
4601;217;214;1;land;false;plains;6
4602;201;213;1;land;false;plains;6
4603;162;172;1;land;false;plains;6
4604;233;199;1;land;false;plains;6
4605;229;208;1;land;false;plains;6
4606;226;169;1;land;false;plains;6
4607;240;229;1;land;false;plains;6
4608;217;172;1;land;false;plains;6
4609;233;215;1;land;false;plains;6
4610;246;186;1;land;false;forest;6
4611;232;204;1;land;false;plains;6
4612;210;241;1;land;false;plains;6
4613;245;195;1;land;false;plains;6
4614;210;215;1;land;false;plains;6
4615;223;207;1;land;false;forest;6
4616;235;192;1;land;false;plains;6
4617;222;231;1;land;false;forest;6
4618;215;171;1;land;false;plains;6
4619;209;205;1;land;false;forest;6
4620;242;237;1;land;false;plains;6
4621;233;168;1;land;false;plains;6
4622;227;171;1;land;false;plains;6
4623;221;170;1;land;false;plains;6
4624;252;198;1;land;false;plains;6
4625;247;197;1;land;false;plains;6
4626;246;217;1;land;false;plains;6
4627;246;207;1;land;false;forest;6
4628;254;211;1;land;false;plains;6
4629;224;233;1;land;false;plains;6
4630;220;232;1;land;false;plains;6
4631;216;214;1;land;false;plains;6
4632;230;198;1;land;false;plains;6
4633;239;218;1;land;false;plains;6
4634;246;206;1;land;false;plains;6
4635;228;236;1;land;false;forest;6
4636;206;220;1;land;false;plains;6
4637;224;212;1;land;false;plains;6
4638;213;171;1;land;false;plains;6
4639;234;187;1;land;false;plains;6
4640;252;221;1;land;false;plains;6
4641;61;80;1;land;false;plains;6
4642;56;75;1;land;false;plains;6
4643;124;48;1;land;false;forest;6
4644;62;52;1;land;false;plains;6
4645;105;55;1;land;false;forest;6
4646;121;33;1;land;false;plains;6
4647;128;32;1;land;false;plains;6
4648;90;43;1;land;false;forest;6
4649;63;32;1;land;false;plains;6
4650;83;63;1;land;false;plains;6
4651;80;53;1;land;false;plains;6
4652;63;105;1;land;false;plains;6
4653;61;72;1;land;false;forest;6
4654;75;44;1;land;false;forest;6
4655;128;94;1;land;false;plains;6
4656;101;107;1;land;false;plains;6
4657;121;92;1;land;false;plains;6
4658;130;70;1;land;false;plains;6
4659;70;63;1;land;false;plains;6
4660;104;66;1;land;false;plains;6
4661;129;86;1;land;false;plains;6
4662;68;41;1;land;false;plains;6
4663;73;39;1;land;false;plains;6
4664;130;104;1;land;false;plains;6
4665;80;64;1;land;false;forest;6
4666;133;77;1;land;false;plains;6
4667;73;75;1;land;false;plains;6
4668;76;63;1;land;false;plains;6
4669;89;60;1;land;false;plains;6
4670;63;102;1;land;false;plains;6
4671;133;100;1;land;false;plains;6
4672;126;63;1;land;false;forest;6
4673;126;77;1;land;false;forest;6
4674;86;80;1;land;false;plains;6
4675;72;40;1;land;false;plains;6
4676;133;75;1;land;false;plains;6
4677;76;68;1;land;false;plains;6
4678;56;46;1;land;false;forest;6
4679;64;96;1;land;false;plains;6
4680;74;77;1;land;false;forest;6
4681;131;45;1;land;false;plains;6
4682;77;70;1;land;false;plains;6
4683;113;88;1;land;false;plains;6
4684;131;54;1;land;false;plains;6
4685;135;65;1;land;false;plains;6
4686;80;79;1;land;false;plains;6
4687;60;85;1;land;false;plains;6
4688;69;55;1;land;false;plains;6
4689;114;52;1;land;false;forest;6
4690;87;36;1;land;false;plains;6
4691;77;89;1;land;false;plains;6
4692;81;101;1;land;false;plains;6
4693;66;105;1;land;false;plains;6
4694;97;65;1;land;false;plains;6
4695;97;93;1;land;false;plains;6
4696;117;100;1;land;false;forest;6
4697;75;41;1;land;false;plains;6
4698;126;68;1;land;false;plains;6
4699;100;68;1;land;false;plains;6
4700;105;78;1;land;false;plains;6
4701;62;105;1;land;false;forest;6
4702;95;44;1;land;false;plains;6
4703;123;74;1;land;false;forest;6
4704;122;79;1;land;false;plains;6
4705;89;99;1;land;false;plains;6
4706;118;36;1;land;false;forest;6
4707;119;35;1;land;false;plains;6
4708;104;91;1;land;false;plains;6
4709;77;59;1;land;false;plains;6
4710;108;70;1;land;false;plains;6
4711;104;45;1;land;false;plains;6
4712;68;53;1;land;false;forest;6
4713;88;58;1;land;false;plains;6
4714;96;55;1;land;false;plains;6
4715;60;48;1;land;false;plains;6
4716;117;45;1;land;false;plains;6
4717;77;38;1;land;false;plains;6
4718;122;73;1;land;false;plains;6
4719;86;77;1;land;false;plains;6
4720;68;95;1;land;false;plains;6
4721;112;38;1;land;false;plains;6
4722;69;74;1;land;false;plains;6
4723;66;71;1;land;false;plains;6
4724;96;29;1;land;false;plains;6
4725;76;66;1;land;false;plains;6
4726;72;30;1;land;false;plains;6
4727;118;106;1;land;false;plains;6
4728;63;106;1;land;false;plains;6
4729;117;32;1;land;false;forest;6
4730;83;27;1;land;false;forest;6
4731;76;102;1;land;false;forest;6
4732;88;101;1;land;false;plains;6
4733;87;38;1;land;false;forest;6
4734;57;74;1;land;false;plains;6
4735;77;75;1;land;false;plains;6
4736;116;107;1;land;false;plains;6
4737;40;109;1;land;false;plains;6
4738;41;151;1;land;false;plains;6
4739;105;179;1;land;false;plains;6
4740;76;157;1;land;false;plains;6
4741;107;175;1;land;false;plains;6
4742;89;113;1;land;false;plains;6
4743;84;135;1;land;false;plains;6
4744;46;165;1;land;false;plains;6
4745;68;116;1;land;false;plains;6
4746;113;177;1;land;false;plains;6
4747;45;120;1;land;false;plains;6
4748;112;176;1;land;false;plains;6
4749;118;160;1;land;false;plains;6
4750;48;127;1;land;false;plains;6
4751;85;107;1;land;false;plains;6
4752;81;162;1;land;false;plains;6
4753;80;117;1;land;false;plains;6
4754;43;108;1;land;false;plains;6
4755;49;129;1;land;false;plains;6
4756;60;182;1;land;false;plains;6
4757;97;114;1;land;false;plains;6
4758;57;145;1;land;false;plains;6
4759;61;152;1;land;false;plains;6
4760;105;185;1;land;false;plains;6
4761;83;157;1;land;false;plains;6
4762;103;159;1;land;false;plains;6
4763;113;180;1;land;false;plains;6
4764;98;169;1;land;false;plains;6
4765;105;117;1;land;false;plains;6
4766;62;121;1;land;false;plains;6
4767;61;117;1;land;false;plains;6
4768;67;108;1;land;false;plains;6
4769;80;165;1;land;false;plains;6
4770;67;144;1;land;false;plains;6
4771;64;184;1;land;false;plains;6
4772;73;156;1;land;false;plains;6
4773;114;183;1;land;false;plains;6
4774;49;154;1;land;false;plains;6
4775;86;111;1;land;false;plains;6
4776;88;157;1;land;false;plains;6
4777;75;136;1;land;false;plains;6
4778;71;178;1;land;false;plains;6
4779;103;112;1;land;false;plains;6
4780;109;180;1;land;false;plains;6
4781;46;111;1;land;false;plains;6
4782;40;129;1;land;false;plains;6
4783;72;176;1;land;false;plains;6
4784;78;161;1;land;false;plains;6
4785;77;163;1;land;false;plains;6
4786;41;145;1;land;false;plains;6
4787;100;129;1;land;false;plains;6
4788;102;115;1;land;false;plains;6
4789;105;139;1;land;false;plains;6
4790;53;179;1;land;false;plains;6
4791;78;118;1;land;false;plains;6
4792;90;131;1;land;false;plains;6
4793;84;161;1;land;false;plains;6
4794;219;136;1;land;false;plains;6
4795;233;151;1;land;false;forest;6
4796;226;115;1;land;false;forest;6
4797;237;154;1;land;false;plains;6
4798;228;93;1;land;false;forest;6
4799;232;107;1;land;false;forest;6
4800;231;107;1;land;false;forest;6
4801;234;124;1;land;false;forest;6
4802;241;80;1;land;false;forest;6
4803;247;149;1;land;false;plains;6
4804;140;226;1;land;false;plains;6
4805;109;228;1;land;false;plains;6
4806;89;214;1;land;false;plains;6
4807;134;233;1;land;false;plains;6
4808;122;244;1;land;false;plains;6
4809;124;203;1;land;false;plains;6
4810;96;210;1;land;false;plains;6
4811;74;249;1;land;false;plains;6
4812;66;241;1;land;false;plains;6
4813;127;242;1;land;false;plains;6
4814;120;241;1;land;false;plains;6
4815;113;232;1;land;false;plains;6
4816;78;212;1;land;false;plains;6
4817;97;254;1;land;false;plains;6
4818;85;201;1;land;false;plains;6
4819;80;238;1;land;false;plains;6
4820;75;251;1;land;false;plains;6
4821;101;206;1;land;false;plains;6
4822;72;245;1;land;false;forest;6
4823;117;246;1;land;false;plains;6
4824;132;234;1;land;false;plains;6
4825;78;231;1;land;false;plains;6
4826;88;240;1;land;false;plains;6
4827;137;232;1;land;false;plains;6
4828;149;15;1;land;false;plains;6
4829;140;2;1;land;false;forest;6
4830;171;41;1;land;false;plains;6
4831;173;11;1;land;false;forest;6
4832;148;32;1;land;false;forest;6
4833;168;32;1;land;false;forest;6
4834;160;25;1;land;false;forest;6
4835;199;22;1;land;false;forest;6
4836;156;2;1;land;false;forest;6
4837;215;42;1;land;false;forest;6
4838;164;16;1;land;false;plains;6
4839;182;29;1;land;false;plains;6
4840;194;39;1;land;false;forest;6
4841;177;15;1;land;false;forest;6
4842;209;14;1;land;false;forest;6
4843;193;45;1;land;false;plains;6
4844;169;7;1;land;false;forest;6
4845;171;0;1;land;false;plains;6
4846;167;31;1;land;false;forest;6
4847;210;17;1;land;false;plains;6
4848;174;41;1;land;false;forest;6
4849;192;30;1;land;false;plains;6
4850;215;41;1;land;false;forest;6
4851;154;24;1;land;false;plains;6
4852;172;3;1;land;false;plains;6
4853;179;74;1;land;false;plains;6
4854;193;98;1;land;false;plains;6
4855;162;109;1;land;false;plains;6
4856;179;106;1;land;false;plains;6
4857;199;106;1;land;false;plains;6
4858;223;77;1;land;false;plains;6
4859;205;99;1;land;false;plains;6
4860;205;74;1;land;false;plains;6
4861;176;78;1;land;false;plains;6
4862;170;86;1;land;false;plains;6
4863;189;114;1;land;false;plains;6
4864;178;139;1;land;false;plains;6
4865;200;113;1;land;false;plains;6
4866;234;106;1;land;false;plains;6
4867;233;75;1;land;false;plains;6
4868;200;63;1;land;false;plains;6
4869;238;138;1;land;false;plains;6
4870;161;79;1;land;false;plains;6
4871;208;98;1;land;false;plains;6
4872;221;73;1;land;false;plains;6
4873;173;87;1;land;false;plains;6
4874;178;116;1;land;false;plains;6
4875;188;114;1;land;false;plains;6
4876;173;119;1;land;false;plains;6
4877;214;78;1;land;false;plains;6
4878;201;120;1;land;false;plains;6
4879;226;70;1;land;false;plains;6
4880;177;102;1;land;false;plains;6
4881;202;115;1;land;false;plains;6
4882;164;115;1;land;false;plains;6
4883;184;100;1;land;false;plains;6
4884;162;77;1;land;false;plains;6
4885;223;94;1;land;false;plains;6
4886;214;90;1;land;false;plains;6
4887;165;101;1;land;false;plains;6
4888;217;84;1;land;false;plains;6
4889;187;79;1;land;false;plains;6
4890;176;91;1;land;false;plains;6
4891;161;118;1;land;false;plains;6
4892;186;67;1;land;false;plains;6
4893;162;73;1;land;false;plains;6
4894;239;99;1;land;false;plains;6
4895;223;63;1;land;false;plains;6
4896;181;118;1;land;false;plains;6
4897;54;237;1;land;false;forest;6
4898;42;218;1;land;false;plains;6
4899;43;197;1;land;false;plains;6
4900;74;201;1;land;false;plains;6
4901;26;245;1;land;false;plains;6
4902;73;240;1;land;false;plains;6
4903;55;199;1;land;false;plains;6
4904;42;198;1;land;false;forest;6
4905;44;191;1;land;false;plains;6
4906;37;203;1;land;false;forest;6
4907;46;216;1;land;false;plains;6
4908;57;210;1;land;false;plains;6
4909;29;208;1;land;false;plains;6
4910;64;229;1;land;false;plains;6
4911;51;235;1;land;false;plains;6
4912;19;218;1;land;false;forest;6
4913;70;191;1;land;false;plains;6
4914;21;208;1;land;false;forest;6
4915;27;246;1;land;false;forest;6
4916;55;186;1;land;false;plains;6
4917;90;248;1;land;false;forest;6
4918;44;206;1;land;false;plains;6
4919;39;212;1;land;false;plains;6
4920;35;231;1;land;false;forest;6
4921;46;205;1;land;false;plains;6
4922;23;182;1;land;false;plains;6
4923;88;219;1;land;false;plains;6
4924;30;244;1;land;false;plains;6
4925;55;209;1;land;false;forest;6
4926;74;251;1;land;false;forest;6
4927;39;175;1;land;false;plains;6
4928;34;244;1;land;false;plains;6
4929;34;232;1;land;false;plains;6
4930;0;177;1;land;false;plains;6
4931;1;178;1;land;false;plains;6
4932;10;234;1;land;false;plains;6
4933;45;236;1;land;false;plains;6
4934;39;213;1;land;false;plains;6
4935;26;186;1;land;false;forest;6
4936;15;240;1;land;false;plains;6
4937;10;218;1;land;false;plains;6
4938;12;171;1;land;false;plains;6
4939;23;170;1;land;false;forest;6
4940;44;179;1;land;false;forest;6
4941;5;197;1;land;false;plains;6
4942;34;195;1;land;false;plains;6
4943;21;223;1;land;false;plains;6
4944;34;219;1;land;false;plains;6
4945;49;211;1;land;false;plains;6
4946;36;193;1;land;false;plains;6
4947;25;178;1;land;false;plains;6
4948;5;228;1;land;false;plains;6
4949;50;169;1;land;false;plains;6
4950;39;207;1;land;false;plains;6
4951;5;204;1;land;false;forest;6
4952;21;189;1;land;false;plains;6
4953;47;235;1;land;false;plains;6
4954;29;235;1;land;false;plains;6
4955;20;220;1;land;false;plains;6
4956;1;193;1;land;false;forest;6
4957;21;243;1;land;false;plains;6
4958;30;184;1;land;false;plains;6
4959;15;210;1;land;false;plains;6
4960;10;221;1;land;false;plains;6
4961;25;201;1;land;false;plains;6
4962;34;235;1;land;false;plains;6
4963;19;243;1;land;false;plains;6
4964;6;211;1;land;false;plains;6
4965;27;183;1;land;false;plains;6
4966;42;202;1;land;false;forest;6
4967;20;236;1;land;false;plains;6
4968;6;222;1;land;false;plains;6
4969;8;220;1;land;false;plains;6
4970;31;205;1;land;false;forest;6
4971;16;212;1;land;false;forest;6
4972;38;169;1;land;false;plains;6
4973;2;176;1;land;false;plains;6
4974;22;178;1;land;false;plains;6
4975;10;241;1;land;false;plains;6
4976;43;178;1;land;false;plains;6
4977;11;173;1;land;false;plains;6
4978;0;243;1;land;false;plains;6
4979;37;177;1;land;false;plains;6
4980;43;172;1;land;false;plains;6
4981;24;220;1;land;false;plains;6
4982;7;177;1;land;false;plains;6
4983;48;194;1;land;false;plains;6
4984;41;173;1;land;false;plains;6
4985;8;192;1;land;false;plains;6
4986;40;239;1;land;false;plains;6
4987;23;235;1;land;false;plains;6
4988;3;198;1;land;false;plains;6
4989;31;179;1;land;false;plains;6
4990;44;192;1;land;false;plains;6
4991;56;187;1;land;false;plains;6
4992;39;187;1;land;false;plains;6
4993;50;234;1;land;false;plains;6
4994;25;222;1;land;false;plains;6
4995;7;219;1;land;false;plains;6
4996;26;231;1;land;false;plains;6
4997;148;67;1;land;false;plains;6
4998;95;40;1;land;false;plains;6
4999;159;38;1;land;false;plains;6
5000;90;57;1;land;false;plains;6
5001;117;46;1;land;false;plains;6
5002;116;79;1;land;false;plains;6
5003;129;45;1;land;false;plains;6
5004;104;36;1;land;false;plains;6
5005;158;53;1;land;false;plains;6
5006;149;89;1;land;false;plains;6
5007;115;94;1;land;false;plains;6
5008;154;62;1;land;false;plains;6
5009;148;78;1;land;false;plains;6
5010;114;58;1;land;false;plains;6
5011;87;51;1;land;false;plains;6
5012;114;83;1;land;false;plains;6
5013;104;52;1;land;false;plains;6
5014;149;58;1;land;false;plains;6
5015;125;114;1;land;false;plains;6
5016;150;91;1;land;false;plains;6
5017;102;76;1;land;false;plains;6
5018;115;89;1;land;false;plains;6
5019;116;52;1;land;false;plains;6
5020;137;90;1;land;false;plains;6
5021;161;61;1;land;false;plains;6
5022;144;90;1;land;false;plains;6
5023;158;50;1;land;false;plains;6
5024;126;102;1;land;false;plains;6
5025;130;54;1;land;false;plains;6
5026;145;48;1;land;false;plains;6
5027;103;70;1;land;false;plains;6
5028;124;71;1;land;false;plains;6
5029;201;89;1;land;false;plains;6
5030;172;119;1;land;false;plains;6
5031;203;98;1;land;false;plains;6
5032;196;67;1;land;false;plains;6
5033;189;121;1;land;false;plains;6
5034;196;107;1;land;false;plains;6
5035;134;107;1;land;false;plains;6
5036;188;126;1;land;false;plains;6
5037;151;118;1;land;false;plains;6
5038;162;115;1;land;false;plains;6
5039;145;99;1;land;false;desert;6
5040;194;127;1;land;false;plains;6
5041;129;114;1;land;false;plains;6
5042;151;86;1;land;false;plains;6
5043;177;107;1;land;false;plains;6
5044;149;81;1;land;false;plains;6
5045;128;100;1;land;false;plains;6
5046;170;102;1;land;false;plains;6
5047;188;127;1;land;false;plains;6
5048;155;51;1;land;false;plains;6
5049;143;80;1;land;false;plains;6
5050;130;75;1;land;false;plains;6
5051;160;94;1;land;false;plains;6
5052;170;68;1;land;false;plains;6
5053;136;111;1;land;false;plains;6
5054;181;90;1;land;false;desert;6
5055;176;58;1;land;false;plains;6
5056;132;55;1;land;false;plains;6
5057;169;101;1;land;false;plains;6
5058;185;80;1;land;false;plains;6
5059;145;80;1;land;false;plains;6
5060;159;118;1;land;false;plains;6
5061;184;109;1;land;false;plains;6
5062;180;95;1;land;false;plains;6
5063;148;110;1;land;false;plains;6
5064;199;78;1;land;false;plains;6
5065;198;61;1;land;false;plains;6
5066;47;24;1;land;false;forest;6
5067;59;38;1;land;false;forest;6
5068;18;29;1;land;false;forest;6
5069;17;27;1;land;false;forest;6
5070;64;24;1;land;false;plains;6
5071;69;30;1;land;false;plains;6
5072;10;30;1;land;false;plains;6
5073;5;18;1;land;false;forest;6
5074;34;52;1;land;false;plains;6
5075;29;54;1;land;false;forest;6
5076;66;82;1;land;false;forest;6
5077;35;37;1;land;false;plains;6
5078;53;80;1;land;false;forest;6
5079;29;88;1;land;false;forest;6
5080;50;50;1;land;false;forest;6
5081;28;82;1;land;false;plains;6
5082;19;29;1;land;false;forest;6
5083;43;27;1;land;false;forest;6
5084;3;70;1;land;false;plains;6
5085;19;83;1;land;false;plains;6
5086;20;67;1;land;false;plains;6
5087;38;67;1;land;false;plains;6
5088;6;23;1;land;false;plains;6
5089;80;39;1;land;false;forest;6
5090;31;38;1;land;false;forest;6
5091;38;45;1;land;false;forest;6
5092;20;60;1;land;false;forest;6
5093;44;17;1;land;false;plains;6
5094;61;56;1;land;false;forest;6
5095;11;83;1;land;false;forest;6
5096;225;54;1;land;false;plains;6
5097;192;20;1;land;false;plains;6
5098;215;24;1;land;false;plains;6
5099;209;30;1;land;false;plains;6
5100;233;36;1;land;false;plains;6
5101;178;40;1;land;false;plains;6
5102;252;24;1;land;false;plains;6
5103;220;48;1;land;false;plains;6
5104;185;60;1;land;false;plains;6
5105;253;26;1;land;false;plains;6
5106;213;41;1;land;false;plains;6
5107;199;43;1;land;false;plains;6
5108;202;17;1;land;false;plains;6
5109;222;46;1;land;false;plains;6
5110;185;31;1;land;false;plains;6
5111;231;43;1;land;false;plains;6
5112;244;39;1;land;false;plains;6
5113;254;2;1;land;false;plains;6
5114;214;60;1;land;false;plains;6
5115;208;43;1;land;false;plains;6
5116;220;6;1;land;false;plains;6
5117;242;1;1;land;false;plains;6
5118;179;38;1;land;false;plains;6
5119;236;41;1;land;false;plains;6
5120;200;22;1;land;false;plains;6
5121;186;0;1;land;false;plains;6
5122;240;34;1;land;false;plains;6
5123;229;45;1;land;false;plains;6
5124;198;28;1;land;false;plains;6
5125;181;59;1;land;false;plains;6
5126;179;0;1;land;false;plains;6
5127;230;53;1;land;false;plains;6
5128;177;38;1;land;false;plains;6
5129;251;44;1;land;false;plains;6
5130;196;29;1;land;false;plains;6
5131;197;32;1;land;false;plains;6
5132;230;12;1;land;false;plains;6
5133;241;13;1;land;false;plains;6
5134;246;21;1;land;false;plains;6
5135;223;46;1;land;false;plains;6
5136;214;55;1;land;false;plains;6
5137;186;39;1;land;false;plains;6
5138;3;25;1;land;false;forest;6
5139;4;27;1;land;false;forest;6
5140;19;27;1;land;false;forest;6
5141;35;12;1;land;false;forest;6
5142;37;30;1;land;false;forest;6
5143;40;38;1;land;false;forest;6
5144;40;7;1;land;false;forest;6
5145;37;44;1;land;false;forest;6
5146;24;73;1;land;false;forest;6
5147;14;28;1;land;false;forest;6
5148;35;41;1;land;false;forest;6
5149;23;74;1;land;false;plains;6
5150;32;57;1;land;false;forest;6
5151;20;51;1;land;false;forest;6
5152;2;6;1;land;false;forest;6
5153;4;47;1;land;false;forest;6
5154;3;4;1;land;false;forest;6
5155;40;36;1;land;false;forest;6
5156;10;3;1;land;false;forest;6
5157;38;19;1;land;false;forest;6
5158;4;46;1;land;false;forest;6
5159;31;53;1;land;false;forest;6
5160;6;40;1;land;false;forest;6
5161;4;3;1;land;false;forest;6
5162;35;16;1;land;false;forest;6
5163;6;62;1;land;false;forest;6
5164;122;144;1;land;false;forest;6
5165;107;184;1;land;false;plains;6
5166;92;174;1;land;false;plains;6
5167;124;136;1;land;false;plains;6
5168;93;167;1;land;false;plains;6
5169;100;161;1;land;false;plains;6
5170;125;126;1;land;false;forest;6
5171;134;180;1;land;false;plains;6
5172;147;138;1;land;false;plains;6
5173;117;160;1;land;false;plains;6
5174;112;146;1;land;false;plains;6
5175;120;173;1;land;false;plains;6
5176;110;171;1;land;false;plains;6
5177;133;181;1;land;false;plains;6
5178;100;153;1;land;false;forest;6
5179;88;119;1;land;false;plains;6
5180;139;119;1;land;false;plains;6
5181;151;171;1;land;false;plains;6
5182;150;177;1;land;false;plains;6
5183;123;135;1;land;false;plains;6
5184;145;164;1;land;false;plains;6
5185;160;190;1;land;false;plains;6
5186;149;141;1;land;false;forest;6
5187;122;168;1;land;false;plains;6
5188;126;189;1;land;false;plains;6
5189;112;158;1;land;false;plains;6
5190;152;164;1;land;false;forest;6
5191;126;186;1;land;false;forest;6
5192;115;138;1;land;false;plains;6
5193;150;187;1;land;false;plains;6
5194;124;238;1;land;false;plains;6
5195;176;216;1;land;false;plains;6
5196;127;237;1;land;false;plains;6
5197;171;231;1;land;false;plains;6
5198;124;250;1;land;false;plains;6
5199;154;228;1;land;false;plains;6
5200;160;229;1;land;false;plains;6
5201;121;228;1;land;false;plains;6
5202;138;213;1;land;false;plains;6
5203;180;210;1;land;false;plains;6
5204;173;221;1;land;false;plains;6
5205;175;212;1;land;false;plains;6
5206;115;215;1;land;false;plains;6
5207;157;214;1;land;false;plains;6
5208;109;253;1;land;false;plains;6
5209;135;244;1;land;false;plains;6
5210;171;253;1;land;false;plains;6
5211;176;209;1;land;false;plains;6
5212;110;217;1;land;false;plains;6
5213;131;231;1;land;false;plains;6
5214;138;253;1;land;false;plains;6
5215;148;222;1;land;false;plains;6
5216;128;211;1;land;false;plains;6
5217;176;211;1;land;false;plains;6
5218;110;221;1;land;false;plains;6
5219;108;211;1;land;false;plains;6
5220;141;217;1;land;false;plains;6
5221;183;224;1;land;false;plains;6
5222;157;212;1;land;false;plains;6
5223;151;229;1;land;false;plains;6
5224;149;230;1;land;false;plains;6
5225;159;216;1;land;false;plains;6
5226;181;231;1;land;false;plains;6
5227;111;249;1;land;false;plains;6
5228;140;248;1;land;false;plains;6
5229;139;244;1;land;false;plains;6
5230;108;240;1;land;false;plains;6
5231;162;245;1;land;false;plains;6
5232;117;240;1;land;false;plains;6
5233;126;246;1;land;false;plains;6
5234;111;234;1;land;false;plains;6
5235;174;233;1;land;false;plains;6
5236;129;236;1;land;false;plains;6
5237;127;218;1;land;false;plains;6
5238;115;253;1;land;false;plains;6
5239;121;212;1;land;false;plains;6
5240;118;218;1;land;false;plains;6
5241;168;232;1;land;false;plains;6
5242;159;223;1;land;false;plains;6
5243;167;222;1;land;false;plains;6
5244;130;240;1;land;false;plains;6
5245;146;233;1;land;false;plains;6
5246;43;167;1;land;false;plains;6
5247;8;151;1;land;false;plains;6
5248;27;106;1;land;false;plains;6
5249;3;135;1;land;false;plains;6
5250;34;104;1;land;false;plains;6
5251;12;128;1;land;false;plains;6
5252;30;154;1;land;false;plains;6
5253;16;109;1;land;false;forest;6
5254;52;140;1;land;false;plains;6
5255;42;163;1;land;false;plains;6
5256;2;118;1;land;false;plains;6
5257;3;122;1;land;false;plains;6
5258;39;110;1;land;false;forest;6
5259;33;100;1;land;false;forest;6
5260;49;138;1;land;false;plains;6
5261;43;101;1;land;false;plains;6
5262;71;150;1;land;false;forest;6
5263;10;156;1;land;false;plains;6
5264;50;97;1;land;false;plains;6
5265;12;94;1;land;false;plains;6
5266;9;145;1;land;false;forest;6
5267;49;164;1;land;false;plains;6
5268;42;155;1;land;false;plains;6
5269;53;119;1;land;false;plains;6
5270;72;94;1;land;false;plains;6
5271;1;115;1;land;false;plains;6
5272;54;123;1;land;false;plains;6
5273;55;162;1;land;false;forest;6
5274;39;154;1;land;false;plains;6
5275;52;112;1;land;false;plains;6
5276;36;145;1;land;false;forest;6
5277;42;104;1;land;false;plains;6
5278;2;117;1;land;false;plains;6
5279;74;162;1;land;false;plains;6
5280;26;131;1;land;false;plains;6
5281;75;144;1;land;false;forest;6
5282;18;117;1;land;false;forest;6
5283;33;135;1;land;false;plains;6
5284;41;154;1;land;false;plains;6
5285;52;141;1;land;false;forest;6
5286;24;107;1;land;false;plains;6
5287;75;138;1;land;false;forest;6
5288;38;132;1;land;false;forest;6
5289;40;159;1;land;false;plains;6
5290;42;146;1;land;false;plains;6
5291;23;110;1;land;false;plains;6
5292;4;97;1;land;false;plains;6
5293;4;167;1;land;false;forest;6
5294;64;166;1;land;false;plains;6
5295;95;221;1;land;false;plains;6
5296;97;204;1;land;false;plains;6
5297;87;240;1;land;false;plains;6
5298;114;216;1;land;false;plains;6
5299;87;243;1;land;false;plains;6
5300;113;243;1;land;false;plains;6
5301;73;219;1;land;false;plains;6
5302;116;222;1;land;false;plains;6
5303;101;244;1;land;false;plains;6
5304;142;218;1;land;false;plains;6
5305;140;196;1;land;false;plains;6
5306;83;209;1;land;false;plains;6
5307;112;199;1;land;false;plains;6
5308;122;214;1;land;false;plains;6
5309;110;244;1;land;false;plains;6
5310;77;198;1;land;false;plains;6
5311;110;243;1;land;false;plains;6
5312;145;236;1;land;false;plains;6
5313;132;245;1;land;false;plains;6
5314;67;235;1;land;false;plains;6
5315;136;238;1;land;false;plains;6
5316;125;218;1;land;false;plains;6
5317;75;217;1;land;false;plains;6
5318;91;218;1;land;false;plains;6
5319;140;238;1;land;false;plains;6
5320;101;242;1;land;false;plains;6
5321;124;252;1;land;false;plains;6
5322;128;246;1;land;false;plains;6
5323;89;198;1;land;false;plains;6
5324;136;206;1;land;false;plains;6
5325;121;247;1;land;false;plains;6
5326;116;235;1;land;false;plains;6
5327;94;247;1;land;false;plains;6
5328;133;240;1;land;false;plains;6
5329;86;212;1;land;false;plains;6
5330;93;198;1;land;false;plains;6
5331;76;196;1;land;false;plains;6
5332;113;239;1;land;false;plains;6
5333;140;211;1;land;false;plains;6
5334;243;176;1;land;false;plains;6
5335;216;195;1;land;false;plains;6
5336;252;175;1;land;false;plains;6
5337;205;226;1;land;false;plains;6
5338;229;168;1;land;false;plains;6
5339;202;219;1;land;false;forest;6
5340;224;232;1;land;false;plains;6
5341;235;156;1;land;false;forest;6
5342;238;216;1;land;false;plains;6
5343;232;220;1;land;false;plains;6
5344;242;190;1;land;false;plains;6
5345;211;179;1;land;false;plains;6
5346;222;212;1;land;false;plains;6
5347;204;193;1;land;false;forest;6
5348;213;189;1;land;false;plains;6
5349;229;231;1;land;false;plains;6
5350;231;210;1;land;false;plains;6
5351;213;226;1;land;false;plains;6
5352;238;223;1;land;false;plains;6
5353;214;220;1;land;false;plains;6
5354;209;215;1;land;false;plains;6
5355;226;221;1;land;false;forest;6
5356;221;196;1;land;false;plains;6
5357;246;228;1;land;false;forest;6
5358;216;153;1;land;false;plains;6
5359;252;163;1;land;false;plains;6
5360;248;219;1;land;false;forest;6
5361;248;225;1;land;false;plains;6
5362;214;67;1;land;false;plains;6
5363;184;113;1;land;false;plains;6
5364;224;138;1;land;false;forest;6
5365;225;112;1;land;false;plains;6
5366;191;118;1;land;false;plains;6
5367;247;127;1;land;false;plains;6
5368;231;73;1;land;false;plains;6
5369;207;97;1;land;false;forest;6
5370;242;97;1;land;false;plains;6
5371;186;98;1;land;false;plains;6
5372;188;106;1;land;false;plains;6
5373;231;78;1;land;false;plains;6
5374;212;110;1;land;false;plains;6
5375;219;125;1;land;false;forest;6
5376;182;104;1;land;false;plains;6
5377;245;104;1;land;false;plains;6
5378;223;95;1;land;false;plains;6
5379;208;141;1;land;false;plains;6
5380;210;70;1;land;false;plains;6
5381;193;107;1;land;false;forest;6
5382;196;119;1;land;false;forest;6
5383;225;132;1;land;false;plains;6
5384;229;134;1;land;false;plains;6
5385;187;91;1;land;false;forest;6
5386;243;89;1;land;false;plains;6
5387;205;131;1;land;false;plains;6
5388;191;120;1;land;false;plains;6
5389;195;67;1;land;false;plains;6
5390;188;137;1;land;false;plains;6
5391;213;137;1;land;false;plains;6
5392;210;125;1;land;false;plains;6
5393;190;124;1;land;false;plains;6
5394;236;138;1;land;false;plains;6
5395;241;79;1;land;false;plains;6
5396;205;115;1;land;false;plains;6
5397;203;78;1;land;false;forest;6
5398;205;77;1;land;false;plains;6
5399;206;79;1;land;false;forest;6
5400;247;129;1;land;false;plains;6
5401;254;110;1;land;false;plains;6
5402;203;63;1;land;false;forest;6
5403;234;73;1;land;false;plains;6
5404;219;113;1;land;false;plains;6
5405;142;60;1;land;false;plains;6
5406;157;105;1;land;false;forest;6
5407;194;122;1;land;false;plains;6
5408;182;120;1;land;false;plains;6
5409;212;70;1;land;false;forest;6
5410;182;115;1;land;false;plains;6
5411;176;113;1;land;false;plains;6
5412;209;88;1;land;false;plains;6
5413;174;62;1;land;false;forest;6
5414;178;50;1;land;false;plains;6
5415;208;104;1;land;false;forest;6
5416;159;101;1;land;false;forest;6
5417;196;88;1;land;false;plains;6
5418;158;120;1;land;false;forest;6
5419;153;50;1;land;false;forest;6
5420;152;55;1;land;false;plains;6
5421;199;89;1;land;false;plains;6
5422;213;96;1;land;false;plains;6
5423;155;111;1;land;false;plains;6
5424;213;55;1;land;false;plains;6
5425;161;76;1;land;false;plains;6
5426;182;49;1;land;false;forest;6
5427;177;54;1;land;false;plains;6
5428;174;60;1;land;false;plains;6
5429;148;61;1;land;false;forest;6
5430;142;65;1;land;false;forest;6
5431;161;78;1;land;false;forest;6
5432;144;121;1;land;false;forest;6
5433;165;67;1;land;false;plains;6
5434;174;98;1;land;false;forest;6
5435;151;56;1;land;false;plains;6
5436;143;59;1;land;false;plains;6
5437;166;125;1;land;false;forest;6
5438;156;88;1;land;false;plains;6
5439;149;68;1;land;false;plains;6
5440;158;84;1;land;false;forest;6
5441;201;92;1;land;false;plains;6
5442;216;49;1;land;false;forest;6
5443;162;118;1;land;false;plains;6
5444;146;121;1;land;false;plains;6
5445;164;106;1;land;false;forest;6
5446;150;104;1;land;false;plains;6
5447;148;53;1;land;false;plains;6
5448;191;63;1;land;false;forest;6
5449;176;87;1;land;false;forest;6
5450;162;96;1;land;false;forest;6
5451;186;61;1;land;false;plains;6
5452;147;95;1;land;false;plains;6
5453;216;101;1;land;false;forest;6
5454;214;56;1;land;false;forest;6
5455;157;74;1;land;false;plains;6
5456;140;78;1;land;false;plains;6
5457;203;91;1;land;false;plains;6
5458;190;100;1;land;false;plains;6
5459;174;51;1;land;false;plains;6
5460;142;106;1;land;false;plains;6
5461;144;67;1;land;false;forest;6
5462;188;81;1;land;false;plains;6
5463;188;68;1;land;false;forest;6
5464;211;64;1;land;false;forest;6
5465;194;113;1;land;false;plains;6
5466;49;182;1;land;false;plains;6
5467;39;220;1;land;false;plains;6
5468;32;181;1;land;false;plains;6
5469;3;239;1;land;false;forest;6
5470;65;204;1;land;false;forest;6
5471;30;196;1;land;false;forest;6
5472;34;214;1;land;false;forest;6
5473;15;205;1;land;false;forest;6
5474;59;249;1;land;false;plains;6
5475;42;230;1;land;false;forest;6
5476;44;190;1;land;false;plains;6
5477;68;181;1;land;false;plains;6
5478;37;245;1;land;false;plains;6
5479;20;209;1;land;false;plains;6
5480;56;188;1;land;false;plains;6
5481;24;200;1;land;false;plains;6
5482;8;172;1;land;false;plains;6
5483;55;194;1;land;false;plains;6
5484;69;197;1;land;false;forest;6
5485;58;245;1;land;false;forest;6
5486;48;179;1;land;false;plains;6
5487;27;240;1;land;false;plains;6
5488;3;214;1;land;false;plains;6
5489;47;175;1;land;false;forest;6
5490;60;237;1;land;false;plains;6
5491;25;217;1;land;false;plains;6
5492;54;220;1;land;false;plains;6
5493;15;248;1;land;false;plains;6
5494;2;197;1;land;false;forest;6
5495;55;217;1;land;false;plains;6
5496;20;246;1;land;false;forest;6
5497;4;225;1;land;false;plains;6
5498;25;214;1;land;false;plains;6
5499;64;239;1;land;false;forest;6
5500;2;213;1;land;false;plains;6
5501;59;242;1;land;false;plains;6
5502;67;226;1;land;false;forest;6
5503;1;241;1;land;false;forest;6
5504;34;172;1;land;false;forest;6
5505;33;239;1;land;false;plains;6
5506;62;218;1;land;false;plains;6
5507;36;224;1;land;false;plains;6
5508;34;26;1;land;false;forest;6
5509;40;59;1;land;false;forest;6
5510;29;0;1;land;false;forest;6
5511;8;11;1;land;false;forest;6
5512;33;19;1;land;false;forest;6
5513;32;13;1;land;false;forest;6
5514;7;10;1;land;false;forest;6
5515;17;15;1;land;false;forest;6
5516;11;25;1;land;false;plains;6
5517;41;40;1;land;false;plains;6
5518;16;37;1;land;false;forest;6
5519;5;24;1;land;false;forest;6
5520;29;32;1;land;false;forest;6
5521;19;41;1;land;false;forest;6
5522;31;10;1;land;false;forest;6
5523;38;61;1;land;false;plains;6
5524;31;14;1;land;false;forest;6
5525;17;41;1;land;false;plains;6
5526;27;49;1;land;false;forest;6
5527;0;5;1;land;false;forest;6
5528;31;13;1;land;false;forest;6
5529;3;57;1;land;false;forest;6
5530;29;50;1;land;false;plains;6
5531;249;121;1;land;false;forest;6
5532;220;97;1;land;false;forest;6
5533;226;116;1;land;false;forest;6
5534;204;109;1;land;false;forest;6
5535;206;134;1;land;false;plains;6
5536;213;89;1;land;false;forest;6
5537;232;145;1;land;false;forest;6
5538;249;87;1;land;false;forest;6
5539;254;97;1;land;false;forest;6
5540;224;78;1;land;false;plains;6
5541;219;142;1;land;false;plains;6
5542;229;146;1;land;false;plains;6
5543;243;107;1;land;false;forest;6
5544;203;114;1;land;false;forest;6
5545;246;83;1;land;false;forest;6
5546;244;76;1;land;false;forest;6
5547;248;92;1;land;false;forest;6
5548;162;149;1;land;false;forest;6
5549;187;155;1;land;false;forest;6
5550;146;183;1;land;false;forest;6
5551;125;164;1;land;false;plains;6
5552;170;154;1;land;false;forest;6
5553;154;168;1;land;false;forest;6
5554;172;202;1;land;false;forest;6
5555;125;173;1;land;false;plains;6
5556;166;194;1;land;false;forest;6
5557;176;157;1;land;false;forest;6
5558;160;168;1;land;false;plains;6
5559;164;155;1;land;false;forest;6
5560;122;138;1;land;false;forest;6
5561;194;132;1;land;false;forest;6
5562;182;149;1;land;false;forest;6
5563;136;188;1;land;false;forest;6
5564;196;149;1;land;false;forest;6
5565;128;128;1;land;false;forest;6
5566;195;146;1;land;false;forest;6
5567;179;185;1;land;false;plains;6
5568;133;146;1;land;false;forest;6
5569;184;162;1;land;false;forest;6
5570;1;48;1;land;false;plains;6
5571;20;50;1;land;false;plains;6
5572;23;28;1;land;false;plains;6
5573;18;26;1;land;false;plains;6
5574;33;52;1;land;false;plains;6
5575;34;6;1;land;false;desert;6
5576;14;50;1;land;false;plains;6
5577;22;28;1;land;false;plains;6
5578;17;23;1;land;false;plains;6
5579;38;60;1;land;false;plains;6
5580;13;24;1;land;false;plains;6
5581;8;67;1;land;false;plains;6
5582;30;22;1;land;false;plains;6
5583;2;67;1;land;false;plains;6
5584;2;17;1;land;false;plains;6
5585;43;55;1;land;false;plains;6
5586;0;46;1;land;false;plains;6
5587;32;58;1;land;false;plains;6
5588;44;54;1;land;false;plains;6
5589;14;33;1;land;false;plains;6
5590;14;40;1;land;false;plains;6
5591;33;23;1;land;false;plains;6
5592;14;7;1;land;false;plains;6
5593;37;11;1;land;false;plains;6
5594;40;12;1;land;false;forest;6
5595;42;20;1;land;false;forest;6
5596;72;65;1;land;false;forest;6
5597;24;56;1;land;false;forest;6
5598;70;77;1;land;false;forest;6
5599;13;27;1;land;false;forest;6
5600;79;10;1;land;false;forest;6
5601;49;56;1;land;false;forest;6
5602;28;56;1;land;false;forest;6
5603;77;13;1;land;false;plains;6
5604;61;44;1;land;false;plains;6
5605;26;41;1;land;false;forest;6
5606;35;47;1;land;false;plains;6
5607;27;24;1;land;false;forest;6
5608;18;8;1;land;false;forest;6
5609;53;53;1;land;false;plains;6
5610;27;33;1;land;false;forest;6
5611;32;20;1;land;false;forest;6
5612;44;14;1;land;false;forest;6
5613;30;46;1;land;false;forest;6
5614;51;30;1;land;false;forest;6
5615;87;82;1;land;false;forest;6
5616;232;54;1;land;false;plains;6
5617;246;44;1;land;false;plains;6
5618;237;8;1;land;false;plains;6
5619;196;38;1;land;false;plains;6
5620;206;30;1;land;false;plains;6
5621;217;49;1;land;false;plains;6
5622;226;51;1;land;false;plains;6
5623;228;17;1;land;false;plains;6
5624;249;43;1;land;false;plains;6
5625;185;24;1;land;false;forest;6
5626;184;57;1;land;false;plains;6
5627;190;0;1;land;false;plains;6
5628;220;17;1;land;false;plains;6
5629;223;12;1;land;false;plains;6
5630;231;41;1;land;false;plains;6
5631;151;242;1;land;false;plains;6
5632;109;238;1;land;false;forest;6
5633;154;241;1;land;false;forest;6
5634;163;226;1;land;false;forest;6
5635;147;250;1;land;false;forest;6
5636;174;209;1;land;false;forest;6
5637;142;224;1;land;false;forest;6
5638;147;210;1;land;false;plains;6
5639;136;212;1;land;false;forest;6
5640;146;247;1;land;false;forest;6
5641;134;215;1;land;false;forest;6
5642;118;225;1;land;false;forest;6
5643;131;249;1;land;false;forest;6
5644;170;217;1;land;false;plains;6
5645;116;238;1;land;false;forest;6
5646;115;252;1;land;false;forest;6
5647;150;233;1;land;false;forest;6
5648;104;220;1;land;false;forest;6
5649;118;207;1;land;false;forest;6
5650;143;250;1;land;false;forest;6
5651;125;233;1;land;false;plains;6
5652;175;223;1;land;false;forest;6
5653;125;211;1;land;false;forest;6
5654;179;213;1;land;false;forest;6
5655;144;219;1;land;false;plains;6
5656;143;249;1;land;false;plains;6
5657;178;212;1;land;false;forest;6
5658;178;207;1;land;false;forest;6
5659;154;239;1;land;false;forest;6
5660;135;222;1;land;false;forest;6
5661;168;229;1;land;false;plains;6
5662;155;254;1;land;false;forest;6
5663;165;237;1;land;false;forest;6
5664;166;235;1;land;false;forest;6
5665;124;225;1;land;false;forest;6
5666;176;220;1;land;false;forest;6
5667;145;212;1;land;false;forest;6
5668;135;219;1;land;false;forest;6
5669;121;222;1;land;false;plains;6
5670;178;250;1;land;false;forest;6
5671;106;216;1;land;false;plains;6
5672;113;247;1;land;false;forest;6
5673;117;230;1;land;false;plains;6
5674;180;217;1;land;false;forest;6
5675;104;229;1;land;false;forest;6
5676;105;214;1;land;false;plains;6
5677;102;251;1;land;false;plains;6
5678;167;228;1;land;false;forest;6
5679;114;230;1;land;false;forest;6
5680;132;249;1;land;false;forest;6
5681;120;238;1;land;false;plains;6
5682;179;239;1;land;false;forest;6
5683;128;251;1;land;false;forest;6
5684;168;253;1;land;false;forest;6
5685;168;241;1;land;false;forest;6
5686;144;213;1;land;false;plains;6
5687;105;217;1;land;false;forest;6
5688;178;240;1;land;false;forest;6
5689;119;222;1;land;false;forest;6
5690;175;239;1;land;false;plains;6
5691;110;220;1;land;false;forest;6
5692;127;239;1;land;false;plains;6
5693;20;69;1;land;false;plains;6
5694;23;72;1;land;false;plains;6
5695;56;21;1;land;false;plains;6
5696;45;23;1;land;false;plains;6
5697;42;11;1;land;false;plains;6
5698;45;43;1;land;false;forest;6
5699;57;33;1;land;false;forest;6
5700;11;65;1;land;false;plains;6
5701;35;45;1;land;false;plains;6
5702;39;61;1;land;false;plains;6
5703;9;9;1;land;false;plains;6
5704;64;62;1;land;false;plains;6
5705;5;51;1;land;false;plains;6
5706;12;10;1;land;false;plains;6
5707;10;0;1;land;false;plains;6
5708;14;21;1;land;false;plains;6
5709;7;17;1;land;false;plains;6
5710;17;1;1;land;false;forest;6
5711;47;41;1;land;false;plains;6
5712;56;19;1;land;false;plains;6
5713;62;26;1;land;false;plains;6
5714;68;37;1;land;false;plains;6
5715;29;68;1;land;false;plains;6
5716;30;49;1;land;false;plains;6
5717;68;54;1;land;false;plains;6
5718;16;11;1;land;false;plains;6
5719;58;0;1;land;false;plains;6
5720;27;15;1;land;false;forest;6
5721;10;72;1;land;false;plains;6
5722;69;12;1;land;false;plains;6
5723;57;51;1;land;false;plains;6
5724;8;20;1;land;false;plains;6
5725;71;15;1;land;false;plains;6
5726;6;1;1;land;false;plains;6
5727;36;22;1;land;false;plains;6
5728;51;34;1;land;false;plains;6
5729;5;37;1;land;false;plains;6
5730;69;66;1;land;false;plains;6
5731;49;10;1;land;false;plains;6
5732;37;24;1;land;false;plains;6
5733;13;67;1;land;false;plains;6
5734;63;65;1;land;false;plains;6
5735;18;17;1;land;false;plains;6
5736;45;60;1;land;false;forest;6
5737;59;74;1;land;false;plains;6
5738;23;31;1;land;false;plains;6
5739;57;10;1;land;false;plains;6
5740;5;52;1;land;false;plains;6
5741;5;29;1;land;false;plains;6
5742;44;33;1;land;false;plains;6
5743;55;18;1;land;false;plains;6
5744;30;10;1;land;false;plains;6
5745;24;49;1;land;false;plains;6
5746;18;24;1;land;false;plains;6
5747;41;31;1;land;false;forest;6
5748;27;19;1;land;false;plains;6
5749;14;41;1;land;false;plains;6
5750;68;13;1;land;false;plains;6
5751;32;35;1;land;false;plains;6
5752;5;54;1;land;false;plains;6
5753;10;53;1;land;false;plains;6
5754;24;54;1;land;false;plains;6
5755;59;10;1;land;false;plains;6
5756;19;37;1;land;false;plains;6
5757;60;26;1;land;false;plains;6
5758;23;20;1;land;false;plains;6
5759;5;0;1;land;false;plains;6
5760;53;18;1;land;false;plains;6
5761;17;17;1;land;false;plains;6
5762;51;246;1;land;false;plains;6
5763;45;252;1;land;false;plains;6
5764;14;238;1;land;false;plains;6
5765;32;249;1;land;false;plains;6
5766;73;236;1;land;false;plains;6
5767;41;203;1;land;false;plains;6
5768;20;250;1;land;false;plains;6
5769;47;219;1;land;false;plains;6
5770;71;203;1;land;false;plains;6
5771;16;181;1;land;false;plains;6
5772;68;209;1;land;false;plains;6
5773;69;228;1;land;false;plains;6
5774;83;234;1;land;false;plains;6
5775;14;186;1;land;false;plains;6
5776;24;197;1;land;false;plains;6
5777;83;233;1;land;false;plains;6
5778;58;240;1;land;false;plains;6
5779;42;247;1;land;false;plains;6
5780;40;213;1;land;false;plains;6
5781;84;193;1;land;false;plains;6
5782;65;253;1;land;false;plains;6
5783;69;189;1;land;false;plains;6
5784;92;186;1;land;false;plains;6
5785;42;235;1;land;false;plains;6
5786;39;254;1;land;false;plains;6
5787;90;193;1;land;false;plains;6
5788;83;200;1;land;false;plains;6
5789;27;230;1;land;false;plains;6
5790;87;254;1;land;false;plains;6
5791;41;225;1;land;false;plains;6
5792;28;248;1;land;false;plains;6
5793;27;201;1;land;false;plains;6
5794;43;254;1;land;false;plains;6
5795;26;250;1;land;false;plains;6
5796;57;233;1;land;false;plains;6
5797;54;230;1;land;false;plains;6
5798;91;220;1;land;false;plains;6
5799;33;246;1;land;false;plains;6
5800;92;185;1;land;false;plains;6
5801;54;248;1;land;false;plains;6
5802;53;237;1;land;false;plains;6
5803;22;252;1;land;false;plains;6
5804;22;204;1;land;false;plains;6
5805;65;232;1;land;false;plains;6
5806;35;243;1;land;false;plains;6
5807;17;220;1;land;false;plains;6
5808;82;190;1;land;false;plains;6
5809;86;231;1;land;false;plains;6
5810;210;201;1;land;false;plains;6
5811;214;152;1;land;false;plains;6
5812;210;149;1;land;false;plains;6
5813;208;163;1;land;false;plains;6
5814;156;155;1;land;false;forest;6
5815;153;209;1;land;false;plains;6
5816;205;149;1;land;false;plains;6
5817;210;137;1;land;false;plains;6
5818;182;145;1;land;false;plains;6
5819;221;178;1;land;false;forest;6
5820;201;184;1;land;false;plains;6
5821;184;174;1;land;false;plains;6
5822;164;198;1;land;false;plains;6
5823;169;164;1;land;false;plains;6
5824;204;136;1;land;false;plains;6
5825;198;175;1;land;false;plains;6
5826;176;183;1;land;false;forest;6
5827;216;155;1;land;false;plains;6
5828;188;198;1;land;false;plains;6
5829;180;175;1;land;false;plains;6
5830;156;161;1;land;false;plains;6
5831;170;214;1;land;false;plains;6
5832;169;182;1;land;false;plains;6
5833;161;178;1;land;false;plains;6
5834;170;215;1;land;false;forest;6
5835;175;153;1;land;false;plains;6
5836;183;144;1;land;false;plains;6
5837;213;160;1;land;false;plains;6
5838;218;170;1;land;false;plains;6
5839;194;215;1;land;false;plains;6
5840;150;192;1;land;false;plains;6
5841;174;168;1;land;false;plains;6
5842;179;190;1;land;false;plains;6
5843;190;215;1;land;false;plains;6
5844;164;140;1;land;false;plains;6
5845;219;147;1;land;false;plains;6
5846;170;195;1;land;false;plains;6
5847;161;153;1;land;false;plains;6
5848;170;149;1;land;false;plains;6
5849;167;189;1;land;false;plains;6
5850;148;163;1;land;false;plains;6
5851;166;180;1;land;false;plains;6
5852;158;204;1;land;false;plains;6
5853;152;189;1;land;false;forest;6
5854;159;187;1;land;false;plains;6
5855;200;180;1;land;false;plains;6
5856;183;184;1;land;false;plains;6
5857;193;180;1;land;false;plains;6
5858;178;205;1;land;false;plains;6
5859;168;179;1;land;false;plains;6
5860;166;196;1;land;false;plains;6
5861;191;135;1;land;false;plains;6
5862;163;169;1;land;false;plains;6
5863;90;27;1;land;false;plains;6
5864;42;76;1;land;false;plains;6
5865;117;15;1;land;false;plains;6
5866;46;41;1;land;false;plains;6
5867;111;44;1;land;false;plains;6
5868;111;26;1;land;false;plains;6
5869;94;47;1;land;false;plains;6
5870;110;50;1;land;false;plains;6
5871;100;17;1;land;false;plains;6
5872;104;21;1;land;false;plains;6
5873;51;52;1;land;false;plains;6
5874;64;81;1;land;false;plains;6
5875;78;79;1;land;false;plains;6
5876;112;92;1;land;false;plains;6
5877;114;17;1;land;false;plains;6
5878;52;36;1;land;false;plains;6
5879;116;23;1;land;false;plains;6
5880;93;27;1;land;false;plains;6
5881;76;35;1;land;false;plains;6
5882;115;68;1;land;false;plains;6
5883;46;93;1;land;false;plains;6
5884;58;66;1;land;false;plains;6
5885;69;86;1;land;false;plains;6
5886;92;15;1;land;false;plains;6
5887;58;74;1;land;false;plains;6
5888;109;50;1;land;false;plains;6
5889;65;22;1;land;false;plains;6
5890;63;36;1;land;false;plains;6
5891;116;57;1;land;false;plains;6
5892;69;82;1;land;false;plains;6
5893;133;169;1;land;false;plains;6
5894;141;197;1;land;false;plains;6
5895;154;185;1;land;false;plains;6
5896;175;160;1;land;false;plains;6
5897;160;131;1;land;false;plains;6
5898;120;148;1;land;false;plains;6
5899;167;179;1;land;false;plains;6
5900;138;196;1;land;false;plains;6
5901;139;141;1;land;false;forest;6
5902;147;190;1;land;false;plains;6
5903;129;166;1;land;false;plains;6
5904;178;165;1;land;false;plains;6
5905;111;128;1;land;false;plains;6
5906;176;124;1;land;false;plains;6
5907;119;158;1;land;false;plains;6
5908;108;153;1;land;false;plains;6
5909;167;130;1;land;false;plains;6
5910;227;29;1;land;false;plains;6
5911;236;33;1;land;false;forest;6
5912;222;42;1;land;false;plains;6
5913;245;29;1;land;false;plains;6
5914;231;28;1;land;false;forest;6
5915;213;12;1;land;false;forest;6
5916;245;13;1;land;false;plains;6
5917;243;44;1;land;false;forest;6
5918;218;51;1;land;false;forest;6
5919;249;5;1;land;false;forest;6
5920;232;4;1;land;false;plains;6
5921;213;43;1;land;false;forest;6
5922;245;15;1;land;false;plains;6
5923;249;23;1;land;false;forest;6
5924;249;17;1;land;false;forest;6
5925;224;32;1;land;false;forest;6
5926;245;47;1;land;false;forest;6
5927;254;56;1;land;false;forest;6
5928;219;32;1;land;false;forest;6
5929;244;51;1;land;false;forest;6
5930;245;22;1;land;false;forest;6
5931;247;43;1;land;false;forest;6
5932;243;27;1;land;false;forest;6
5933;225;27;1;land;false;forest;6
5934;215;16;1;land;false;forest;6
5935;217;33;1;land;false;plains;6
5936;240;36;1;land;false;forest;6
5937;221;58;1;land;false;forest;6
5938;249;65;1;land;false;forest;6
5939;236;38;1;land;false;forest;6
5940;220;47;1;land;false;plains;6
5941;224;13;1;land;false;forest;6
5942;244;49;1;land;false;forest;6
5943;221;16;1;land;false;forest;6
5944;246;42;1;land;false;forest;6
5945;247;41;1;land;false;plains;6
5946;229;55;1;land;false;forest;6
5947;228;33;1;land;false;forest;6
5948;230;49;1;land;false;forest;6
5949;223;27;1;land;false;forest;6
5950;215;64;1;land;false;forest;6
5951;225;59;1;land;false;forest;6
5952;250;19;1;land;false;forest;6
5953;231;18;1;land;false;forest;6
5954;241;57;1;land;false;forest;6
5955;247;44;1;land;false;forest;6
5956;227;33;1;land;false;forest;6
5957;237;16;1;land;false;plains;6
5958;250;10;1;land;false;forest;6
5959;213;30;1;land;false;plains;6
5960;225;6;1;land;false;plains;6
5961;229;14;1;land;false;forest;6
5962;218;58;1;land;false;plains;6
5963;48;131;1;land;false;plains;6
5964;42;131;1;land;false;plains;6
5965;19;138;1;land;false;plains;6
5966;50;158;1;land;false;plains;6
5967;60;86;1;land;false;plains;6
5968;5;107;1;land;false;plains;6
5969;13;85;1;land;false;plains;6
5970;47;128;1;land;false;plains;6
5971;7;123;1;land;false;plains;6
5972;15;98;1;land;false;plains;6
5973;22;102;1;land;false;plains;6
5974;60;87;1;land;false;plains;6
5975;28;135;1;land;false;plains;6
5976;29;99;1;land;false;plains;6
5977;49;118;1;land;false;plains;6
5978;38;95;1;land;false;plains;6
5979;9;104;1;land;false;plains;6
5980;56;122;1;land;false;plains;6
5981;30;89;1;land;false;plains;6
5982;60;141;1;land;false;plains;6
5983;46;96;1;land;false;plains;6
5984;53;125;1;land;false;plains;6
5985;57;122;1;land;false;plains;6
5986;4;158;1;land;false;plains;6
5987;8;160;1;land;false;plains;6
5988;20;152;1;land;false;plains;6
5989;60;152;1;land;false;plains;6
5990;19;152;1;land;false;plains;6
5991;9;140;1;land;false;plains;6
5992;58;129;1;land;false;plains;6
5993;36;135;1;land;false;plains;6
5994;27;134;1;land;false;plains;6
5995;187;121;1;land;false;forest;6
5996;222;131;1;land;false;forest;6
5997;217;82;1;land;false;forest;6
5998;196;105;1;land;false;forest;6
5999;186;129;1;land;false;forest;6
6000;191;66;1;land;false;forest;6
6001;254;84;1;land;false;forest;6
6002;254;89;1;land;false;forest;6
6003;198;113;1;land;false;forest;6
6004;234;66;1;land;false;plains;6
6005;227;133;1;land;false;forest;6
6006;218;62;1;land;false;forest;6
6007;236;74;1;land;false;plains;6
6008;220;96;1;land;false;plains;6
6009;238;89;1;land;false;forest;6
6010;222;101;1;land;false;forest;6
6011;238;100;1;land;false;forest;6
6012;213;112;1;land;false;forest;6
6013;238;120;1;land;false;forest;6
6014;209;68;1;land;false;plains;6
6015;232;101;1;land;false;forest;6
6016;249;74;1;land;false;plains;6
6017;200;128;1;land;false;forest;6
6018;201;117;1;land;false;forest;6
6019;238;129;1;land;false;plains;6
6020;253;124;1;land;false;forest;6
6021;217;116;1;land;false;forest;6
6022;203;140;1;land;false;forest;6
6023;68;231;1;land;false;plains;6
6024;36;250;1;land;false;plains;6
6025;50;247;1;land;false;plains;6
6026;88;191;1;land;false;plains;6
6027;86;198;1;land;false;plains;6
6028;77;213;1;land;false;plains;6
6029;59;196;1;land;false;plains;6
6030;62;187;1;land;false;plains;6
6031;40;245;1;land;false;plains;6
6032;56;225;1;land;false;plains;6
6033;84;227;1;land;false;plains;6
6034;80;205;1;land;false;plains;6
6035;67;237;1;land;false;plains;6
6036;53;201;1;land;false;plains;6
6037;68;220;1;land;false;plains;6
6038;45;206;1;land;false;plains;6
6039;98;219;1;land;false;plains;6
6040;37;219;1;land;false;plains;6
6041;84;244;1;land;false;plains;6
6042;86;197;1;land;false;plains;6
6043;83;221;1;land;false;plains;6
6044;104;191;1;land;false;plains;6
6045;55;221;1;land;false;plains;6
6046;53;189;1;land;false;plains;6
6047;109;217;1;land;false;plains;6
6048;38;210;1;land;false;plains;6
6049;105;241;1;land;false;plains;6
6050;108;184;1;land;false;plains;6
6051;107;192;1;land;false;plains;6
6052;94;245;1;land;false;plains;6
6053;103;248;1;land;false;plains;6
6054;111;212;1;land;false;plains;6
6055;58;203;1;land;false;plains;6
6056;115;190;1;land;false;plains;6
6057;33;88;1;land;false;forest;6
6058;45;148;1;land;false;forest;6
6059;36;100;1;land;false;forest;6
6060;20;103;1;land;false;forest;6
6061;31;106;1;land;false;plains;6
6062;15;109;1;land;false;forest;6
6063;22;109;1;land;false;forest;6
6064;8;153;1;land;false;forest;6
6065;32;116;1;land;false;forest;6
6066;10;134;1;land;false;forest;6
6067;32;105;1;land;false;forest;6
6068;0;80;1;land;false;forest;6
6069;46;116;1;land;false;forest;6
6070;11;116;1;land;false;forest;6
6071;44;148;1;land;false;forest;6
6072;3;76;1;land;false;forest;6
6073;18;109;1;land;false;forest;6
6074;0;111;1;land;false;forest;6
6075;42;139;1;land;false;forest;6
6076;6;131;1;land;false;plains;6
6077;28;88;1;land;false;forest;6
6078;46;150;1;land;false;forest;6
6079;38;79;1;land;false;forest;6
6080;47;142;1;land;false;forest;6
6081;41;119;1;land;false;forest;6
6082;49;131;1;land;false;forest;6
6083;41;93;1;land;false;forest;6
6084;10;104;1;land;false;forest;6
6085;42;87;1;land;false;forest;6
6086;29;135;1;land;false;forest;6
6087;49;100;1;land;false;forest;6
6088;40;124;1;land;false;forest;6
6089;17;135;1;land;false;forest;6
6090;37;95;1;land;false;forest;6
6091;32;128;1;land;false;forest;6
6092;21;116;1;land;false;forest;6
6093;41;127;1;land;false;forest;6
6094;15;151;1;land;false;plains;6
6095;4;106;1;land;false;forest;6
6096;26;141;1;land;false;forest;6
6097;12;90;1;land;false;forest;6
6098;21;78;1;land;false;forest;6
6099;35;97;1;land;false;forest;6
6100;145;245;1;land;false;plains;6
6101;98;230;1;land;false;forest;6
6102;153;221;1;land;false;forest;6
6103;135;251;1;land;false;forest;6
6104;110;213;1;land;false;forest;6
6105;141;228;1;land;false;plains;6
6106;126;204;1;land;false;plains;6
6107;134;240;1;land;false;forest;6
6108;77;253;1;land;false;plains;6
6109;90;240;1;land;false;forest;6
6110;132;239;1;land;false;forest;6
6111;127;233;1;land;false;plains;6
6112;131;243;1;land;false;plains;6
6113;85;250;1;land;false;forest;6
6114;94;236;1;land;false;forest;6
6115;109;224;1;land;false;plains;6
6116;146;203;1;land;false;plains;6
6117;167;113;1;land;false;plains;6
6118;162;57;1;land;false;plains;6
6119;137;70;1;land;false;plains;6
6120;123;57;1;land;false;plains;6
6121;161;97;1;land;false;plains;6
6122;147;46;1;land;false;plains;6
6123;146;84;1;land;false;plains;6
6124;170;110;1;land;false;plains;6
6125;140;46;1;land;false;plains;6
6126;105;53;1;land;false;plains;6
6127;118;74;1;land;false;plains;6
6128;103;55;1;land;false;plains;6
6129;164;104;1;land;false;plains;6
6130;155;34;1;land;false;plains;6
6131;154;66;1;land;false;plains;6
6132;127;77;1;land;false;plains;6
6133;154;104;1;land;false;plains;6
6134;104;95;1;land;false;plains;6
6135;177;68;1;land;false;plains;6
6136;127;105;1;land;false;plains;6
6137;140;105;1;land;false;plains;6
6138;103;59;1;land;false;plains;6
6139;179;67;1;land;false;plains;6
6140;142;95;1;land;false;forest;6
6141;160;36;1;land;false;plains;6
6142;143;94;1;land;false;plains;6
6143;254;172;1;land;false;plains;6
6144;230;174;1;land;false;plains;6
6145;218;196;1;land;false;forest;6
6146;226;186;1;land;false;forest;6
6147;251;209;1;land;false;plains;6
6148;238;193;1;land;false;forest;6
6149;234;224;1;land;false;plains;6
6150;240;216;1;land;false;plains;6
6151;247;166;1;land;false;forest;6
6152;228;212;1;land;false;plains;6
6153;232;230;1;land;false;forest;6
6154;248;214;1;land;false;plains;6
6155;220;212;1;land;false;plains;6
6156;219;205;1;land;false;plains;6
6157;253;214;1;land;false;forest;6
6158;249;189;1;land;false;plains;6
6159;219;216;1;land;false;forest;6
6160;230;158;1;land;false;forest;6
6161;240;164;1;land;false;plains;6
6162;220;199;1;land;false;plains;6
6163;247;225;1;land;false;plains;6
6164;235;188;1;land;false;plains;6
6165;215;233;1;land;false;plains;6
6166;251;169;1;land;false;plains;6
6167;243;172;1;land;false;plains;6
6168;241;214;1;land;false;forest;6
6169;237;215;1;land;false;plains;6
6170;225;173;1;land;false;forest;6
6171;247;178;1;land;false;forest;6
6172;243;215;1;land;false;plains;6
6173;220;211;1;land;false;forest;6
6174;247;191;1;land;false;plains;6
6175;246;210;1;land;false;plains;6
6176;227;208;1;land;false;plains;6
6177;234;160;1;land;false;plains;6
6178;242;196;1;land;false;plains;6
6179;236;234;1;land;false;forest;6
6180;234;179;1;land;false;plains;6
6181;229;176;1;land;false;forest;6
6182;215;222;1;land;false;plains;6
6183;247;172;1;land;false;forest;6
6184;63;59;1;land;false;forest;6
6185;94;41;1;land;false;plains;6
6186;87;58;1;land;false;forest;6
6187;127;64;1;land;false;plains;6
6188;116;100;1;land;false;plains;6
6189;121;26;1;land;false;plains;6
6190;133;41;1;land;false;plains;6
6191;121;77;1;land;false;plains;6
6192;119;50;1;land;false;plains;6
6193;105;51;1;land;false;forest;6
6194;79;41;1;land;false;plains;6
6195;81;79;1;land;false;plains;6
6196;135;31;1;land;false;plains;6
6197;107;57;1;land;false;forest;6
6198;130;65;1;land;false;plains;6
6199;82;60;1;land;false;forest;6
6200;123;44;1;land;false;plains;6
6201;137;47;1;land;false;plains;6
6202;102;99;1;land;false;plains;6
6203;79;59;1;land;false;plains;6
6204;121;70;1;land;false;plains;6
6205;123;68;1;land;false;plains;6
6206;99;45;1;land;false;plains;6
6207;73;21;1;land;false;plains;6
6208;120;101;1;land;false;forest;6
6209;138;50;1;land;false;plains;6
6210;72;92;1;land;false;forest;6
6211;136;50;1;land;false;plains;6
6212;83;89;1;land;false;plains;6
6213;121;52;1;land;false;plains;6
6214;86;70;1;land;false;plains;6
6215;85;217;1;land;false;plains;6
6216;99;226;1;land;false;plains;6
6217;117;203;1;land;false;plains;6
6218;144;244;1;land;false;plains;6
6219;119;252;1;land;false;plains;6
6220;101;253;1;land;false;plains;6
6221;148;242;1;land;false;plains;6
6222;133;228;1;land;false;plains;6
6223;106;217;1;land;false;plains;6
6224;119;240;1;land;false;plains;6
6225;153;254;1;land;false;plains;6
6226;115;245;1;land;false;plains;6
6227;147;202;1;land;false;plains;6
6228;145;247;1;land;false;plains;6
6229;91;211;1;land;false;plains;6
6230;133;217;1;land;false;plains;6
6231;152;220;1;land;false;plains;6
6232;131;204;1;land;false;plains;6
6233;130;221;1;land;false;plains;6
6234;106;210;1;land;false;plains;6
6235;99;216;1;land;false;plains;6
6236;143;214;1;land;false;plains;6
6237;106;252;1;land;false;plains;6
6238;112;251;1;land;false;plains;6
6239;145;208;1;land;false;plains;6
6240;146;244;1;land;false;plains;6
6241;86;253;1;land;false;plains;6
6242;127;205;1;land;false;plains;6
6243;90;253;1;land;false;plains;6
6244;91;248;1;land;false;plains;6
6245;159;232;1;land;false;plains;6
6246;92;217;1;land;false;plains;6
6247;150;243;1;land;false;plains;6
6248;138;251;1;land;false;plains;6
6249;123;243;1;land;false;plains;6
6250;41;138;1;land;false;plains;6
6251;4;136;1;land;false;plains;6
6252;55;89;1;land;false;plains;6
6253;18;118;1;land;false;plains;6
6254;14;157;1;land;false;plains;6
6255;29;91;1;land;false;plains;6
6256;36;120;1;land;false;plains;6
6257;35;142;1;land;false;plains;6
6258;32;84;1;land;false;plains;6
6259;33;123;1;land;false;plains;6
6260;50;94;1;land;false;plains;6
6261;20;80;1;land;false;plains;6
6262;25;98;1;land;false;plains;6
6263;25;113;1;land;false;plains;6
6264;15;140;1;land;false;plains;6
6265;20;127;1;land;false;plains;6
6266;31;121;1;land;false;plains;6
6267;5;97;1;land;false;plains;6
6268;45;98;1;land;false;plains;6
6269;47;88;1;land;false;plains;6
6270;46;133;1;land;false;plains;6
6271;49;136;1;land;false;plains;6
6272;22;139;1;land;false;plains;6
6273;18;85;1;land;false;plains;6
6274;32;127;1;land;false;plains;6
6275;31;134;1;land;false;plains;6
6276;30;81;1;land;false;plains;6
6277;5;103;1;land;false;plains;6
6278;185;37;1;land;false;plains;6
6279;111;57;1;land;false;forest;6
6280;127;42;1;land;false;forest;6
6281;169;98;1;land;false;plains;6
6282;125;86;1;land;false;forest;6
6283;175;71;1;land;false;forest;6
6284;170;84;1;land;false;plains;6
6285;151;42;1;land;false;plains;6
6286;119;68;1;land;false;plains;6
6287;136;101;1;land;false;forest;6
6288;118;63;1;land;false;plains;6
6289;185;90;1;land;false;plains;6
6290;144;63;1;land;false;plains;6
6291;139;115;1;land;false;plains;6
6292;137;86;1;land;false;plains;6
6293;180;53;1;land;false;forest;6
6294;168;67;1;land;false;plains;6
6295;180;97;1;land;false;plains;6
6296;127;75;1;land;false;plains;6
6297;111;101;1;land;false;plains;6
6298;124;80;1;land;false;forest;6
6299;118;80;1;land;false;forest;6
6300;133;103;1;land;false;plains;6
6301;115;110;1;land;false;plains;6
6302;122;59;1;land;false;forest;6
6303;166;86;1;land;false;forest;6
6304;169;48;1;land;false;plains;6
6305;172;93;1;land;false;plains;6
6306;116;73;1;land;false;plains;6
6307;130;102;1;land;false;plains;6
6308;187;54;1;land;false;forest;6
6309;150;90;1;land;false;plains;6
6310;2;215;1;land;false;plains;6
6311;21;231;1;land;false;plains;6
6312;24;185;1;land;false;plains;6
6313;25;179;1;land;false;plains;6
6314;33;209;1;land;false;plains;6
6315;4;230;1;land;false;plains;6
6316;37;167;1;land;false;plains;6
6317;2;178;1;land;false;plains;6
6318;11;178;1;land;false;plains;6
6319;22;191;1;land;false;plains;6
6320;26;173;1;land;false;plains;6
6321;1;201;1;land;false;plains;6
6322;13;191;1;land;false;plains;6
6323;35;185;1;land;false;plains;6
6324;17;215;1;land;false;plains;6
6325;15;208;1;land;false;plains;6
6326;25;171;1;land;false;plains;6
6327;29;166;1;land;false;plains;6
6328;37;224;1;land;false;plains;6
6329;23;226;1;land;false;plains;6
6330;28;235;1;land;false;plains;6
6331;4;224;1;land;false;plains;6
6332;0;206;1;land;false;plains;6
6333;22;236;1;land;false;plains;6
6334;13;167;1;land;false;plains;6
6335;38;193;1;land;false;plains;6
6336;224;2;1;land;false;forest;6
6337;246;51;1;land;false;forest;6
6338;218;57;1;land;false;forest;6
6339;229;38;1;land;false;forest;6
6340;249;52;1;land;false;forest;6
6341;254;59;1;land;false;plains;6
6342;232;5;1;land;false;forest;6
6343;247;20;1;land;false;forest;6
6344;223;2;1;land;false;plains;6
6345;254;38;1;land;false;forest;6
6346;211;38;1;land;false;forest;6
6347;206;3;1;land;false;forest;6
6348;226;35;1;land;false;forest;6
6349;228;2;1;land;false;forest;6
6350;234;9;1;land;false;forest;6
6351;214;3;1;land;false;forest;6
6352;218;40;1;land;false;forest;6
6353;202;34;1;land;false;plains;6
6354;204;38;1;land;false;forest;6
6355;214;39;1;land;false;forest;6
6356;232;59;1;land;false;forest;6
6357;233;22;1;land;false;forest;6
6358;201;7;1;land;false;forest;6
6359;204;23;1;land;false;plains;6
6360;69;132;1;land;false;forest;6
6361;84;120;1;land;false;forest;6
6362;39;123;1;land;false;forest;6
6363;77;131;1;land;false;forest;6
6364;44;138;1;land;false;forest;6
6365;54;148;1;land;false;forest;6
6366;67;167;1;land;false;forest;6
6367;42;173;1;land;false;forest;6
6368;86;117;1;land;false;forest;6
6369;12;147;1;land;false;forest;6
6370;62;185;1;land;false;plains;6
6371;63;154;1;land;false;plains;6
6372;48;175;1;land;false;forest;6
6373;49;171;1;land;false;forest;6
6374;71;174;1;land;false;forest;6
6375;70;159;1;land;false;plains;6
6376;31;171;1;land;false;plains;6
6377;67;173;1;land;false;forest;6
6378;21;163;1;land;false;plains;6
6379;32;171;1;land;false;forest;6
6380;157;238;1;land;false;plains;6
6381;195;222;1;land;false;plains;6
6382;203;232;1;land;false;plains;6
6383;135;254;1;land;false;plains;6
6384;159;240;1;land;false;plains;6
6385;142;223;1;land;false;plains;6
6386;133;216;1;land;false;forest;6
6387;188;228;1;land;false;plains;6
6388;144;234;1;land;false;plains;6
6389;160;217;1;land;false;plains;6
6390;186;235;1;land;false;plains;6
6391;150;232;1;land;false;plains;6
6392;171;248;1;land;false;plains;6
6393;171;245;1;land;false;plains;6
6394;162;248;1;land;false;plains;6
6395;152;233;1;land;false;plains;6
6396;164;211;1;land;false;plains;6
6397;183;252;1;land;false;plains;6
6398;169;213;1;land;false;plains;6
6399;140;224;1;land;false;plains;6
6400;206;146;1;land;false;plains;6
6401;204;132;1;land;false;forest;6
6402;222;82;1;land;false;plains;6
6403;162;134;1;land;false;forest;6
6404;159;122;1;land;false;forest;6
6405;163;119;1;land;false;plains;6
6406;166;141;1;land;false;forest;6
6407;167;142;1;land;false;forest;6
6408;149;99;1;land;false;forest;6
6409;153;81;1;land;false;forest;6
6410;159;128;1;land;false;forest;6
6411;144;70;1;land;false;plains;6
6412;143;99;1;land;false;plains;6
6413;204;115;1;land;false;forest;6
6414;162;99;1;land;false;plains;6
6415;168;147;1;land;false;forest;6
6416;200;108;1;land;false;forest;6
6417;188;107;1;land;false;forest;6
6418;166;128;1;land;false;plains;6
6419;201;136;1;land;false;plains;6
6420;180;101;1;land;false;forest;6
6421;171;112;1;land;false;forest;6
6422;146;113;1;land;false;plains;6
6423;187;70;1;land;false;plains;6
6424;165;109;1;land;false;forest;6
6425;216;133;1;land;false;plains;6
6426;201;147;1;land;false;forest;6
6427;178;74;1;land;false;plains;6
6428;185;136;1;land;false;forest;6
6429;178;71;1;land;false;plains;6
6430;186;102;1;land;false;forest;6
6431;110;116;1;land;false;plains;6
6432;98;45;1;land;false;forest;6
6433;114;84;1;land;false;plains;6
6434;134;73;1;land;false;forest;6
6435;81;86;1;land;false;plains;6
6436;88;56;1;land;false;plains;6
6437;113;122;1;land;false;plains;6
6438;62;51;1;land;false;plains;6
6439;66;78;1;land;false;forest;6
6440;70;73;1;land;false;plains;6
6441;127;117;1;land;false;plains;6
6442;75;45;1;land;false;plains;6
6443;64;74;1;land;false;plains;6
6444;120;81;1;land;false;plains;6
6445;114;127;1;land;false;forest;6
6446;136;62;1;land;false;forest;6
6447;140;71;1;land;false;forest;6
6448;137;67;1;land;false;forest;6
6449;137;87;1;land;false;plains;6
6450;138;111;1;land;false;plains;6
6451;135;110;1;land;false;forest;6
6452;107;112;1;land;false;plains;6
6453;155;96;1;land;false;forest;6
6454;153;135;1;land;false;forest;6
6455;174;121;1;land;false;plains;6
6456;175;77;1;land;false;forest;6
6457;144;61;1;land;false;forest;6
6458;151;119;1;land;false;plains;6
6459;167;92;1;land;false;plains;6
6460;171;102;1;land;false;plains;6
6461;151;74;1;land;false;plains;6
6462;174;132;1;land;false;forest;6
6463;140;96;1;land;false;forest;6
6464;105;102;1;land;false;forest;6
6465;127;98;1;land;false;plains;6
6466;136;115;1;land;false;plains;6
6467;167;110;1;land;false;plains;6
6468;146;71;1;land;false;forest;6
6469;139;113;1;land;false;forest;6
6470;170;81;1;land;false;plains;6
6471;137;136;1;land;false;forest;6
6472;166;61;1;land;false;forest;6
6473;167;131;1;land;false;plains;6
6474;133;71;1;land;false;forest;6
6475;114;86;1;land;false;plains;6
6476;103;87;1;land;false;plains;6
6477;115;135;1;land;false;forest;6
6478;122;70;1;land;false;plains;6
6479;125;88;1;land;false;forest;6
6480;134;114;1;land;false;forest;6
6481;107;113;1;land;false;plains;6
6482;144;94;1;land;false;plains;6
6483;123;94;1;land;false;forest;6
6484;138;102;1;land;false;plains;6
6485;160;85;1;land;false;forest;6
6486;141;66;1;land;false;plains;6
6487;116;126;1;land;false;forest;6
6488;123;80;1;land;false;plains;6
6489;154;98;1;land;false;plains;6
6490;140;127;1;land;false;forest;6
6491;155;57;1;land;false;plains;6
6492;167;82;1;land;false;forest;6
6493;163;94;1;land;false;plains;6
6494;155;95;1;land;false;forest;6
6495;110;97;1;land;false;plains;6
6496;128;76;1;land;false;forest;6
6497;151;101;1;land;false;forest;6
6498;174;131;1;land;false;forest;6
6499;161;99;1;land;false;plains;6
6500;173;69;1;land;false;forest;6
6501;156;135;1;land;false;plains;6
6502;94;211;1;land;false;plains;6
6503;112;240;1;land;false;plains;6
6504;49;224;1;land;false;plains;6
6505;85;209;1;land;false;plains;6
6506;104;248;1;land;false;plains;6
6507;113;234;1;land;false;plains;6
6508;53;218;1;land;false;plains;6
6509;59;245;1;land;false;plains;6
6510;106;213;1;land;false;plains;6
6511;65;247;1;land;false;plains;6
6512;119;234;1;land;false;plains;6
6513;43;230;1;land;false;plains;6
6514;87;242;1;land;false;plains;6
6515;62;227;1;land;false;plains;6
6516;54;228;1;land;false;plains;6
6517;59;209;1;land;false;plains;6
6518;80;213;1;land;false;plains;6
6519;88;220;1;land;false;plains;6
6520;74;246;1;land;false;plains;6
6521;50;231;1;land;false;plains;6
6522;113;222;1;land;false;plains;6
6523;60;219;1;land;false;plains;6
6524;62;225;1;land;false;plains;6
6525;88;218;1;land;false;plains;6
6526;43;229;1;land;false;plains;6
6527;65;249;1;land;false;plains;6
6528;55;210;1;land;false;plains;6
6529;80;212;1;land;false;plains;6
6530;59;237;1;land;false;plains;6
6531;235;247;1;land;false;plains;6
6532;218;192;1;land;false;plains;6
6533;230;234;1;land;false;plains;6
6534;223;189;1;land;false;plains;6
6535;228;237;1;land;false;plains;6
6536;230;183;1;land;false;plains;6
6537;243;211;1;land;false;plains;6
6538;218;187;1;land;false;plains;6
6539;231;212;1;land;false;plains;6
6540;240;245;1;land;false;plains;6
6541;245;226;1;land;false;plains;6
6542;253;222;1;land;false;plains;6
6543;245;232;1;land;false;plains;6
6544;220;218;1;land;false;plains;6
6545;228;228;1;land;false;plains;6
6546;237;235;1;land;false;plains;6
6547;243;246;1;land;false;plains;6
6548;226;205;1;land;false;plains;6
6549;254;239;1;land;false;plains;6
6550;219;235;1;land;false;plains;6
6551;226;244;1;land;false;plains;6
6552;253;220;1;land;false;plains;6
6553;215;254;1;land;false;plains;6
6554;235;193;1;land;false;plains;6
6555;216;233;1;land;false;plains;6
6556;238;200;1;land;false;plains;6
6557;223;227;1;land;false;plains;6
6558;222;188;1;land;false;plains;6
6559;242;246;1;land;false;plains;6
6560;247;248;1;land;false;plains;6
6561;215;188;1;land;false;plains;6
6562;229;226;1;land;false;plains;6
6563;236;216;1;land;false;plains;6
6564;233;191;1;land;false;plains;6
6565;24;83;1;land;false;plains;6
6566;25;119;1;land;false;plains;6
6567;7;139;1;land;false;plains;6
6568;4;135;1;land;false;plains;6
6569;24;94;1;land;false;plains;6
6570;28;155;1;land;false;plains;6
6571;6;99;1;land;false;plains;6
6572;64;146;1;land;false;plains;6
6573;53;78;1;land;false;plains;6
6574;4;102;1;land;false;plains;6
6575;4;104;1;land;false;plains;6
6576;20;135;1;land;false;plains;6
6577;64;131;1;land;false;plains;6
6578;12;139;1;land;false;plains;6
6579;6;153;1;land;false;plains;6
6580;63;116;1;land;false;plains;6
6581;64;110;1;land;false;plains;6
6582;57;84;1;land;false;plains;6
6583;22;90;1;land;false;plains;6
6584;68;124;1;land;false;plains;6
6585;14;122;1;land;false;plains;6
6586;28;102;1;land;false;plains;6
6587;26;117;1;land;false;plains;6
6588;45;111;1;land;false;plains;6
6589;51;84;1;land;false;plains;6
6590;29;102;1;land;false;plains;6
6591;37;155;1;land;false;plains;6
6592;52;86;1;land;false;plains;6
6593;1;97;1;land;false;plains;6
6594;50;123;1;land;false;plains;6
6595;27;152;1;land;false;plains;6
6596;67;118;1;land;false;plains;6
6597;27;139;1;land;false;plains;6
6598;40;121;1;land;false;plains;6
6599;11;110;1;land;false;plains;6
6600;22;83;1;land;false;plains;6
6601;55;126;1;land;false;plains;6
6602;18;124;1;land;false;plains;6
6603;47;96;1;land;false;plains;6
6604;19;143;1;land;false;plains;6
6605;15;89;1;land;false;plains;6
6606;21;82;1;land;false;plains;6
6607;28;111;1;land;false;plains;6
6608;45;103;1;land;false;plains;6
6609;64;117;1;land;false;plains;6
6610;44;135;1;land;false;plains;6
6611;57;87;1;land;false;plains;6
6612;45;114;1;land;false;plains;6
6613;34;85;1;land;false;plains;6
6614;18;81;1;land;false;plains;6
6615;52;148;1;land;false;plains;6
6616;17;102;1;land;false;plains;6
6617;41;125;1;land;false;plains;6
6618;7;108;1;land;false;plains;6
6619;53;128;1;land;false;plains;6
6620;28;203;1;land;false;forest;6
6621;15;226;1;land;false;forest;6
6622;58;223;1;land;false;forest;6
6623;22;239;1;land;false;forest;6
6624;49;226;1;land;false;forest;6
6625;60;213;1;land;false;forest;6
6626;31;230;1;land;false;plains;6
6627;5;252;1;land;false;forest;6
6628;57;216;1;land;false;forest;6
6629;12;221;1;land;false;forest;6
6630;35;223;1;land;false;forest;6
6631;30;245;1;land;false;forest;6
6632;64;205;1;land;false;forest;6
6633;51;243;1;land;false;forest;6
6634;4;231;1;land;false;plains;6
6635;3;210;1;land;false;forest;6
6636;62;238;1;land;false;forest;6
6637;16;225;1;land;false;forest;6
6638;1;252;1;land;false;forest;6
6639;59;200;1;land;false;forest;6
6640;1;230;1;land;false;forest;6
6641;37;243;1;land;false;forest;6
6642;14;247;1;land;false;forest;6
6643;17;196;1;land;false;forest;6
6644;45;197;1;land;false;plains;6
6645;22;196;1;land;false;forest;6
6646;66;239;1;land;false;forest;6
6647;9;231;1;land;false;plains;6
6648;49;233;1;land;false;forest;6
6649;54;212;1;land;false;forest;6
6650;22;194;1;land;false;forest;6
6651;2;253;1;land;false;forest;6
6652;12;227;1;land;false;forest;6
6653;56;252;1;land;false;forest;6
6654;59;238;1;land;false;forest;6
6655;75;199;1;land;false;plains;6
6656;68;242;1;land;false;plains;6
6657;59;228;1;land;false;forest;6
6658;39;252;1;land;false;forest;6
6659;41;245;1;land;false;forest;6
6660;147;54;1;land;false;forest;6
6661;86;34;1;land;false;forest;6
6662;131;48;1;land;false;forest;6
6663;109;62;1;land;false;forest;6
6664;153;74;1;land;false;plains;6
6665;127;43;1;land;false;forest;6
6666;126;94;1;land;false;forest;6
6667;92;48;1;land;false;forest;6
6668;119;103;1;land;false;forest;6
6669;86;83;1;land;false;forest;6
6670;150;72;1;land;false;plains;6
6671;121;24;1;land;false;forest;6
6672;114;37;1;land;false;forest;6
6673;97;67;1;land;false;plains;6
6674;156;91;1;land;false;forest;6
6675;145;83;1;land;false;forest;6
6676;141;91;1;land;false;forest;6
6677;133;95;1;land;false;forest;6
6678;152;95;1;land;false;forest;6
6679;85;45;1;land;false;forest;6
6680;130;27;1;land;false;forest;6
6681;116;33;1;land;false;plains;6
6682;157;52;1;land;false;forest;6
6683;121;87;1;land;false;forest;6
6684;160;33;1;land;false;plains;6
6685;99;95;1;land;false;forest;6
6686;145;95;1;land;false;plains;6
6687;136;35;1;land;false;forest;6
6688;147;76;1;land;false;forest;6
6689;145;51;1;land;false;forest;6
6690;88;52;1;land;false;forest;6
6691;134;30;1;land;false;forest;6
6692;141;76;1;land;false;forest;6
6693;113;87;1;land;false;plains;6
6694;151;44;1;land;false;forest;6
6695;135;42;1;land;false;plains;6
6696;94;36;1;land;false;forest;6
6697;153;72;1;land;false;plains;6
6698;110;72;1;land;false;forest;6
6699;129;79;1;land;false;forest;6
6700;89;98;1;land;false;forest;6
6701;159;57;1;land;false;forest;6
6702;101;76;1;land;false;forest;6
6703;159;53;1;land;false;jungle;6
6704;100;90;1;land;false;forest;6
6705;97;25;1;land;false;plains;6
6706;159;62;1;land;false;forest;6
6707;103;94;1;land;false;forest;6
6708;127;102;1;land;false;forest;6
6709;155;65;1;land;false;forest;6
6710;121;67;1;land;false;forest;6
6711;81;35;1;land;false;forest;6
6712;150;65;1;land;false;forest;6
6713;145;32;1;land;false;plains;6
6714;144;30;1;land;false;plains;6
6715;155;41;1;land;false;forest;6
6716;151;68;1;land;false;forest;6
6717;149;97;1;land;false;forest;6
6718;131;65;1;land;false;forest;6
6719;144;196;1;land;false;plains;6
6720;150;181;1;land;false;plains;6
6721;116;183;1;land;false;plains;6
6722;112;143;1;land;false;plains;6
6723;127;187;1;land;false;plains;6
6724;105;156;1;land;false;plains;6
6725;147;142;1;land;false;plains;6
6726;120;174;1;land;false;plains;6
6727;161;194;1;land;false;plains;6
6728;114;175;1;land;false;plains;6
6729;113;206;1;land;false;forest;6
6730;171;188;1;land;false;plains;6
6731;123;154;1;land;false;plains;6
6732;142;206;1;land;false;plains;6
6733;122;186;1;land;false;plains;6
6734;125;191;1;land;false;plains;6
6735;150;205;1;land;false;plains;6
6736;162;187;1;land;false;forest;6
6737;129;152;1;land;false;plains;6
6738;164;208;1;land;false;plains;6
6739;97;193;1;land;false;plains;6
6740;98;203;1;land;false;plains;6
6741;98;158;1;land;false;plains;6
6742;138;164;1;land;false;plains;6
6743;102;173;1;land;false;plains;6
6744;105;209;1;land;false;plains;6
6745;103;170;1;land;false;plains;6
6746;152;206;1;land;false;plains;6
6747;149;168;1;land;false;plains;6
6748;30;118;1;land;false;plains;6
6749;60;166;1;land;false;plains;6
6750;9;164;1;land;false;plains;6
6751;20;144;1;land;false;plains;6
6752;34;145;1;land;false;plains;6
6753;74;131;1;land;false;plains;6
6754;14;153;1;land;false;plains;6
6755;72;129;1;land;false;plains;6
6756;44;146;1;land;false;plains;6
6757;65;126;1;land;false;plains;6
6758;26;181;1;land;false;plains;6
6759;46;182;1;land;false;plains;6
6760;68;161;1;land;false;plains;6
6761;68;109;1;land;false;plains;6
6762;57;110;1;land;false;plains;6
6763;33;114;1;land;false;plains;6
6764;40;113;1;land;false;plains;6
6765;19;169;1;land;false;plains;6
6766;77;148;1;land;false;plains;6
6767;67;150;1;land;false;plains;6
6768;5;142;1;land;false;plains;6
6769;58;156;1;land;false;plains;6
6770;5;133;1;land;false;plains;6
6771;62;119;1;land;false;plains;6
6772;34;181;1;land;false;plains;6
6773;61;137;1;land;false;plains;6
6774;11;184;1;land;false;plains;6
6775;50;110;1;land;false;plains;6
6776;45;112;1;land;false;plains;6
6777;10;163;1;land;false;plains;6
6778;26;137;1;land;false;plains;6
6779;234;26;1;land;false;plains;6
6780;217;21;1;land;false;plains;6
6781;179;3;1;land;false;plains;6
6782;171;36;1;land;false;plains;6
6783;176;38;1;land;false;plains;6
6784;199;33;1;land;false;plains;6
6785;221;5;1;land;false;plains;6
6786;182;30;1;land;false;plains;6
6787;220;25;1;land;false;plains;6
6788;163;8;1;land;false;plains;6
6789;225;15;1;land;false;plains;6
6790;199;42;1;land;false;plains;6
6791;185;30;1;land;false;plains;6
6792;181;7;1;land;false;plains;6
6793;212;7;1;land;false;plains;6
6794;188;40;1;land;false;plains;6
6795;233;8;1;land;false;plains;6
6796;231;42;1;land;false;plains;6
6797;198;39;1;land;false;plains;6
6798;171;30;1;land;false;plains;6
6799;180;9;1;land;false;plains;6
6800;168;27;1;land;false;plains;6
6801;218;37;1;land;false;plains;6
6802;173;2;1;land;false;plains;6
6803;200;36;1;land;false;plains;6
6804;235;11;1;land;false;plains;6
6805;178;29;1;land;false;plains;6
6806;223;9;1;land;false;plains;6
6807;226;22;1;land;false;plains;6
6808;193;34;1;land;false;plains;6
6809;171;21;1;land;false;plains;6
6810;194;16;1;land;false;plains;6
6811;217;7;1;land;false;plains;6
6812;199;9;1;land;false;plains;6
6813;189;38;1;land;false;plains;6
6814;162;29;1;land;false;plains;6
6815;233;31;1;land;false;plains;6
6816;195;7;1;land;false;plains;6
6817;174;26;1;land;false;plains;6
6818;204;10;1;land;false;plains;6
6819;205;21;1;land;false;plains;6
6820;199;8;1;land;false;plains;6
6821;225;7;1;land;false;plains;6
6822;227;23;1;land;false;plains;6
6823;194;6;1;land;false;plains;6
6824;181;32;1;land;false;plains;6
6825;236;1;1;land;false;plains;6
6826;184;38;1;land;false;plains;6
6827;190;36;1;land;false;plains;6
6828;239;38;1;land;false;plains;6
6829;234;24;1;land;false;plains;6
6830;218;28;1;land;false;plains;6
6831;187;20;1;land;false;plains;6
6832;175;38;1;land;false;plains;6
6833;204;3;1;land;false;plains;6
6834;164;32;1;land;false;plains;6
6835;229;19;1;land;false;plains;6
6836;220;39;1;land;false;plains;6
6837;198;24;1;land;false;plains;6
6838;230;50;1;land;false;plains;6
6839;207;19;1;land;false;plains;6
6840;245;35;1;land;false;plains;6
6841;249;6;1;land;false;plains;6
6842;209;11;1;land;false;plains;6
6843;210;44;1;land;false;plains;6
6844;240;40;1;land;false;plains;6
6845;251;11;1;land;false;plains;6
6846;227;42;1;land;false;plains;6
6847;204;31;1;land;false;plains;6
6848;234;52;1;land;false;plains;6
6849;240;54;1;land;false;plains;6
6850;225;14;1;land;false;plains;6
6851;215;27;1;land;false;plains;6
6852;220;29;1;land;false;plains;6
6853;214;8;1;land;false;plains;6
6854;215;44;1;land;false;plains;6
6855;227;26;1;land;false;plains;6
6856;207;43;1;land;false;plains;6
6857;239;0;1;land;false;plains;6
6858;205;0;1;land;false;plains;6
6859;202;21;1;land;false;plains;6
6860;250;146;1;land;false;plains;6
6861;208;171;1;land;false;plains;6
6862;205;199;1;land;false;plains;6
6863;252;144;1;land;false;plains;6
6864;250;150;1;land;false;plains;6
6865;246;201;1;land;false;plains;6
6866;239;156;1;land;false;plains;6
6867;254;174;1;land;false;plains;6
6868;226;171;1;land;false;plains;6
6869;242;164;1;land;false;plains;6
6870;208;176;1;land;false;plains;6
6871;241;154;1;land;false;plains;6
6872;208;189;1;land;false;plains;6
6873;196;166;1;land;false;plains;6
6874;186;205;1;land;false;plains;6
6875;197;145;1;land;false;plains;6
6876;245;166;1;land;false;plains;6
6877;238;198;1;land;false;plains;6
6878;239;171;1;land;false;plains;6
6879;192;192;1;land;false;plains;6
6880;206;145;1;land;false;plains;6
6881;193;181;1;land;false;plains;6
6882;245;150;1;land;false;plains;6
6883;227;158;1;land;false;plains;6
6884;220;145;1;land;false;plains;6
6885;193;148;1;land;false;plains;6
6886;138;114;1;land;false;plains;6
6887;100;176;1;land;false;plains;6
6888;85;144;1;land;false;forest;6
6889;93;174;1;land;false;plains;6
6890;62;130;1;land;false;plains;6
6891;109;112;1;land;false;forest;6
6892;126;139;1;land;false;plains;6
6893;107;180;1;land;false;plains;6
6894;101;105;1;land;false;plains;6
6895;89;161;1;land;false;plains;6
6896;93;155;1;land;false;plains;6
6897;63;130;1;land;false;plains;6
6898;121;146;1;land;false;plains;6
6899;115;100;1;land;false;plains;6
6900;124;104;1;land;false;plains;6
6901;99;102;1;land;false;forest;6
6902;125;143;1;land;false;plains;6
6903;91;149;1;land;false;plains;6
6904;64;137;1;land;false;plains;6
6905;72;171;1;land;false;plains;6
6906;84;179;1;land;false;forest;6
6907;121;147;1;land;false;plains;6
6908;118;137;1;land;false;plains;6
6909;68;179;1;land;false;plains;6
6910;84;153;1;land;false;forest;6
6911;119;114;1;land;false;plains;6
6912;134;156;1;land;false;forest;6
6913;59;151;1;land;false;plains;6
6914;134;174;1;land;false;plains;6
6915;109;139;1;land;false;plains;6
6916;64;147;1;land;false;plains;6
6917;13;86;1;land;false;plains;6
6918;29;132;1;land;false;plains;6
6919;5;115;1;land;false;plains;6
6920;9;133;1;land;false;plains;6
6921;0;113;1;land;false;plains;6
6922;29;75;1;land;false;plains;6
6923;9;129;1;land;false;plains;6
6924;25;73;1;land;false;plains;6
6925;1;118;1;land;false;plains;6
6926;0;70;1;land;false;plains;6
6927;18;141;1;land;false;plains;6
6928;26;224;1;land;false;forest;6
6929;38;248;1;land;false;forest;6
6930;47;195;1;land;false;forest;6
6931;1;233;1;land;false;forest;6
6932;6;206;1;land;false;forest;6
6933;20;228;1;land;false;plains;6
6934;35;239;1;land;false;forest;6
6935;6;194;1;land;false;forest;6
6936;48;217;1;land;false;forest;6
6937;39;248;1;land;false;forest;6
6938;47;238;1;land;false;forest;6
6939;49;253;1;land;false;forest;6
6940;44;211;1;land;false;forest;6
6941;4;185;1;land;false;forest;6
6942;44;193;1;land;false;forest;6
6943;28;189;1;land;false;plains;6
6944;44;219;1;land;false;forest;6
6945;47;243;1;land;false;plains;6
6946;24;237;1;land;false;plains;6
6947;19;186;1;land;false;forest;6
6948;51;239;1;land;false;forest;6
6949;24;184;1;land;false;plains;6
6950;128;201;1;land;false;plains;6
6951;157;151;1;land;false;forest;6
6952;162;143;1;land;false;plains;6
6953;123;166;1;land;false;plains;6
6954;134;171;1;land;false;forest;6
6955;150;183;1;land;false;forest;6
6956;109;218;1;land;false;forest;6
6957;129;213;1;land;false;plains;6
6958;184;163;1;land;false;plains;6
6959;186;179;1;land;false;forest;6
6960;113;217;1;land;false;plains;6
6961;180;159;1;land;false;forest;6
6962;116;210;1;land;false;plains;6
6963;123;194;1;land;false;plains;6
6964;135;221;1;land;false;forest;6
6965;165;220;1;land;false;forest;6
6966;174;169;1;land;false;forest;6
6967;161;162;1;land;false;plains;6
6968;132;179;1;land;false;forest;6
6969;137;197;1;land;false;forest;6
6970;177;181;1;land;false;plains;6
6971;110;189;1;land;false;plains;6
6972;187;153;1;land;false;plains;6
6973;140;190;1;land;false;forest;6
6974;119;192;1;land;false;plains;6
6975;128;187;1;land;false;forest;6
6976;146;167;1;land;false;plains;6
6977;176;208;1;land;false;forest;6
6978;157;152;1;land;false;plains;6
6979;147;161;1;land;false;forest;6
6980;132;203;1;land;false;forest;6
6981;157;156;1;land;false;forest;6
6982;185;204;1;land;false;plains;6
6983;174;221;1;land;false;forest;6
6984;128;192;1;land;false;forest;6
6985;132;150;1;land;false;plains;6
6986;107;154;1;land;false;forest;6
6987;108;136;1;land;false;plains;6
6988;109;168;1;land;false;forest;6
6989;147;194;1;land;false;forest;6
6990;124;152;1;land;false;forest;6
6991;130;147;1;land;false;plains;6
6992;96;195;1;land;false;forest;6
6993;112;171;1;land;false;forest;6
6994;78;186;1;land;false;forest;6
6995;88;208;1;land;false;forest;6
6996;68;151;1;land;false;forest;6
6997;111;168;1;land;false;forest;6
6998;124;164;1;land;false;forest;6
6999;91;137;1;lake;false;lakes;6
7000;118;143;1;land;false;forest;6
7001;90;149;1;land;false;plains;6
7002;142;131;1;land;false;plains;6
7003;145;154;1;land;false;forest;6
7004;96;191;1;land;false;forest;6
7005;88;207;1;land;false;forest;6
7006;117;166;1;land;false;plains;6
7007;108;192;1;land;false;plains;6
7008;142;195;1;land;false;forest;6
7009;91;154;1;land;false;forest;6
7010;124;171;1;land;false;forest;6
7011;100;154;1;land;false;plains;6
7012;105;173;1;land;false;forest;6
7013;147;144;1;land;false;forest;6
7014;112;137;1;land;false;forest;6
7015;87;182;1;land;false;forest;6
7016;91;174;1;land;false;plains;6
7017;146;177;1;land;false;forest;6
7018;26;104;1;land;false;plains;6
7019;59;126;1;land;false;plains;6
7020;17;122;1;land;false;plains;6
7021;38;117;1;land;false;plains;6
7022;62;151;1;land;false;plains;6
7023;42;158;1;land;false;plains;6
7024;38;168;1;land;false;plains;6
7025;59;111;1;land;false;forest;6
7026;10;136;1;land;false;forest;6
7027;4;181;1;land;false;plains;6
7028;16;133;1;land;false;plains;6
7029;55;129;1;land;false;plains;6
7030;58;166;1;land;false;plains;6
7031;50;156;1;land;false;plains;6
7032;10;158;1;land;false;plains;6
7033;21;153;1;land;false;plains;6
7034;42;122;1;land;false;plains;6
7035;16;164;1;land;false;plains;6
7036;10;161;1;land;false;plains;6
7037;39;181;1;land;false;plains;6
7038;29;158;1;land;false;plains;6
7039;55;110;1;land;false;plains;6
7040;9;111;1;land;false;plains;6
7041;37;139;1;land;false;plains;6
7042;21;151;1;land;false;plains;6
7043;20;112;1;land;false;forest;6
7044;205;176;1;land;false;plains;6
7045;225;158;1;land;false;forest;6
7046;175;183;1;land;false;plains;6
7047;199;209;1;land;false;plains;6
7048;183;196;1;land;false;plains;6
7049;232;192;1;land;false;forest;6
7050;229;137;1;land;false;plains;6
7051;175;191;1;land;false;forest;6
7052;241;202;1;land;false;forest;6
7053;245;156;1;land;false;plains;6
7054;209;178;1;land;false;plains;6
7055;189;179;1;land;false;plains;6
7056;170;184;1;land;false;plains;6
7057;225;163;1;land;false;plains;6
7058;215;197;1;land;false;plains;6
7059;223;200;1;land;false;plains;6
7060;232;206;1;land;false;plains;6
7061;218;212;1;land;false;plains;6
7062;241;216;1;land;false;forest;6
7063;180;150;1;land;false;plains;6
7064;186;170;1;land;false;plains;6
7065;177;155;1;land;false;forest;6
7066;180;187;1;land;false;plains;6
7067;210;188;1;land;false;plains;6
7068;200;183;1;land;false;plains;6
7069;197;14;1;land;false;plains;6
7070;232;12;1;land;false;plains;6
7071;246;72;1;land;false;plains;6
7072;194;60;1;land;false;plains;6
7073;233;42;1;land;false;plains;6
7074;245;55;1;land;false;plains;6
7075;216;7;1;land;false;plains;6
7076;195;5;1;land;false;plains;6
7077;242;45;1;land;false;plains;6
7078;204;67;1;land;false;plains;6
7079;230;63;1;land;false;desert;6
7080;223;43;1;land;false;desert;6
7081;182;61;1;land;false;plains;6
7082;253;32;1;land;false;plains;6
7083;187;31;1;land;false;plains;6
7084;193;70;1;land;false;plains;6
7085;224;15;1;land;false;plains;6
7086;238;54;1;land;false;plains;6
7087;182;44;1;land;false;plains;6
7088;214;70;1;land;false;plains;6
7089;245;66;1;land;false;plains;6
7090;236;73;1;land;false;plains;6
7091;228;57;1;land;false;plains;6
7092;197;68;1;land;false;plains;6
7093;193;43;1;land;false;plains;6
7094;227;41;1;land;false;plains;6
7095;225;38;1;land;false;plains;6
7096;218;46;1;land;false;plains;6
7097;188;6;1;land;false;plains;6
7098;212;74;1;land;false;plains;6
7099;244;67;1;land;false;plains;6
7100;187;0;1;land;false;plains;6
7101;243;63;1;land;false;forest;6
7102;245;30;1;land;false;forest;6
7103;196;41;1;land;false;plains;6
7104;201;36;1;land;false;plains;6
7105;227;19;1;land;false;plains;6
7106;223;60;1;land;false;plains;6
7107;205;37;1;land;false;plains;6
7108;249;15;1;land;false;plains;6
7109;195;47;1;land;false;plains;6
7110;194;11;1;land;false;plains;6
7111;236;45;1;land;false;plains;6
7112;191;55;1;land;false;plains;6
7113;204;1;1;land;false;plains;6
7114;205;67;1;land;false;plains;6
7115;213;22;1;land;false;forest;6
7116;200;2;1;land;false;desert;6
7117;236;63;1;land;false;plains;6
7118;199;68;1;land;false;plains;6
7119;191;74;1;land;false;plains;6
7120;240;26;1;land;false;plains;6
7121;248;55;1;land;false;plains;6
7122;247;4;1;land;false;plains;6
7123;185;46;1;land;false;plains;6
7124;194;49;1;land;false;plains;6
7125;234;2;1;land;false;forest;6
7126;242;0;1;land;false;forest;6
7127;233;34;1;land;false;plains;6
7128;234;32;1;land;false;plains;6
7129;195;55;1;land;false;plains;6
7130;233;38;1;land;false;plains;6
7131;197;51;1;land;false;plains;6
7132;216;52;1;land;false;plains;6
7133;208;59;1;land;false;desert;6
7134;201;64;1;land;false;plains;6
7135;234;61;1;land;false;plains;6
7136;237;64;1;land;false;plains;6
7137;225;61;1;land;false;plains;6
7138;253;27;1;land;false;plains;6
7139;213;36;1;land;false;forest;6
7140;221;74;1;land;false;plains;6
7141;237;72;1;land;false;plains;6
7142;184;33;1;land;false;plains;6
7143;240;74;1;land;false;plains;6
7144;200;69;1;land;false;plains;6
7145;239;35;1;land;false;plains;6
7146;216;73;1;land;false;plains;6
7147;205;5;1;land;false;plains;6
7148;247;32;1;land;false;plains;6
7149;245;44;1;land;false;plains;6
7150;211;47;1;land;false;plains;6
7151;248;74;1;land;false;plains;6
7152;249;55;1;land;false;plains;6
7153;207;63;1;land;false;plains;6
7154;195;42;1;land;false;desert;6
7155;252;191;1;land;false;plains;6
7156;223;202;1;land;false;plains;6
7157;249;219;1;land;false;plains;6
7158;238;171;1;land;false;plains;6
7159;228;191;1;land;false;plains;6
7160;237;182;1;land;false;plains;6
7161;252;201;1;land;false;plains;6
7162;234;162;1;land;false;plains;6
7163;214;181;1;land;false;plains;6
7164;247;223;1;land;false;plains;6
7165;222;178;1;land;false;plains;6
7166;218;217;1;land;false;plains;6
7167;233;187;1;land;false;plains;6
7168;150;11;1;land;false;plains;6
7169;125;11;1;land;false;plains;6
7170;175;3;1;land;false;forest;6
7171;106;37;1;land;false;plains;6
7172;130;17;1;land;false;plains;6
7173;160;10;1;land;false;plains;6
7174;131;46;1;land;false;plains;6
7175;121;34;1;land;false;plains;6
7176;119;20;1;land;false;plains;6
7177;100;45;1;land;false;forest;6
7178;175;16;1;land;false;plains;6
7179;100;10;1;land;false;plains;6
7180;134;20;1;land;false;plains;6
7181;143;27;1;land;false;plains;6
7182;111;34;1;land;false;plains;6
7183;161;5;1;land;false;plains;6
7184;122;34;1;land;false;plains;6
7185;137;36;1;land;false;plains;6
7186;157;10;1;land;false;plains;6
7187;103;6;1;land;false;plains;6
7188;136;189;1;land;false;plains;6
7189;148;146;1;land;false;plains;6
7190;198;158;1;land;false;plains;6
7191;167;132;1;land;false;plains;6
7192;158;164;1;land;false;plains;6
7193;172;161;1;land;false;plains;6
7194;156;174;1;land;false;plains;6
7195;193;158;1;land;false;desert;6
7196;137;154;1;land;false;plains;6
7197;188;200;1;land;false;plains;6
7198;204;165;1;land;false;plains;6
7199;138;124;1;land;false;plains;6
7200;158;179;1;land;false;plains;6
7201;195;170;1;land;false;plains;6
7202;143;132;1;land;false;plains;6
7203;204;170;1;land;false;plains;6
7204;161;149;1;land;false;plains;6
7205;201;154;1;land;false;plains;6
7206;180;179;1;land;false;plains;6
7207;207;192;1;land;false;plains;6
7208;181;157;1;land;false;plains;6
7209;184;188;1;land;false;plains;6
7210;200;147;1;land;false;plains;6
7211;189;149;1;land;false;plains;6
7212;193;162;1;land;false;plains;6
7213;183;199;1;land;false;plains;6
7214;198;193;1;land;false;plains;6
7215;143;138;1;land;false;plains;6
7216;158;158;1;land;false;plains;6
7217;173;135;1;land;false;plains;6
7218;207;152;1;land;false;desert;6
7219;195;194;1;land;false;plains;6
7220;174;197;1;land;false;plains;6
7221;103;160;1;land;false;desert;6
7222;103;148;1;land;false;plains;6
7223;102;125;1;land;false;plains;6
7224;42;97;1;land;false;plains;6
7225;68;145;1;land;false;plains;6
7226;100;103;1;land;false;plains;6
7227;84;95;1;land;false;plains;6
7228;98;147;1;land;false;plains;6
7229;48;106;1;land;false;plains;6
7230;78;104;1;land;false;plains;6
7231;91;160;1;land;false;plains;6
7232;62;160;1;land;false;plains;6
7233;49;92;1;land;false;plains;6
7234;56;120;1;land;false;plains;6
7235;43;138;1;land;false;plains;6
7236;108;108;1;land;false;plains;6
7237;88;143;1;land;false;plains;6
7238;48;146;1;land;false;plains;6
7239;80;129;1;land;false;plains;6
7240;80;163;1;land;false;plains;6
7241;63;169;1;land;false;plains;6
7242;44;137;1;land;false;plains;6
7243;98;99;1;land;false;plains;6
7244;109;125;1;land;false;plains;6
7245;103;131;1;land;false;plains;6
7246;45;122;1;land;false;plains;6
7247;59;162;1;land;false;plains;6
7248;114;105;1;land;false;plains;6
7249;56;114;1;land;false;plains;6
7250;35;155;1;land;false;plains;6
7251;38;108;1;land;false;plains;6
7252;83;170;1;land;false;plains;6
7253;86;141;1;land;false;plains;6
7254;74;153;1;land;false;plains;6
7255;77;92;1;land;false;plains;6
7256;121;166;1;land;false;plains;6
7257;144;147;1;land;false;forest;6
7258;142;184;1;land;false;plains;6
7259;116;117;1;land;false;plains;6
7260;153;112;1;land;false;plains;6
7261;101;108;1;land;false;plains;6
7262;97;169;1;land;false;plains;6
7263;78;162;1;land;false;plains;6
7264;101;110;1;land;false;plains;6
7265;148;139;1;land;false;plains;6
7266;90;156;1;land;false;forest;6
7267;135;129;1;land;false;plains;6
7268;85;114;1;land;false;plains;6
7269;79;132;1;land;false;forest;6
7270;155;133;1;land;false;plains;6
7271;120;168;1;land;false;plains;6
7272;119;152;1;land;false;forest;6
7273;86;122;1;land;false;forest;6
7274;146;125;1;land;false;plains;6
7275;83;106;1;land;false;plains;6
7276;112;130;1;land;false;plains;6
7277;135;173;1;land;false;plains;6
7278;113;130;1;land;false;plains;6
7279;101;170;1;land;false;plains;6
7280;129;179;1;land;false;plains;6
7281;149;10;1;land;false;plains;6
7282;140;22;1;land;false;plains;6
7283;102;27;1;land;false;forest;6
7284;142;28;1;land;false;forest;6
7285;147;27;1;land;false;forest;6
7286;127;29;1;land;false;plains;6
7287;127;15;1;land;false;forest;6
7288;96;39;1;land;false;plains;6
7289;143;28;1;land;false;forest;6
7290;157;27;1;land;false;forest;6
7291;158;26;1;land;false;plains;6
7292;91;43;1;land;false;forest;6
7293;156;9;1;land;false;forest;6
7294;166;28;1;land;false;forest;6
7295;104;15;1;land;false;plains;6
7296;143;26;1;land;false;plains;6
7297;115;2;1;land;false;plains;6
7298;156;41;1;land;false;forest;6
7299;116;0;1;land;false;forest;6
7300;154;26;1;land;false;forest;6
7301;167;15;1;land;false;forest;6
7302;167;23;1;land;false;plains;6
7303;128;40;1;land;false;forest;6
7304;160;0;1;land;false;plains;6
7305;151;39;1;land;false;forest;6
7306;128;6;1;land;false;plains;6
7307;104;29;1;land;false;plains;6
7308;159;41;1;land;false;plains;6
7309;119;36;1;land;false;plains;6
7310;160;23;1;land;false;plains;6
7311;133;21;1;land;false;forest;6
7312;97;7;1;land;false;forest;6
7313;112;10;1;land;false;forest;6
7314;205;43;1;land;false;plains;6
7315;168;39;1;land;false;forest;6
7316;129;67;1;land;false;plains;6
7317;148;99;1;land;false;plains;6
7318;200;70;1;land;false;plains;6
7319;101;28;1;land;false;forest;6
7320;124;56;1;land;false;plains;6
7321;94;70;1;land;false;forest;6
7322;124;83;1;land;false;plains;6
7323;149;66;1;land;false;forest;6
7324;91;83;1;land;false;plains;6
7325;120;23;1;land;false;forest;6
7326;90;100;1;land;false;plains;6
7327;107;45;1;land;false;forest;6
7328;105;41;1;land;false;forest;6
7329;89;32;1;land;false;plains;6
7330;148;86;1;land;false;plains;6
7331;138;23;1;land;false;plains;6
7332;112;31;1;land;false;plains;6
7333;164;41;1;land;false;plains;6
7334;119;100;1;land;false;plains;6
7335;121;51;1;land;false;plains;6
7336;157;25;1;land;false;plains;6
7337;87;47;1;land;false;plains;6
7338;133;35;1;land;false;plains;6
7339;129;47;1;land;false;forest;6
7340;154;87;1;land;false;forest;6
7341;101;49;1;land;false;plains;6
7342;142;70;1;land;false;plains;6
7343;155;92;1;land;false;plains;6
7344;119;96;1;land;false;forest;6
7345;92;22;1;land;false;plains;6
7346;160;101;1;land;false;plains;6
7347;117;54;1;land;false;plains;6
7348;86;85;1;land;false;plains;6
7349;98;93;1;land;false;plains;6
7350;109;42;1;land;false;forest;6
7351;95;49;1;land;false;forest;6
7352;86;64;1;land;false;plains;6
7353;151;102;1;land;false;plains;6
7354;149;94;1;land;false;forest;6
7355;120;28;1;land;false;plains;6
7356;132;37;1;land;false;plains;6
7357;159;66;1;land;false;plains;6
7358;63;81;1;land;false;plains;6
7359;48;56;1;land;false;forest;6
7360;97;58;1;land;false;plains;6
7361;103;38;1;land;false;plains;6
7362;114;73;1;land;false;plains;6
7363;64;92;1;land;false;forest;6
7364;56;87;1;land;false;plains;6
7365;110;48;1;land;false;plains;6
7366;106;88;1;land;false;plains;6
7367;38;75;1;land;false;plains;6
7368;100;93;1;land;false;forest;6
7369;62;95;1;land;false;plains;6
7370;113;44;1;land;false;forest;6
7371;86;87;1;land;false;plains;6
7372;97;97;1;land;false;plains;6
7373;78;42;1;land;false;plains;6
7374;57;50;1;land;false;plains;6
7375;96;54;1;land;false;plains;6
7376;102;93;1;land;false;plains;6
7377;107;70;1;land;false;plains;6
7378;79;104;1;land;false;plains;6
7379;96;33;1;land;false;plains;6
7380;70;64;1;land;false;forest;6
7381;108;56;1;land;false;plains;6
7382;61;41;1;land;false;plains;6
7383;83;33;1;land;false;plains;6
7384;75;78;1;land;false;plains;6
7385;116;61;1;land;false;plains;6
7386;78;58;1;land;false;plains;6
7387;82;75;1;land;false;plains;6
7388;72;76;1;land;false;plains;6
7389;85;82;1;land;false;plains;6
7390;95;72;1;land;false;plains;6
7391;96;49;1;land;false;plains;6
7392;38;46;1;land;false;plains;6
7393;92;51;1;land;false;plains;6
7394;57;63;1;land;false;plains;6
7395;112;59;1;land;false;plains;6
7396;113;83;1;land;false;plains;6
7397;73;78;1;land;false;plains;6
7398;41;75;1;land;false;plains;6
7399;92;77;1;land;false;plains;6
7400;111;59;1;land;false;plains;6
7401;59;72;1;land;false;plains;6
7402;69;61;1;land;false;plains;6
7403;96;126;1;land;false;plains;6
7404;151;88;1;land;false;plains;6
7405;147;92;1;land;false;plains;6
7406;126;84;1;land;false;plains;6
7407;140;86;1;land;false;desert;6
7408;148;54;1;land;false;plains;6
7409;109;105;1;land;false;plains;6
7410;147;82;1;land;false;plains;6
7411;148;79;1;land;false;plains;6
7412;113;99;1;land;false;plains;6
7413;90;51;1;land;false;plains;6
7414;155;71;1;land;false;plains;6
7415;102;86;1;land;false;plains;6
7416;99;52;1;land;false;plains;6
7417;125;75;1;land;false;plains;6
7418;145;62;1;land;false;plains;6
7419;145;63;1;land;false;plains;6
7420;142;54;1;land;false;plains;6
7421;104;51;1;land;false;plains;6
7422;131;83;1;land;false;plains;6
7423;111;106;1;land;false;plains;6
7424;81;103;1;land;false;plains;6
7425;155;63;1;land;false;plains;6
7426;118;95;1;land;false;plains;6
7427;150;117;1;land;false;plains;6
7428;123;50;1;land;false;plains;6
7429;150;99;1;land;false;plains;6
7430;113;69;1;land;false;plains;6
7431;147;107;1;land;false;plains;6
7432;97;62;1;land;false;plains;6
7433;96;79;1;land;false;plains;6
7434;102;59;1;land;false;plains;6
7435;131;85;1;land;false;plains;6
7436;92;86;1;land;false;plains;6
7437;94;76;1;land;false;plains;6
7438;80;106;1;land;false;plains;6
7439;114;95;1;land;false;plains;6
7440;139;123;1;land;false;plains;6
7441;142;108;1;land;false;plains;6
7442;133;106;1;land;false;plains;6
7443;109;92;1;land;false;plains;6
7444;108;123;1;land;false;plains;6
7445;146;100;1;land;false;plains;6
7446;137;119;1;land;false;plains;6
7447;155;114;1;land;false;plains;6
7448;134;96;1;land;false;plains;6
7449;97;63;1;land;false;plains;6
7450;151;72;1;land;false;plains;6
7451;116;110;1;land;false;plains;6
7452;98;75;1;land;false;plains;6
7453;156;48;1;land;false;plains;6
7454;145;87;1;land;false;plains;6
7455;118;100;1;land;false;plains;6
7456;146;51;1;land;false;plains;6
7457;235;164;1;land;false;plains;6
7458;219;196;1;land;false;plains;6
7459;236;168;1;land;false;forest;6
7460;237;156;1;land;false;plains;6
7461;227;196;1;land;false;plains;6
7462;236;172;1;land;false;plains;6
7463;247;151;1;land;false;forest;6
7464;232;197;1;land;false;plains;6
7465;252;199;1;land;false;forest;6
7466;240;195;1;land;false;plains;6
7467;203;161;1;land;false;forest;6
7468;237;191;1;land;false;forest;6
7469;246;176;1;land;false;forest;6
7470;217;163;1;land;false;forest;6
7471;238;178;1;land;false;plains;6
7472;214;196;1;land;false;forest;6
7473;208;166;1;land;false;forest;6
7474;212;193;1;land;false;forest;6
7475;229;177;1;land;false;forest;6
7476;253;163;1;land;false;plains;6
7477;202;151;1;land;false;plains;6
7478;239;159;1;land;false;plains;6
7479;236;203;1;land;false;forest;6
7480;220;219;1;land;false;forest;6
7481;221;210;1;land;false;forest;6
7482;251;219;1;land;false;forest;6
7483;205;185;1;land;false;plains;6
7484;205;162;1;land;false;forest;6
7485;18;80;1;land;false;desert;6
7486;53;86;1;land;false;plains;6
7487;27;95;1;land;false;plains;6
7488;12;85;1;land;false;plains;6
7489;43;28;1;land;false;forest;6
7490;66;86;1;land;false;forest;6
7491;74;25;1;land;false;plains;6
7492;59;51;1;land;false;plains;6
7493;36;69;1;land;false;forest;6
7494;38;52;1;land;false;plains;6
7495;14;95;1;land;false;plains;6
7496;68;70;1;land;false;forest;6
7497;1;87;1;land;false;plains;6
7498;70;95;1;land;false;forest;6
7499;19;25;1;land;false;desert;6
7500;49;60;1;land;false;desert;6
7501;63;70;1;land;false;forest;6
7502;30;37;1;land;false;forest;6
7503;60;98;1;land;false;forest;6
7504;67;80;1;land;false;plains;6
7505;3;19;1;land;false;plains;6
7506;26;45;1;land;false;plains;6
7507;48;97;1;land;false;forest;6
7508;63;89;1;land;false;desert;6
7509;67;30;1;land;false;plains;6
7510;25;85;1;land;false;forest;6
7511;7;34;1;land;false;plains;6
7512;44;57;1;land;false;desert;6
7513;29;23;1;land;false;plains;6
7514;43;67;1;land;false;forest;6
7515;55;78;1;land;false;plains;6
7516;34;22;1;land;false;forest;6
7517;3;30;1;land;false;plains;6
7518;10;70;1;land;false;forest;6
7519;6;97;1;land;false;plains;6
7520;0;75;1;land;false;plains;6
7521;17;49;1;land;false;desert;6
7522;72;59;1;land;false;forest;6
7523;48;27;1;land;false;desert;6
7524;55;63;1;land;false;plains;6
7525;73;19;1;land;false;desert;6
7526;21;95;1;land;false;plains;6
7527;188;46;1;land;false;plains;6
7528;204;42;1;land;false;plains;6
7529;150;42;1;land;false;plains;6
7530;170;45;1;land;false;plains;6
7531;206;50;1;land;false;plains;6
7532;179;17;1;land;false;plains;6
7533;196;31;1;land;false;plains;6
7534;146;6;1;land;false;plains;6
7535;180;12;1;land;false;plains;6
7536;218;149;1;land;false;forest;6
7537;169;174;1;land;false;plains;6
7538;235;196;1;land;false;forest;6
7539;225;209;1;land;false;forest;6
7540;199;174;1;land;false;forest;6
7541;206;155;1;land;false;plains;6
7542;162;207;1;land;false;forest;6
7543;191;198;1;land;false;forest;6
7544;180;147;1;land;false;plains;6
7545;237;155;1;land;false;forest;6
7546;232;147;1;land;false;forest;6
7547;220;140;1;land;false;forest;6
7548;197;170;1;land;false;forest;6
7549;220;138;1;land;false;forest;6
7550;211;148;1;land;false;forest;6
7551;203;179;1;land;false;plains;6
7552;211;206;1;land;false;forest;6
7553;167;173;1;land;false;forest;6
7554;168;159;1;land;false;forest;6
7555;168;141;1;land;false;plains;6
7556;169;210;1;land;false;plains;6
7557;170;188;1;land;false;forest;6
7558;181;179;1;land;false;forest;6
7559;204;169;1;land;false;forest;6
7560;170;172;1;land;false;forest;6
7561;212;145;1;land;false;forest;6
7562;220;153;1;land;false;forest;6
7563;230;142;1;land;false;plains;6
7564;231;169;1;land;false;plains;6
7565;207;180;1;land;false;plains;6
7566;228;171;1;land;false;forest;6
7567;235;172;1;land;false;forest;6
7568;214;172;1;land;false;forest;6
7569;236;135;1;land;false;forest;6
7570;183;176;1;land;false;forest;6
7571;166;185;1;land;false;forest;6
7572;220;186;1;land;false;forest;6
7573;189;201;1;land;false;forest;6
7574;183;153;1;land;false;plains;6
7575;220;165;1;land;false;forest;6
7576;159;164;1;land;false;forest;6
7577;24;18;1;land;false;plains;6
7578;60;22;1;land;false;plains;6
7579;82;25;1;land;false;plains;6
7580;89;2;1;land;false;plains;6
7581;64;8;1;land;false;plains;6
7582;51;6;1;land;false;plains;6
7583;62;53;1;land;false;plains;6
7584;47;54;1;land;false;plains;6
7585;61;38;1;land;false;plains;6
7586;55;68;1;land;false;plains;6
7587;66;17;1;land;false;plains;6
7588;58;48;1;land;false;plains;6
7589;86;26;1;land;false;plains;6
7590;56;56;1;land;false;plains;6
7591;69;42;1;land;false;plains;6
7592;58;45;1;land;false;plains;6
7593;75;4;1;land;false;plains;6
7594;57;67;1;land;false;plains;6
7595;101;71;1;land;false;plains;6
7596;99;49;1;land;false;plains;6
7597;49;34;1;land;false;plains;6
7598;73;76;1;land;false;plains;6
7599;36;60;1;land;false;plains;6
7600;57;27;1;land;false;plains;6
7601;39;36;1;land;false;plains;6
7602;32;34;1;land;false;plains;6
7603;81;40;1;land;false;plains;6
7604;58;72;1;land;false;plains;6
7605;66;61;1;land;false;plains;6
7606;80;69;1;land;false;plains;6
7607;62;40;1;land;false;plains;6
7608;81;9;1;land;false;plains;6
7609;94;43;1;land;false;plains;6
7610;90;41;1;land;false;plains;6
7611;53;44;1;land;false;plains;6
7612;68;38;1;land;false;plains;6
7613;73;64;1;land;false;plains;6
7614;100;58;1;land;false;plains;6
7615;81;56;1;land;false;plains;6
7616;41;43;1;land;false;plains;6
7617;34;7;1;land;false;plains;6
7618;41;42;1;land;false;plains;6
7619;39;16;1;land;false;plains;6
7620;78;47;1;land;false;plains;6
7621;43;41;1;land;false;plains;6
7622;49;59;1;land;false;plains;6
7623;74;64;1;land;false;plains;6
7624;41;76;1;land;false;plains;6
7625;47;73;1;land;false;plains;6
7626;64;0;1;land;false;plains;6
7627;34;44;1;land;false;plains;6
7628;95;58;1;land;false;plains;6
7629;87;71;1;land;false;forest;6
7630;88;3;1;land;false;plains;6
7631;92;76;1;land;false;plains;6
7632;97;6;1;land;false;forest;6
7633;58;3;1;land;false;plains;6
7634;79;1;1;land;false;plains;6
7635;69;75;1;land;false;plains;6
7636;97;34;1;land;false;plains;6
7637;60;12;1;land;false;plains;6
7638;31;11;1;land;false;plains;6
7639;76;1;1;land;false;plains;6
7640;28;71;1;land;false;plains;6
7641;93;1;1;land;false;plains;6
7642;70;3;1;land;false;plains;6
7643;75;50;1;land;false;plains;6
7644;102;7;1;land;false;plains;6
7645;39;72;1;land;false;plains;6
7646;49;44;1;land;false;plains;6
7647;29;64;1;land;false;plains;6
7648;88;30;1;land;false;plains;6
7649;36;53;1;land;false;plains;6
7650;56;59;1;land;false;plains;6
7651;92;36;1;land;false;plains;6
7652;28;43;1;land;false;plains;6
7653;30;59;1;land;false;plains;6
7654;42;16;1;land;false;plains;6
7655;53;70;1;land;false;plains;6
7656;60;52;1;land;false;plains;6
7657;101;50;1;land;false;plains;6
7658;69;35;1;land;false;plains;6
7659;35;48;1;land;false;plains;6
7660;61;26;1;land;false;plains;6
7661;41;48;1;land;false;plains;6
7662;32;9;1;land;false;plains;6
7663;55;27;1;land;false;plains;6
7664;46;15;1;land;false;plains;6
7665;99;6;1;land;false;plains;6
7666;46;17;1;land;false;plains;6
7667;67;65;1;land;false;plains;6
7668;67;7;1;land;false;plains;6
7669;82;41;1;land;false;plains;6
7670;91;28;1;land;false;plains;6
7671;99;1;1;land;false;plains;6
7672;31;47;1;land;false;plains;6
7673;88;34;1;land;false;plains;6
7674;54;14;1;land;false;plains;6
7675;90;28;1;land;false;plains;6
7676;72;16;1;land;false;plains;6
7677;90;62;1;land;false;plains;6
7678;50;47;1;land;false;plains;6
7679;50;61;1;land;false;plains;6
7680;56;70;1;land;false;plains;6
7681;65;62;1;land;false;plains;6
7682;83;26;1;land;false;plains;6
7683;70;17;1;land;false;plains;6
7684;61;7;1;land;false;plains;6
7685;98;11;1;land;false;plains;6
7686;35;44;1;land;false;plains;6
7687;66;55;1;land;false;plains;6
7688;66;59;1;land;false;plains;6
7689;94;2;1;land;false;plains;6
7690;52;9;1;land;false;plains;6
7691;23;48;1;land;false;plains;6
7692;80;58;1;land;false;plains;6
7693;76;10;1;land;false;plains;6
7694;46;36;1;land;false;plains;6
7695;92;66;1;land;false;plains;6
7696;97;23;1;land;false;plains;6
7697;23;22;1;land;false;plains;6
7698;71;0;1;land;false;plains;6
7699;82;29;1;land;false;plains;6
7700;99;36;1;land;false;plains;6
7701;86;11;1;land;false;plains;6
7702;23;46;1;land;false;plains;6
7703;34;10;1;land;false;forest;6
7704;39;55;1;land;false;plains;6
7705;52;29;1;land;false;plains;6
7706;76;49;1;land;false;plains;6
7707;94;65;1;land;false;plains;6
7708;36;1;1;land;false;plains;6
7709;48;26;1;land;false;plains;6
7710;99;34;1;land;false;plains;6
7711;84;8;1;land;false;plains;6
7712;35;50;1;land;false;plains;6
7713;71;38;1;land;false;plains;6
7714;39;54;1;land;false;plains;6
7715;27;51;1;land;false;plains;6
7716;57;35;1;land;false;plains;6
7717;29;6;1;land;false;plains;6
7718;26;3;1;land;false;plains;6
7719;77;28;1;land;false;plains;6
7720;71;43;1;land;false;plains;6
7721;89;1;1;land;false;plains;6
7722;39;9;1;land;false;plains;6
7723;38;22;1;land;false;plains;6
7724;43;0;1;land;false;plains;6
7725;74;30;1;land;false;plains;6
7726;67;42;1;land;false;plains;6
7727;72;20;1;land;false;plains;6
7728;91;33;1;land;false;plains;6
7729;67;69;1;land;false;plains;6
7730;47;17;1;land;false;plains;6
7731;52;46;1;land;false;plains;6
7732;56;60;1;land;false;plains;6
7733;30;75;1;land;false;plains;6
7734;55;58;1;land;false;plains;6
7735;41;23;1;land;false;plains;6
7736;37;73;1;land;false;plains;6
7737;53;35;1;land;false;plains;6
7738;27;62;1;land;false;plains;6
7739;64;6;1;land;false;plains;6
7740;59;46;1;land;false;plains;6
7741;46;0;1;land;false;plains;6
7742;82;4;1;land;false;plains;6
7743;35;26;1;land;false;forest;6
7744;64;66;1;land;false;plains;6
7745;75;16;1;land;false;plains;6
7746;23;39;1;land;false;plains;6
7747;35;73;1;land;false;plains;6
7748;28;35;1;land;false;plains;6
7749;50;73;1;land;false;plains;6
7750;39;33;1;land;false;plains;6
7751;93;52;1;land;false;plains;6
7752;201;254;1;land;false;forest;6
7753;210;249;1;land;false;plains;6
7754;224;223;1;land;false;plains;6
7755;176;251;1;land;false;plains;6
7756;193;227;1;land;false;forest;6
7757;204;254;1;land;false;forest;6
7758;209;224;1;land;false;plains;6
7759;215;236;1;land;false;plains;6
7760;228;222;1;land;false;plains;6
7761;219;241;1;land;false;plains;6
7762;211;230;1;land;false;forest;6
7763;160;240;1;land;false;forest;6
7764;221;217;1;land;false;plains;6
7765;165;250;1;land;false;plains;6
7766;184;220;1;land;false;plains;6
7767;182;254;1;land;false;plains;6
7768;214;230;1;land;false;plains;6
7769;186;232;1;land;false;forest;6
7770;206;236;1;land;false;forest;6
7771;182;231;1;land;false;plains;6
7772;171;239;1;land;false;forest;6
7773;211;218;1;land;false;forest;6
7774;224;239;1;land;false;forest;6
7775;194;248;1;land;false;plains;6
7776;186;231;1;land;false;forest;6
7777;182;224;1;land;false;plains;6
7778;164;248;1;land;false;plains;6
7779;173;225;1;land;false;forest;6
7780;211;237;1;land;false;forest;6
7781;183;246;1;land;false;plains;6
7782;166;241;1;land;false;forest;6
7783;198;229;1;land;false;plains;6
7784;198;251;1;land;false;plains;6
7785;192;232;1;land;false;plains;6
7786;199;244;1;land;false;forest;6
7787;55;195;1;land;false;plains;6
7788;39;210;1;land;false;plains;6
7789;65;226;1;land;false;plains;6
7790;76;186;1;land;false;plains;6
7791;49;247;1;land;false;plains;6
7792;109;220;1;land;false;plains;6
7793;69;171;1;land;false;plains;6
7794;57;242;1;land;false;plains;6
7795;76;174;1;land;false;plains;6
7796;35;240;1;land;false;plains;6
7797;111;199;1;land;false;forest;6
7798;64;185;1;land;false;plains;6
7799;82;235;1;land;false;plains;6
7800;86;175;1;land;false;plains;6
7801;102;205;1;land;false;forest;6
7802;78;182;1;land;false;forest;6
7803;56;194;1;land;false;plains;6
7804;77;197;1;land;false;plains;6
7805;87;224;1;land;false;plains;6
7806;96;193;1;land;false;plains;6
7807;100;207;1;land;false;plains;6
7808;48;198;1;land;false;forest;6
7809;103;186;1;land;false;forest;6
7810;58;220;1;land;false;plains;6
7811;37;195;1;land;false;plains;6
7812;34;203;1;land;false;plains;6
7813;89;249;1;land;false;plains;6
7814;68;172;1;land;false;plains;6
7815;56;221;1;land;false;plains;6
7816;27;253;1;land;false;plains;6
7817;30;238;1;land;false;plains;6
7818;60;202;1;land;false;plains;6
7819;9;205;1;land;false;plains;6
7820;59;193;1;land;false;plains;6
7821;22;192;1;land;false;plains;6
7822;54;198;1;land;false;plains;6
7823;29;205;1;land;false;plains;6
7824;42;231;1;land;false;plains;6
7825;14;228;1;land;false;plains;6
7826;16;233;1;land;false;plains;6
7827;37;237;1;land;false;plains;6
7828;21;183;1;land;false;plains;6
7829;2;192;1;land;false;plains;6
7830;10;223;1;land;false;plains;6
7831;18;211;1;land;false;forest;6
7832;4;193;1;land;false;plains;6
7833;42;188;1;land;false;plains;6
7834;17;194;1;land;false;plains;6
7835;38;230;1;land;false;plains;6
7836;6;195;1;land;false;plains;6
7837;10;243;1;land;false;plains;6
7838;9;203;1;land;false;plains;6
7839;19;223;1;land;false;plains;6
7840;5;183;1;land;false;plains;6
7841;22;248;1;land;false;plains;6
7842;3;230;1;land;false;plains;6
7843;55;206;1;land;false;forest;6
7844;54;199;1;land;false;plains;6
7845;9;199;1;land;false;plains;6
7846;16;253;1;land;false;plains;6
7847;27;187;1;land;false;forest;6
7848;31;193;1;land;false;plains;6
7849;61;225;1;land;false;plains;6
7850;36;214;1;land;false;plains;6
7851;47;204;1;land;false;plains;6
7852;26;232;1;land;false;plains;6
7853;18;198;1;land;false;plains;6
7854;31;236;1;land;false;plains;6
7855;3;199;1;land;false;plains;6
7856;206;194;1;land;false;plains;6
7857;216;159;1;land;false;plains;6
7858;165;198;1;land;false;plains;6
7859;181;224;1;land;false;plains;6
7860;182;211;1;land;false;plains;6
7861;188;217;1;land;false;plains;6
7862;211;200;1;land;false;forest;6
7863;164;212;1;land;false;plains;6
7864;165;164;1;land;false;plains;6
7865;212;174;1;land;false;plains;6
7866;232;186;1;land;false;plains;6
7867;227;211;1;land;false;plains;6
7868;205;190;1;land;false;plains;6
7869;182;210;1;land;false;plains;6
7870;219;190;1;land;false;plains;6
7871;163;221;1;land;false;plains;6
7872;214;164;1;land;false;plains;6
7873;163;192;1;land;false;plains;6
7874;105;182;1;land;false;plains;6
7875;125;201;1;land;false;plains;6
7876;162;189;1;land;false;plains;6
7877;166;164;1;land;false;plains;6
7878;135;186;1;land;false;plains;6
7879;169;212;1;land;false;plains;6
7880;125;153;1;land;false;plains;6
7881;168;187;1;land;false;plains;6
7882;170;137;1;land;false;plains;6
7883;144;139;1;land;false;plains;6
7884;104;166;1;land;false;plains;6
7885;137;181;1;land;false;plains;6
7886;143;151;1;land;false;plains;6
7887;157;205;1;land;false;plains;6
7888;115;189;1;land;false;plains;6
7889;153;149;1;land;false;plains;6
7890;159;194;1;land;false;plains;6
7891;170;180;1;land;false;plains;6
7892;127;182;1;land;false;plains;6
7893;144;212;1;land;false;plains;6
7894;111;136;1;land;false;plains;6
7895;124;201;1;land;false;plains;6
7896;120;186;1;land;false;plains;6
7897;174;149;1;land;false;plains;6
7898;130;150;1;land;false;plains;6
7899;119;197;1;land;false;plains;6
7900;160;191;1;land;false;plains;6
7901;150;92;1;land;false;plains;6
7902;173;50;1;land;false;forest;6
7903;180;45;1;land;false;forest;6
7904;139;45;1;land;false;plains;6
7905;161;73;1;land;false;plains;6
7906;166;44;1;land;false;plains;6
7907;161;104;1;land;false;plains;6
7908;186;73;1;land;false;plains;6
7909;138;43;1;land;false;forest;6
7910;213;42;1;land;false;plains;6
7911;167;59;1;land;false;plains;6
7912;177;35;1;land;false;plains;6
7913;150;77;1;land;false;plains;6
7914;203;65;1;land;false;forest;6
7915;185;36;1;land;false;forest;6
7916;146;86;1;land;false;plains;6
7917;202;102;1;land;false;plains;6
7918;173;54;1;land;false;plains;6
7919;176;103;1;land;false;plains;6
7920;206;42;1;land;false;forest;6
7921;156;52;1;land;false;plains;6
7922;175;107;1;land;false;plains;6
7923;148;90;1;land;false;forest;6
7924;157;54;1;land;false;plains;6
7925;167;97;1;land;false;plains;6
7926;175;98;1;land;false;forest;6
7927;157;59;1;land;false;plains;6
7928;158;91;1;land;false;forest;6
7929;149;102;1;land;false;plains;6
7930;178;49;1;land;false;plains;6
7931;190;90;1;land;false;forest;6
7932;146;88;1;land;false;plains;6
7933;82;82;1;land;false;forest;6
7934;130;22;1;land;false;forest;6
7935;61;10;1;land;false;forest;6
7936;88;57;1;land;false;forest;6
7937;75;37;1;land;false;forest;6
7938;118;68;1;land;false;forest;6
7939;105;61;1;land;false;forest;6
7940;52;75;1;land;false;forest;6
7941;120;27;1;land;false;forest;6
7942;99;32;1;land;false;forest;6
7943;89;20;1;land;false;forest;6
7944;61;61;1;land;false;forest;6
7945;94;53;1;land;false;forest;6
7946;65;6;1;land;false;forest;6
7947;109;18;1;land;false;forest;6
7948;103;25;1;land;false;forest;6
7949;70;30;1;land;false;forest;6
7950;102;23;1;land;false;forest;6
7951;125;51;1;land;false;forest;6
7952;2;123;1;land;false;forest;6
7953;35;167;1;land;false;forest;6
7954;26;147;1;land;false;plains;6
7955;27;148;1;land;false;forest;6
7956;35;147;1;land;false;plains;6
7957;17;141;1;land;false;forest;6
7958;0;123;1;land;false;plains;6
7959;2;112;1;land;false;forest;6
7960;50;114;1;land;false;forest;6
7961;48;142;1;land;false;plains;6
7962;1;156;1;land;false;forest;6
7963;32;100;1;land;false;forest;6
7964;42;113;1;land;false;plains;6
7965;17;106;1;land;false;forest;6
7966;22;103;1;land;false;plains;6
7967;39;122;1;land;false;plains;6
7968;4;157;1;land;false;forest;6
7969;5;114;1;land;false;plains;6
7970;164;229;1;land;false;forest;6
7971;134;209;1;land;false;plains;6
7972;118;226;1;land;false;forest;6
7973;129;252;1;land;false;forest;6
7974;136;228;1;land;false;forest;6
7975;131;226;1;land;false;forest;6
7976;148;228;1;land;false;forest;6
7977;123;219;1;land;false;forest;6
7978;157;194;1;land;false;forest;6
7979;168;207;1;land;false;forest;6
7980;102;210;1;land;false;forest;6
7981;141;238;1;land;false;plains;6
7982;147;248;1;land;false;forest;6
7983;135;199;1;land;false;forest;6
7984;179;217;1;land;false;forest;6
7985;111;193;1;land;false;forest;6
7986;167;214;1;land;false;forest;6
7987;135;242;1;land;false;forest;6
7988;166;207;1;land;false;forest;6
7989;144;210;1;land;false;forest;6
7990;153;58;1;land;false;forest;6
7991;158;121;1;land;false;forest;6
7992;172;126;1;land;false;forest;6
7993;164;128;1;land;false;plains;6
7994;181;62;1;land;false;forest;6
7995;190;129;1;land;false;forest;6
7996;164;88;1;land;false;plains;6
7997;130;81;1;land;false;forest;6
7998;124;127;1;land;false;forest;6
7999;149;88;1;land;false;plains;6
8000;116;55;1;land;false;plains;6
8001;138;103;1;land;false;forest;6
8002;173;239;1;land;false;plains;6
8003;211;250;1;land;false;plains;6
8004;219;209;1;land;false;plains;6
8005;217;253;1;land;false;plains;6
8006;173;241;1;land;false;plains;6
8007;179;225;1;land;false;plains;6
8008;202;216;1;land;false;plains;6
8009;149;220;1;land;false;plains;6
8010;188;233;1;land;false;plains;6
8011;152;230;1;land;false;plains;6
8012;214;231;1;land;false;plains;6
8013;162;246;1;land;false;plains;6
8014;214;241;1;land;false;plains;6
8015;167;248;1;land;false;plains;6
8016;218;238;1;land;false;plains;6
8017;200;252;1;land;false;plains;6
8018;211;243;1;land;false;plains;6
8019;208;235;1;land;false;plains;6
8020;147;252;1;land;false;plains;6
8021;218;209;1;land;false;plains;6
8022;218;245;1;land;false;plains;6
8023;184;249;1;land;false;plains;6
8024;180;56;1;land;false;plains;6
8025;223;38;1;land;false;plains;6
8026;253;19;1;land;false;plains;6
8027;202;45;1;land;false;plains;6
8028;184;63;1;land;false;plains;6
8029;193;40;1;land;false;plains;6
8030;251;50;1;land;false;plains;6
8031;188;19;1;land;false;plains;6
8032;209;59;1;land;false;plains;6
8033;251;20;1;land;false;plains;6
8034;215;22;1;land;false;plains;6
8035;215;2;1;land;false;plains;6
8036;190;12;1;land;false;plains;6
8037;219;26;1;land;false;plains;6
8038;237;9;1;land;false;plains;6
8039;202;26;1;land;false;plains;6
8040;177;13;1;land;false;plains;6
8041;232;33;1;land;false;plains;6
8042;197;20;1;land;false;plains;6
8043;194;52;1;land;false;forest;6
8044;213;50;1;land;false;plains;6
8045;204;51;1;land;false;plains;6
8046;251;43;1;land;false;plains;6
8047;238;67;1;land;false;plains;6
8048;194;24;1;land;false;forest;6
8049;186;37;1;land;false;plains;6
8050;234;13;1;land;false;plains;6
8051;247;48;1;land;false;plains;6
8052;221;48;1;land;false;plains;6
8053;252;58;1;land;false;plains;6
8054;189;8;1;land;false;forest;6
8055;233;53;1;land;false;plains;6
8056;243;24;1;land;false;forest;6
8057;198;41;1;land;false;plains;6
8058;193;35;1;land;false;plains;6
8059;235;53;1;land;false;plains;6
8060;254;1;1;land;false;plains;6
8061;188;63;1;land;false;plains;6
8062;184;27;1;land;false;plains;6
8063;246;22;1;land;false;plains;6
8064;183;66;1;land;false;plains;6
8065;222;13;1;land;false;plains;6
8066;251;40;1;land;false;plains;6
8067;238;153;1;land;false;forest;6
8068;213;194;1;land;false;forest;6
8069;206;160;1;land;false;forest;6
8070;246;202;1;land;false;forest;6
8071;207;211;1;land;false;forest;6
8072;244;192;1;land;false;forest;6
8073;252;153;1;land;false;forest;6
8074;206;185;1;land;false;forest;6
8075;229;207;1;land;false;forest;6
8076;245;191;1;land;false;forest;6
8077;241;170;1;land;false;forest;6
8078;251;152;1;land;false;forest;6
8079;253;156;1;land;false;forest;6
8080;249;156;1;land;false;forest;6
8081;210;147;1;land;false;forest;6
8082;219;183;1;land;false;forest;6
8083;240;188;1;land;false;forest;6
8084;243;162;1;land;false;forest;6
8085;215;217;1;land;false;forest;6
8086;239;181;1;land;false;forest;6
8087;226;187;1;land;false;forest;6
8088;244;214;1;land;false;forest;6
8089;208;202;1;land;false;forest;6
8090;212;201;1;land;false;forest;6
8091;222;177;1;land;false;forest;6
8092;213;159;1;land;false;forest;6
8093;233;170;1;land;false;forest;6
8094;212;181;1;land;false;forest;6
8095;208;183;1;land;false;forest;6
8096;238;176;1;land;false;forest;6
8097;241;208;1;land;false;forest;6
8098;244;199;1;land;false;forest;6
8099;235;157;1;land;false;forest;6
8100;244;218;1;land;false;forest;6
8101;232;190;1;land;false;forest;6
8102;233;209;1;land;false;forest;6
8103;231;197;1;land;false;forest;6
8104;209;144;1;land;false;forest;6
8105;249;183;1;land;false;forest;6
8106;176;184;1;land;false;plains;6
8107;162;170;1;land;false;plains;6
8108;143;185;1;land;false;plains;6
8109;125;169;1;land;false;plains;6
8110;144;190;1;land;false;plains;6
8111;183;169;1;land;false;plains;6
8112;157;163;1;land;false;plains;6
8113;143;149;1;land;false;plains;6
8114;143;173;1;land;false;plains;6
8115;176;139;1;land;false;plains;6
8116;190;149;1;land;false;plains;6
8117;138;194;1;land;false;plains;6
8118;186;152;1;land;false;plains;6
8119;131;176;1;land;false;plains;6
8120;173;193;1;land;false;plains;6
8121;171;129;1;land;false;plains;6
8122;169;128;1;land;false;plains;6
8123;150;145;1;land;false;plains;6
8124;154;142;1;land;false;plains;6
8125;179;191;1;land;false;plains;6
8126;155;157;1;land;false;plains;6
8127;145;30;1;land;false;plains;6
8128;167;43;1;land;false;plains;6
8129;163;41;1;land;false;plains;6
8130;181;41;1;land;false;plains;6
8131;198;4;1;land;false;plains;6
8132;182;22;1;land;false;plains;6
8133;144;19;1;land;false;plains;6
8134;166;30;1;land;false;plains;6
8135;145;10;1;land;false;plains;6
8136;151;24;1;land;false;plains;6
8137;166;17;1;land;false;plains;6
8138;172;19;1;land;false;plains;6
8139;184;18;1;land;false;plains;6
8140;139;16;1;land;false;plains;6
8141;160;49;1;land;false;plains;6
8142;204;25;1;land;false;plains;6
8143;212;31;1;land;false;plains;6
8144;151;50;1;land;false;plains;6
8145;174;0;1;land;false;plains;6
8146;188;32;1;land;false;plains;6
8147;204;26;1;land;false;plains;6
8148;169;42;1;land;false;plains;6
8149;182;36;1;land;false;plains;6
8150;182;24;1;land;false;plains;6
8151;208;37;1;land;false;plains;6
8152;185;17;1;land;false;plains;6
8153;151;9;1;land;false;plains;6
8154;182;45;1;land;false;plains;6
8155;215;43;1;land;false;plains;6
8156;168;25;1;land;false;plains;6
8157;203;24;1;land;false;plains;6
8158;208;20;1;land;false;plains;6
8159;176;33;1;land;false;plains;6
8160;207;41;1;land;false;plains;6
8161;148;24;1;land;false;plains;6
8162;131;250;1;land;false;forest;6
8163;71;241;1;land;false;forest;6
8164;75;229;1;land;false;forest;6
8165;77;238;1;land;false;forest;6
8166;116;236;1;land;false;forest;6
8167;79;216;1;land;false;forest;6
8168;89;219;1;land;false;plains;6
8169;97;232;1;land;false;forest;6
8170;94;248;1;land;false;forest;6
8171;56;231;1;land;false;forest;6
8172;96;225;1;land;false;forest;6
8173;68;227;1;land;false;plains;6
8174;131;227;1;land;false;forest;6
8175;87;227;1;land;false;forest;6
8176;86;215;1;land;false;forest;6
8177;67;249;1;land;false;forest;6
8178;253;100;1;land;false;plains;6
8179;253;117;1;land;false;plains;6
8180;222;129;1;land;false;plains;6
8181;213;58;1;land;false;plains;6
8182;248;78;1;land;false;plains;6
8183;220;116;1;land;false;plains;6
8184;219;59;1;land;false;plains;6
8185;206;88;1;land;false;plains;6
8186;205;104;1;land;false;plains;6
8187;224;133;1;land;false;plains;6
8188;237;99;1;land;false;plains;6
8189;211;117;1;land;false;plains;6
8190;238;109;1;land;false;plains;6
8191;239;124;1;land;false;plains;6
8192;248;112;1;land;false;plains;6
8193;252;105;1;land;false;plains;6
8194;220;119;1;land;false;plains;6
8195;248;86;1;land;false;plains;6
8196;212;124;1;land;false;plains;6
8197;178;65;1;land;false;forest;6
8198;240;45;1;land;false;forest;6
8199;192;42;1;land;false;forest;6
8200;224;47;1;land;false;forest;6
8201;20;181;1;land;false;plains;6
8202;63;176;1;land;false;forest;6
8203;80;227;1;land;false;plains;6
8204;28;198;1;land;false;plains;6
8205;47;239;1;land;false;plains;6
8206;82;236;1;land;false;plains;6
8207;74;175;1;land;false;plains;6
8208;38;223;1;land;false;forest;6
8209;44;243;1;land;false;plains;6
8210;35;184;1;land;false;plains;6
8211;93;226;1;land;false;plains;6
8212;71;206;1;land;false;plains;6
8213;46;213;1;land;false;plains;6
8214;30;231;1;land;false;plains;6
8215;37;238;1;land;false;plains;6
8216;26;240;1;land;false;plains;6
8217;96;205;1;land;false;plains;6
8218;86;211;1;land;false;plains;6
8219;82;193;1;land;false;plains;6
8220;78;168;1;land;false;plains;6
8221;26;236;1;land;false;plains;6
8222;58;192;1;land;false;plains;6
8223;85;167;1;land;false;plains;6
8224;55;224;1;land;false;plains;6
8225;39;240;1;land;false;plains;6
8226;82;232;1;land;false;plains;6
8227;21;193;1;land;false;plains;6
8228;33;187;1;land;false;plains;6
8229;85;223;1;land;false;plains;6
8230;58;194;1;land;false;plains;6
8231;51;244;1;land;false;plains;6
8232;83;184;1;land;false;plains;6
8233;48;239;1;land;false;plains;6
8234;98;178;1;land;false;plains;6
8235;49;184;1;land;false;plains;6
8236;31;178;1;land;false;plains;6
8237;26;238;1;land;false;forest;6
8238;83;173;1;land;false;plains;6
8239;43;236;1;land;false;plains;6
8240;71;209;1;land;false;plains;6
8241;67;182;1;land;false;plains;6
8242;26;207;1;land;false;plains;6
8243;45;199;1;land;false;plains;6
8244;91;183;1;land;false;plains;6
8245;76;225;1;land;false;plains;6
8246;28;179;1;land;false;plains;6
8247;99;170;1;land;false;plains;6
8248;95;234;1;land;false;plains;6
8249;77;178;1;land;false;plains;6
8250;60;242;1;land;false;plains;6
8251;54;188;1;land;false;plains;6
8252;47;99;1;land;false;plains;6
8253;77;26;1;land;false;plains;6
8254;59;96;1;land;false;plains;6
8255;86;50;1;land;false;plains;6
8256;72;50;1;land;false;plains;6
8257;60;78;1;land;false;plains;6
8258;48;45;1;land;false;plains;6
8259;101;54;1;land;false;plains;6
8260;90;39;1;land;false;plains;6
8261;106;44;1;land;false;plains;6
8262;100;35;1;land;false;plains;6
8263;100;98;1;land;false;plains;6
8264;42;57;1;land;false;plains;6
8265;32;53;1;land;false;plains;6
8266;35;61;1;land;false;plains;6
8267;72;91;1;land;false;plains;6
8268;58;59;1;land;false;plains;6
8269;47;83;1;land;false;plains;6
8270;89;30;1;land;false;plains;6
8271;88;89;1;land;false;plains;6
8272;50;26;1;land;false;plains;6
8273;107;29;1;land;false;plains;6
8274;84;88;1;land;false;plains;6
8275;35;60;1;land;false;plains;6
8276;79;96;1;land;false;plains;6
8277;34;83;1;land;false;plains;6
8278;56;57;1;land;false;plains;6
8279;49;91;1;land;false;plains;6
8280;101;77;1;land;false;plains;6
8281;106;36;1;land;false;plains;6
8282;101;93;1;land;false;plains;6
8283;65;55;1;land;false;plains;6
8284;98;98;1;land;false;plains;6
8285;78;32;1;land;false;plains;6
8286;67;47;1;land;false;plains;6
8287;107;86;1;land;false;plains;6
8288;49;88;1;land;false;plains;6
8289;64;42;1;land;false;plains;6
8290;73;54;1;land;false;plains;6
8291;94;30;1;land;false;plains;6
8292;83;53;1;land;false;plains;6
8293;108;28;1;land;false;plains;6
8294;109;53;1;land;false;forest;6
8295;57;54;1;land;false;plains;6
8296;50;42;1;land;false;plains;6
8297;95;100;1;land;false;plains;6
8298;75;57;1;land;false;plains;6
8299;40;78;1;land;false;plains;6
8300;47;62;1;land;false;plains;6
8301;96;68;1;land;false;plains;6
8302;100;48;1;land;false;plains;6
8303;68;94;1;land;false;plains;6
8304;98;101;1;land;false;plains;6
8305;55;90;1;land;false;plains;6
8306;89;80;1;land;false;plains;6
8307;98;27;1;land;false;plains;6
8308;60;28;1;land;false;plains;6
8309;71;93;1;land;false;plains;6
8310;50;78;1;land;false;plains;6
8311;79;61;1;land;false;plains;6
8312;102;63;1;land;false;plains;6
8313;37;74;1;land;false;plains;6
8314;75;35;1;land;false;plains;6
8315;98;92;1;land;false;plains;6
8316;91;79;1;land;false;plains;6
8317;208;182;1;land;false;plains;6
8318;204;180;1;land;false;plains;6
8319;232;177;1;land;false;plains;6
8320;220;200;1;land;false;plains;6
8321;199;187;1;land;false;plains;6
8322;214;197;1;land;false;plains;6
8323;235;138;1;land;false;plains;6
8324;240;141;1;land;false;plains;6
8325;249;202;1;land;false;plains;6
8326;200;208;1;land;false;plains;6
8327;220;209;1;land;false;plains;6
8328;245;200;1;land;false;plains;6
8329;230;157;1;land;false;plains;6
8330;205;198;1;land;false;plains;6
8331;197;172;1;land;false;plains;6
8332;208;215;1;land;false;plains;6
8333;254;146;1;land;false;plains;6
8334;205;140;1;land;false;plains;6
8335;212;197;1;land;false;plains;6
8336;251;212;1;land;false;plains;6
8337;243;48;1;land;false;forest;6
8338;253;3;1;land;false;forest;6
8339;254;53;1;land;false;forest;6
8340;228;30;1;land;false;plains;6
8341;234;1;1;land;false;forest;6
8342;218;50;1;land;false;forest;6
8343;233;18;1;land;false;forest;6
8344;247;46;1;land;false;forest;6
8345;220;8;1;land;false;forest;6
8346;41;78;1;land;false;plains;6
8347;50;76;1;land;false;forest;6
8348;19;70;1;land;false;forest;6
8349;65;32;1;land;false;plains;6
8350;39;90;1;land;false;forest;6
8351;53;33;1;land;false;plains;6
8352;34;49;1;land;false;forest;6
8353;51;28;1;land;false;forest;6
8354;55;15;1;land;false;forest;6
8355;57;59;1;land;false;forest;6
8356;7;66;1;land;false;plains;6
8357;189;26;1;land;false;plains;6
8358;149;48;1;land;false;forest;6
8359;201;18;1;land;false;plains;6
8360;194;36;1;land;false;plains;6
8361;171;8;1;land;false;plains;6
8362;195;22;1;land;false;plains;6
8363;181;26;1;land;false;plains;6
8364;201;43;1;land;false;forest;6
8365;129;36;1;land;false;plains;6
8366;152;44;1;land;false;plains;6
8367;163;47;1;land;false;plains;6
8368;183;50;1;land;false;plains;6
8369;199;47;1;land;false;plains;6
8370;196;17;1;land;false;plains;6
8371;195;2;1;land;false;forest;6
8372;135;44;1;land;false;plains;6
8373;194;48;1;land;false;forest;6
8374;172;2;1;land;false;plains;6
8375;201;161;1;land;false;plains;6
8376;191;167;1;land;false;plains;6
8377;224;145;1;land;false;plains;6
8378;230;154;1;land;false;plains;6
8379;153;181;1;land;false;plains;6
8380;153;187;1;land;false;plains;6
8381;211;189;1;land;false;plains;6
8382;169;126;1;land;false;plains;6
8383;179;139;1;land;false;plains;6
8384;189;167;1;land;false;plains;6
8385;219;133;1;land;false;plains;6
8386;166;169;1;land;false;plains;6
8387;165;145;1;land;false;plains;6
8388;213;198;1;land;false;plains;6
8389;203;173;1;land;false;plains;6
8390;210;172;1;land;false;plains;6
8391;195;203;1;land;false;plains;6
8392;213;158;1;land;false;plains;6
8393;174;192;1;land;false;plains;6
8394;167;163;1;land;false;plains;6
8395;209;155;1;land;false;plains;6
8396;232;195;1;land;false;plains;6
8397;189;153;1;land;false;plains;6
8398;219;158;1;land;false;plains;6
8399;223;190;1;land;false;plains;6
8400;158;155;1;land;false;plains;6
8401;225;129;1;land;false;plains;6
8402;228;168;1;land;false;plains;6
8403;224;201;1;land;false;plains;6
8404;88;112;1;land;false;forest;6
8405;66;163;1;land;false;forest;6
8406;101;134;1;land;false;plains;6
8407;68;98;1;land;false;plains;6
8408;86;116;1;land;false;forest;6
8409;109;96;1;land;false;plains;6
8410;74;108;1;land;false;forest;6
8411;120;122;1;land;false;forest;6
8412;60;135;1;land;false;plains;6
8413;128;165;1;land;false;forest;6
8414;133;130;1;land;false;plains;6
8415;85;142;1;land;false;forest;6
8416;100;127;1;land;false;plains;6
8417;175;163;1;land;false;forest;6
8418;110;118;1;land;false;forest;6
8419;123;145;1;land;false;forest;6
8420;113;134;1;land;false;plains;6
8421;148;117;1;land;false;plains;6
8422;114;168;1;land;false;plains;6
8423;105;177;1;land;false;plains;6
8424;153;130;1;land;false;plains;6
8425;110;141;1;land;false;plains;6
8426;125;157;1;land;false;forest;6
8427;121;135;1;land;false;plains;6
8428;108;175;1;land;false;forest;6
8429;161;123;1;land;false;plains;6
8430;102;168;1;land;false;forest;6
8431;155;120;1;land;false;forest;6
8432;106;132;1;land;false;forest;6
8433;132;154;1;land;false;forest;6
8434;175;169;1;land;false;forest;6
8435;102;129;1;land;false;plains;6
8436;168;146;1;land;false;plains;6
8437;112;153;1;land;false;plains;6
8438;102;120;1;land;false;plains;6
8439;27;129;1;land;false;forest;6
8440;52;145;1;land;false;plains;6
8441;28;128;1;land;false;forest;6
8442;45;93;1;land;false;plains;6
8443;95;108;1;land;false;plains;6
8444;80;128;1;land;false;forest;6
8445;72;137;1;land;false;forest;6
8446;25;110;1;land;false;forest;6
8447;96;101;1;land;false;plains;6
8448;30;130;1;land;false;forest;6
8449;53;131;1;land;false;plains;6
8450;74;146;1;land;false;forest;6
8451;68;129;1;land;false;plains;6
8452;38;156;1;land;false;plains;6
8453;22;152;1;land;false;forest;6
8454;57;133;1;land;false;plains;6
8455;56;239;1;land;false;plains;6
8456;63;208;1;land;false;forest;6
8457;71;232;1;land;false;forest;6
8458;65;208;1;land;false;plains;6
8459;31;248;1;land;false;plains;6
8460;99;247;1;land;false;forest;6
8461;105;228;1;land;false;forest;6
8462;84;202;1;land;false;plains;6
8463;88;252;1;land;false;forest;6
8464;78;228;1;land;false;forest;6
8465;32;225;1;land;false;forest;6
8466;91;222;1;land;false;forest;6
8467;64;247;1;land;false;forest;6
8468;44;254;1;land;false;plains;6
8469;71;214;1;land;false;forest;6
8470;33;241;1;land;false;forest;6
8471;64;223;1;land;false;forest;6
8472;86;243;1;land;false;forest;6
8473;57;248;1;land;false;forest;6
8474;59;240;1;land;false;plains;6
8475;107;225;1;land;false;forest;6
8476;108;234;1;land;false;forest;6
8477;53;240;1;land;false;forest;6
8478;97;210;1;land;false;plains;6
8479;171;84;1;land;false;forest;6
8480;222;83;1;land;false;forest;6
8481;205;48;1;land;false;forest;6
8482;170;74;1;land;false;forest;6
8483;173;75;1;land;false;forest;6
8484;183;73;1;land;false;forest;6
8485;217;58;1;land;false;forest;6
8486;222;60;1;land;false;forest;6
8487;152;89;1;land;false;forest;6
8488;154;73;1;land;false;forest;6
8489;157;61;1;land;false;forest;6
8490;171;47;1;land;false;plains;6
8491;224;106;1;land;false;forest;6
8492;225;113;1;land;false;forest;6
8493;175;68;1;land;false;forest;6
8494;230;72;1;land;false;forest;6
8495;197;209;1;land;false;plains;6
8496;155;220;1;land;false;plains;6
8497;178;220;1;land;false;plains;6
8498;140;209;1;land;false;plains;6
8499;188;237;1;land;false;plains;6
8500;189;238;1;land;false;plains;6
8501;196;218;1;land;false;plains;6
8502;205;210;1;land;false;plains;6
8503;177;209;1;land;false;plains;6
8504;184;239;1;land;false;plains;6
8505;200;254;1;land;false;plains;6
8506;210;231;1;land;false;plains;6
8507;188;241;1;land;false;plains;6
8508;152;217;1;land;false;plains;6
8509;172;205;1;land;false;plains;6
8510;149;226;1;land;false;plains;6
8511;163;205;1;land;false;plains;6
8512;196;244;1;land;false;plains;6
8513;138;242;1;land;false;plains;6
8514;151;231;1;land;false;plains;6
8515;203;209;1;land;false;plains;6
8516;176;222;1;land;false;plains;6
8517;169;211;1;land;false;plains;6
8518;187;241;1;land;false;plains;6
8519;203;228;1;land;false;plains;6
8520;163;232;1;land;false;plains;6
8521;145;244;1;land;false;plains;6
8522;205;222;1;land;false;plains;6
8523;147;241;1;land;false;plains;6
8524;132;220;1;land;false;plains;6
8525;199;240;1;land;false;plains;6
8526;195;240;1;land;false;plains;6
8527;202;203;1;land;false;plains;6
8528;145;246;1;land;false;plains;6
8529;229;29;1;land;false;plains;6
8530;186;22;1;land;false;plains;6
8531;175;12;1;land;false;plains;6
8532;249;20;1;land;false;plains;6
8533;252;32;1;land;false;plains;6
8534;240;12;1;land;false;plains;6
8535;236;29;1;land;false;plains;6
8536;245;25;1;land;false;plains;6
8537;177;10;1;land;false;plains;6
8538;250;35;1;land;false;plains;6
8539;218;22;1;land;false;plains;6
8540;205;16;1;land;false;plains;6
8541;216;35;1;land;false;plains;6
8542;212;39;1;land;false;plains;6
8543;233;25;1;land;false;plains;6
8544;247;5;1;land;false;plains;6
8545;224;16;1;land;false;plains;6
8546;186;13;1;land;false;plains;6
8547;211;31;1;land;false;plains;6
8548;189;0;1;land;false;plains;6
8549;224;38;1;land;false;plains;6
8550;219;1;1;land;false;plains;6
8551;207;22;1;land;false;plains;6
8552;205;30;1;land;false;plains;6
8553;173;19;1;land;false;plains;6
8554;234;15;1;land;false;plains;6
8555;182;20;1;land;false;plains;6
8556;116;87;1;land;false;forest;6
8557;108;59;1;land;false;forest;6
8558;87;96;1;land;false;forest;6
8559;107;42;1;land;false;forest;6
8560;72;48;1;land;false;plains;6
8561;127;54;1;land;false;forest;6
8562;132;70;1;land;false;plains;6
8563;108;69;1;land;false;plains;6
8564;78;94;1;land;false;forest;6
8565;132;57;1;land;false;plains;6
8566;92;89;1;land;false;plains;6
8567;70;54;1;land;false;forest;6
8568;106;105;1;land;false;forest;6
8569;96;91;1;land;false;plains;6
8570;79;40;1;land;false;forest;6
8571;69;81;1;land;false;plains;6
8572;63;77;1;land;false;plains;6
8573;126;104;1;land;false;forest;6
8574;133;56;1;land;false;plains;6
8575;72;42;1;land;false;forest;6
8576;133;38;1;land;false;plains;6
8577;91;46;1;land;false;plains;6
8578;137;77;1;land;false;plains;6
8579;75;93;1;land;false;forest;6
8580;125;45;1;land;false;plains;6
8581;105;111;1;land;false;forest;6
8582;132;66;1;land;false;plains;6
8583;70;65;1;land;false;forest;6
8584;103;36;1;land;false;plains;6
8585;107;52;1;land;false;forest;6
8586;69;110;1;land;false;plains;6
8587;92;80;1;land;false;plains;6
8588;122;41;1;land;false;forest;6
8589;99;69;1;land;false;plains;6
8590;72;55;1;land;false;plains;6
8591;99;44;1;land;false;plains;6
8592;85;99;1;land;false;forest;6
8593;26;68;1;land;false;plains;6
8594;41;29;1;land;false;plains;6
8595;12;79;1;land;false;plains;6
8596;11;60;1;land;false;plains;6
8597;17;77;1;land;false;plains;6
8598;43;66;1;land;false;plains;6
8599;26;82;1;land;false;plains;6
8600;48;35;1;land;false;plains;6
8601;2;80;1;land;false;plains;6
8602;37;66;1;land;false;forest;6
8603;26;26;1;land;false;plains;6
8604;51;29;1;land;false;plains;6
8605;19;7;1;land;false;plains;6
8606;0;72;1;land;false;plains;6
8607;51;51;1;land;false;plains;6
8608;30;79;1;land;false;plains;6
8609;17;18;1;land;false;forest;6
8610;8;82;1;land;false;plains;6
8611;51;45;1;land;false;plains;6
8612;17;80;1;land;false;plains;6
8613;16;34;1;land;false;plains;6
8614;48;13;1;land;false;plains;6
8615;8;29;1;land;false;plains;6
8616;19;13;1;land;false;plains;6
8617;58;10;1;land;false;plains;6
8618;15;63;1;land;false;plains;6
8619;37;28;1;land;false;plains;6
8620;52;16;1;land;false;forest;6
8621;50;28;1;land;false;desert;6
8622;14;44;1;land;false;plains;6
8623;58;31;1;land;false;plains;6
8624;224;54;1;land;false;plains;6
8625;227;11;1;land;false;plains;6
8626;212;52;1;land;false;plains;6
8627;232;15;1;land;false;forest;6
8628;172;49;1;land;false;plains;6
8629;169;37;1;land;false;forest;6
8630;198;25;1;land;false;plains;6
8631;176;29;1;land;false;plains;6
8632;208;25;1;land;false;plains;6
8633;210;29;1;land;false;forest;6
8634;227;47;1;land;false;plains;6
8635;179;12;1;land;false;plains;6
8636;197;8;1;land;false;forest;6
8637;157;45;1;land;false;plains;6
8638;228;12;1;land;false;plains;6
8639;171;12;1;land;false;plains;6
8640;225;46;1;land;false;plains;6
8641;186;45;1;land;false;plains;6
8642;206;48;1;land;false;forest;6
8643;180;35;1;land;false;forest;6
8644;166;38;1;land;false;plains;6
8645;188;3;1;land;false;forest;6
8646;158;13;1;land;false;plains;6
8647;223;19;1;land;false;forest;6
8648;165;42;1;land;false;forest;6
8649;213;21;1;land;false;plains;6
8650;195;12;1;land;false;plains;6
8651;189;28;1;land;false;plains;6
8652;223;3;1;land;false;plains;6
8653;216;55;1;land;false;forest;6
8654;228;7;1;land;false;plains;6
8655;219;38;1;land;false;plains;6
8656;197;17;1;land;false;forest;6
8657;159;49;1;land;false;plains;6
8658;213;46;1;land;false;forest;6
8659;228;14;1;land;false;forest;6
8660;218;39;1;land;false;plains;6
8661;196;48;1;land;false;plains;6
8662;180;2;1;land;false;forest;6
8663;230;3;1;land;false;plains;6
8664;221;26;1;land;false;plains;6
8665;214;28;1;land;false;plains;6
8666;212;16;1;land;false;forest;6
8667;187;13;1;land;false;plains;6
8668;218;33;1;land;false;forest;6
8669;198;26;1;land;false;plains;6
8670;215;0;1;land;false;forest;6
8671;232;46;1;land;false;plains;6
8672;206;33;1;land;false;forest;6
8673;229;53;1;land;false;plains;6
8674;210;54;1;land;false;forest;6
8675;174;16;1;land;false;plains;6
8676;208;15;1;land;false;forest;6
8677;201;5;1;land;false;plains;6
8678;202;55;1;land;false;plains;6
8679;214;30;1;land;false;plains;6
8680;183;51;1;land;false;plains;6
8681;139;11;1;land;false;plains;6
8682;114;64;1;land;false;plains;6
8683;162;53;1;land;false;plains;6
8684;149;34;1;land;false;plains;6
8685;135;27;1;land;false;plains;6
8686;147;11;1;land;false;plains;6
8687;178;61;1;land;false;plains;6
8688;167;39;1;land;false;plains;6
8689;141;62;1;land;false;plains;6
8690;148;41;1;land;false;plains;6
8691;148;66;1;land;false;plains;6
8692;180;65;1;land;false;plains;6
8693;144;6;1;land;false;plains;6
8694;161;66;1;land;false;plains;6
8695;87;125;1;land;false;plains;6
8696;67;100;1;land;false;plains;6
8697;96;87;1;land;false;plains;6
8698;75;128;1;land;false;plains;6
8699;49;141;1;land;false;plains;6
8700;86;98;1;land;false;plains;6
8701;44;103;1;land;false;plains;6
8702;98;154;1;land;false;plains;6
8703;82;115;1;land;false;plains;6
8704;106;83;1;land;false;plains;6
8705;99;142;1;land;false;plains;6
8706;33;150;1;land;false;plains;6
8707;55;95;1;land;false;plains;6
8708;38;86;1;land;false;plains;6
8709;78;113;1;land;false;plains;6
8710;101;139;1;land;false;plains;6
8711;105;152;1;land;false;plains;6
8712;55;99;1;land;false;plains;6
8713;80;86;1;land;false;plains;6
8714;89;157;1;land;false;plains;6
8715;101;79;1;land;false;plains;6
8716;98;143;1;land;false;plains;6
8717;86;79;1;land;false;desert;6
8718;106;118;1;land;false;plains;6
8719;82;81;1;land;false;plains;6
8720;107;120;1;land;false;plains;6
8721;36;155;1;land;false;plains;6
8722;93;119;1;land;false;plains;6
8723;90;150;1;land;false;plains;6
8724;108;156;1;land;false;plains;6
8725;66;157;1;land;false;plains;6
8726;46;85;1;land;false;plains;6
8727;69;147;1;land;false;plains;6
8728;32;108;1;land;false;plains;6
8729;50;125;1;land;false;plains;6
8730;34;82;1;land;false;plains;6
8731;105;141;1;land;false;plains;6
8732;50;101;1;land;false;plains;6
8733;183;97;1;land;false;plains;6
8734;211;112;1;land;false;forest;6
8735;204;149;1;land;false;plains;6
8736;211;147;1;land;false;plains;6
8737;152;104;1;land;false;plains;6
8738;158;146;1;land;false;plains;6
8739;139;129;1;land;false;forest;6
8740;204;102;1;land;false;plains;6
8741;186;139;1;land;false;plains;6
8742;214;118;1;land;false;forest;6
8743;199;141;1;land;false;plains;6
8744;164;91;1;land;false;plains;6
8745;139;122;1;land;false;plains;6
8746;202;98;1;land;false;plains;6
8747;147;94;1;land;false;plains;6
8748;145;105;1;land;false;plains;6
8749;141;82;1;land;false;forest;6
8750;184;106;1;land;false;plains;6
8751;143;118;1;land;false;forest;6
8752;152;121;1;land;false;forest;6
8753;181;151;1;land;false;plains;6
8754;188;82;1;land;false;plains;6
8755;206;159;1;land;false;plains;6
8756;208;91;1;land;false;plains;6
8757;180;94;1;land;false;plains;6
8758;152;158;1;land;false;forest;6
8759;154;92;1;land;false;plains;6
8760;169;229;1;land;false;plains;6
8761;165;212;1;land;false;plains;6
8762;145;168;1;land;false;plains;6
8763;143;182;1;land;false;plains;6
8764;174;183;1;land;false;plains;6
8765;149;181;1;land;false;plains;6
8766;141;179;1;land;false;plains;6
8767;121;216;1;land;false;forest;6
8768;171;191;1;land;false;plains;6
8769;178;234;1;land;false;plains;6
8770;179;194;1;land;false;forest;6
8771;141;186;1;land;false;forest;6
8772;123;237;1;land;false;plains;6
8773;187;189;1;land;false;plains;6
8774;175;194;1;land;false;plains;6
8775;137;193;1;land;false;forest;6
8776;157;176;1;land;false;forest;6
8777;140;182;1;land;false;plains;6
8778;181;241;1;land;false;plains;6
8779;138;210;1;land;false;plains;6
8780;151;220;1;land;false;plains;6
8781;159;217;1;land;false;plains;6
8782;181;174;1;land;false;plains;6
8783;196;237;1;land;false;forest;6
8784;161;197;1;land;false;forest;6
8785;162;231;1;land;false;forest;6
8786;164;240;1;land;false;forest;6
8787;136;213;1;land;false;plains;6
8788;151;181;1;land;false;plains;6
8789;192;234;1;land;false;plains;6
8790;167;219;1;land;false;plains;6
8791;159;171;1;land;false;plains;6
8792;121;177;1;land;false;forest;6
8793;138;219;1;land;false;forest;6
8794;134;179;1;land;false;plains;6
8795;156;173;1;land;false;plains;6
8796;134;235;1;land;false;plains;6
8797;179;205;1;land;false;plains;6
8798;179;223;1;land;false;plains;6
8799;180;214;1;land;false;plains;6
8800;139;162;1;land;false;plains;6
8801;165;217;1;land;false;plains;6
8802;171;71;1;land;false;forest;6
8803;160;71;1;land;false;forest;6
8804;144;132;1;land;false;forest;6
8805;177;95;1;land;false;plains;6
8806;136;96;1;land;false;plains;6
8807;144;88;1;land;false;plains;6
8808;122;121;1;land;false;forest;6
8809;118;94;1;land;false;plains;6
8810;101;102;1;land;false;forest;6
8811;127;89;1;land;false;plains;6
8812;150;143;1;land;false;forest;6
8813;151;93;1;land;false;forest;6
8814;119;120;1;land;false;forest;6
8815;169;34;1;land;false;forest;6
8816;123;83;1;land;false;plains;6
8817;179;80;1;land;false;plains;6
8818;172;32;1;land;false;forest;6
8819;162;47;1;land;false;plains;6
8820;160;99;1;land;false;forest;6
8821;149;27;1;land;false;forest;6
8822;178;54;1;land;false;plains;6
8823;132;76;1;land;false;forest;6
8824;157;71;1;land;false;forest;6
8825;187;85;1;land;false;plains;6
8826;172;68;1;land;false;forest;6
8827;192;69;1;land;false;plains;6
8828;167;47;1;land;false;forest;6
8829;160;46;1;land;false;plains;6
8830;122;35;1;land;false;forest;6
8831;160;50;1;land;false;plains;6
8832;123;85;1;land;false;forest;6
8833;194;28;1;land;false;plains;6
8834;152;100;1;land;false;forest;6
8835;146;23;1;land;false;forest;6
8836;142;56;1;land;false;plains;6
8837;193;51;1;land;false;plains;6
8838;120;35;1;land;false;forest;6
8839;195;83;1;land;false;plains;6
8840;170;47;1;land;false;plains;6
8841;180;39;1;land;false;plains;6
8842;171;75;1;land;false;forest;6
8843;159;72;1;land;false;plains;6
8844;147;50;1;land;false;plains;6
8845;117;23;1;land;false;plains;6
8846;163;76;1;land;false;forest;6
8847;152;42;1;land;false;plains;6
8848;181;25;1;land;false;forest;6
8849;147;96;1;land;false;plains;6
8850;170;50;1;land;false;plains;6
8851;146;58;1;land;false;plains;6
8852;120;68;1;land;false;plains;6
8853;142;36;1;land;false;forest;6
8854;154;91;1;land;false;forest;6
8855;156;21;1;land;false;forest;6
8856;153;24;1;land;false;plains;6
8857;118;27;1;land;false;plains;6
8858;120;87;1;land;false;forest;6
8859;169;61;1;land;false;forest;6
8860;100;7;1;land;false;forest;6
8861;85;12;1;land;false;forest;6
8862;63;48;1;land;false;forest;6
8863;86;15;1;land;false;forest;6
8864;79;17;1;land;false;forest;6
8865;59;27;1;land;false;forest;6
8866;122;36;1;land;false;forest;6
8867;99;9;1;land;false;forest;6
8868;126;2;1;land;false;forest;6
8869;118;6;1;land;false;plains;6
8870;106;42;1;land;false;forest;6
8871;136;14;1;land;false;forest;6
8872;137;19;1;land;false;plains;6
8873;129;16;1;land;false;forest;6
8874;111;33;1;land;false;forest;6
8875;63;38;1;land;false;forest;6
8876;131;21;1;land;false;plains;6
8877;85;18;1;land;false;forest;6
8878;98;20;1;land;false;forest;6
8879;91;42;1;land;false;forest;6
8880;132;43;1;land;false;forest;6
8881;68;35;1;land;false;forest;6
8882;87;11;1;land;false;forest;6
8883;197;216;1;land;false;plains;6
8884;178;199;1;land;false;plains;6
8885;158;244;1;land;false;forest;6
8886;140;253;1;land;false;forest;6
8887;126;214;1;land;false;plains;6
8888;194;207;1;land;false;plains;6
8889;158;223;1;land;false;plains;6
8890;181;198;1;land;false;forest;6
8891;149;196;1;land;false;plains;6
8892;150;208;1;land;false;plains;6
8893;138;247;1;land;false;forest;6
8894;146;250;1;land;false;forest;6
8895;201;230;1;land;false;plains;6
8896;179;250;1;land;false;plains;6
8897;157;211;1;land;false;plains;6
8898;161;81;1;land;false;plains;6
8899;136;70;1;land;false;plains;6
8900;110;135;1;land;false;plains;6
8901;143;85;1;land;false;plains;6
8902;122;89;1;land;false;plains;6
8903;108;132;1;land;false;plains;6
8904;118;110;1;land;false;plains;6
8905;110;114;1;land;false;plains;6
8906;123;113;1;land;false;forest;6
8907;160;122;1;land;false;plains;6
8908;145;75;1;land;false;plains;6
8909;138;73;1;land;false;plains;6
8910;89;117;1;land;false;plains;6
8911;162;106;1;land;false;plains;6
8912;167;74;1;land;false;plains;6
8913;225;41;1;land;false;forest;6
8914;148;20;1;land;false;plains;6
8915;167;60;1;land;false;plains;6
8916;149;54;1;land;false;plains;6
8917;168;75;1;land;false;plains;6
8918;180;24;1;land;false;plains;6
8919;147;16;1;land;false;plains;6
8920;202;48;1;land;false;forest;6
8921;198;46;1;land;false;plains;6
8922;220;35;1;land;false;forest;6
8923;167;46;1;land;false;plains;6
8924;204;74;1;land;false;plains;6
8925;149;6;1;land;false;forest;6
8926;190;63;1;land;false;desert;6
8927;156;46;1;land;false;plains;6
8928;152;28;1;land;false;plains;6
8929;168;50;1;land;false;plains;6
8930;149;30;1;land;false;forest;6
8931;181;18;1;land;false;plains;6
8932;169;21;1;land;false;plains;6
8933;172;63;1;land;false;plains;6
8934;130;117;1;land;false;forest;6
8935;107;122;1;land;false;plains;6
8936;142;103;1;land;false;forest;6
8937;125;136;1;land;false;plains;6
8938;132;162;1;land;false;forest;6
8939;125;166;1;land;false;plains;6
8940;121;173;1;land;false;forest;6
8941;178;174;1;land;false;forest;6
8942;144;137;1;land;false;plains;6
8943;160;158;1;land;false;forest;6
8944;163;155;1;land;false;plains;6
8945;122;180;1;land;false;plains;6
8946;178;113;1;land;false;forest;6
8947;120;169;1;land;false;plains;6
8948;135;146;1;land;false;forest;6
8949;133;120;1;land;false;forest;6
8950;173;177;1;land;false;forest;6
8951;250;4;1;land;false;desert;6
8952;221;40;1;land;false;plains;6
8953;222;1;1;land;false;plains;6
8954;244;3;1;land;false;plains;6
8955;223;30;1;land;false;desert;6
8956;234;44;1;land;false;desert;6
8957;222;14;1;land;false;plains;6
8958;254;4;1;land;false;desert;6
8959;217;43;1;land;false;plains;6
8960;220;21;1;land;false;plains;6
8961;254;39;1;land;false;plains;6
8962;218;36;1;land;false;desert;6
8963;223;47;1;land;false;desert;6
8964;254;15;1;land;false;desert;6
8965;254;20;1;land;false;desert;6
8966;232;31;1;land;false;desert;6
8967;216;26;1;land;false;desert;6
8968;215;35;1;land;false;plains;6
8969;232;21;1;land;false;plains;6
8970;251;45;1;land;false;desert;6
8971;242;41;1;land;false;desert;6
8972;249;10;1;land;false;plains;6
8973;251;36;1;land;false;desert;6
8974;220;12;1;land;false;forest;6
8975;225;21;1;land;false;desert;6
8976;238;17;1;land;false;forest;6
8977;252;19;1;land;false;desert;6
8978;221;36;1;land;false;desert;6
8979;239;20;1;land;false;plains;6
8980;234;42;1;land;false;plains;6
8981;218;35;1;land;false;plains;6
8982;244;9;1;land;false;plains;6
8983;245;14;1;land;false;desert;6
8984;236;22;1;land;false;desert;6
8985;241;21;1;land;false;plains;6
8986;238;11;1;land;false;desert;6
8987;215;38;1;land;false;plains;6
8988;236;5;1;land;false;plains;6
8989;243;10;1;land;false;plains;6
8990;223;48;1;land;false;plains;6
8991;254;40;1;land;false;desert;6
8992;239;45;1;land;false;desert;6
8993;247;39;1;land;false;desert;6
8994;231;32;1;land;false;desert;6
8995;226;41;1;land;false;desert;6
8996;217;37;1;land;false;desert;6
8997;233;11;1;land;false;plains;6
8998;236;48;1;land;false;plains;6
8999;249;29;1;land;false;plains;6
9000;236;8;1;land;false;plains;6
9001;252;26;1;land;false;forest;6
9002;251;29;1;land;false;desert;6
9003;242;27;1;land;false;desert;6
9004;254;26;1;land;false;desert;6
9005;234;21;1;land;false;plains;6
9006;248;25;1;land;false;desert;6
9007;55;100;1;land;false;plains;6
9008;30;115;1;land;false;plains;6
9009;60;150;1;land;false;plains;6
9010;95;152;1;land;false;plains;6
9011;98;131;1;land;false;plains;6
9012;89;153;1;land;false;plains;6
9013;72;143;1;land;false;plains;6
9014;60;116;1;land;false;plains;6
9015;73;93;1;land;false;plains;6
9016;95;76;1;land;false;plains;6
9017;43;111;1;land;false;plains;6
9018;103;127;1;land;false;plains;6
9019;49;121;1;land;false;plains;6
9020;68;107;1;land;false;plains;6
9021;56;116;1;land;false;plains;6
9022;34;81;1;land;false;plains;6
9023;96;105;1;land;false;plains;6
9024;27;151;1;land;false;plains;6
9025;89;106;1;land;false;plains;6
9026;104;152;1;land;false;plains;6
9027;53;110;1;land;false;plains;6
9028;88;132;1;land;false;plains;6
9029;88;116;1;land;false;plains;6
9030;66;134;1;land;false;plains;6
9031;28;101;1;land;false;plains;6
9032;196;123;1;land;false;plains;6
9033;200;109;1;land;false;plains;6
9034;179;83;1;land;false;plains;6
9035;159;137;1;land;false;plains;6
9036;164;112;1;land;false;plains;6
9037;158;107;1;land;false;plains;6
9038;171;118;1;land;false;plains;6
9039;195;107;1;land;false;plains;6
9040;188;115;1;land;false;plains;6
9041;130;133;1;land;false;plains;6
9042;185;137;1;land;false;plains;6
9043;209;87;1;land;false;plains;6
9044;177;158;1;land;false;plains;6
9045;144;91;1;land;false;plains;6
9046;196;79;1;land;false;plains;6
9047;188;98;1;land;false;plains;6
9048;168;137;1;land;false;plains;6
9049;197;128;1;land;false;plains;6
9050;180;116;1;land;false;plains;6
9051;165;143;1;land;false;plains;6
9052;174;142;1;land;false;plains;6
9053;163;127;1;land;false;plains;6
9054;148;101;1;land;false;plains;6
9055;204;105;1;land;false;plains;6
9056;163;146;1;land;false;plains;6
9057;165;92;1;land;false;plains;6
9058;182;93;1;land;false;plains;6
9059;251;112;1;land;false;forest;6
9060;254;79;1;land;false;forest;6
9061;218;52;1;land;false;plains;6
9062;215;86;1;land;false;forest;6
9063;206;61;1;land;false;forest;6
9064;249;61;1;land;false;forest;6
9065;216;98;1;land;false;forest;6
9066;205;75;1;land;false;forest;6
9067;238;75;1;land;false;forest;6
9068;246;101;1;land;false;forest;6
9069;209;94;1;land;false;forest;6
9070;244;100;1;land;false;forest;6
9071;238;95;1;land;false;forest;6
9072;200;58;1;land;false;forest;6
9073;206;118;1;land;false;forest;6
9074;249;64;1;land;false;forest;6
9075;242;70;1;land;false;forest;6
9076;209;70;1;land;false;forest;6
9077;216;96;1;land;false;forest;6
9078;223;99;1;land;false;forest;6
9079;203;66;1;land;false;forest;6
9080;180;234;1;land;false;plains;6
9081;161;221;1;land;false;plains;6
9082;196;220;1;land;false;plains;6
9083;164;199;1;land;false;plains;6
9084;173;189;1;land;false;plains;6
9085;212;175;1;land;false;plains;6
9086;220;197;1;land;false;plains;6
9087;181;195;1;land;false;plains;6
9088;158;238;1;land;false;plains;6
9089;198;205;1;land;false;plains;6
9090;181;236;1;land;false;plains;6
9091;207;188;1;land;false;plains;6
9092;201;218;1;land;false;plains;6
9093;193;199;1;land;false;plains;6
9094;170;219;1;land;false;plains;6
9095;231;193;1;land;false;plains;6
9096;212;223;1;land;false;plains;6
9097;183;220;1;land;false;plains;6
9098;176;229;1;land;false;plains;6
9099;209;213;1;land;false;plains;6
9100;220;184;1;land;false;plains;6
9101;182;244;1;land;false;plains;6
9102;223;247;1;land;false;plains;6
9103;215;189;1;land;false;plains;6
9104;217;210;1;land;false;plains;6
9105;165;182;1;land;false;plains;6
9106;178;219;1;land;false;plains;6
9107;201;186;1;land;false;plains;6
9108;214;194;1;land;false;plains;6
9109;200;191;1;land;false;plains;6
9110;177;214;1;land;false;plains;6
9111;214;179;1;land;false;plains;6
9112;180;199;1;land;false;plains;6
9113;226;249;1;land;false;plains;6
9114;232;184;1;land;false;plains;6
9115;157;234;1;land;false;plains;6
9116;188;187;1;land;false;plains;6
9117;160;200;1;land;false;plains;6
9118;209;200;1;land;false;plains;6
9119;229;214;1;land;false;plains;6
9120;157;177;1;land;false;plains;6
9121;193;184;1;land;false;plains;6
9122;197;251;1;land;false;plains;6
9123;191;196;1;land;false;plains;6
9124;181;106;1;land;false;plains;6
9125;164;84;1;land;false;plains;6
9126;179;85;1;land;false;plains;6
9127;149;80;1;land;false;plains;6
9128;213;52;1;land;false;plains;6
9129;220;36;1;land;false;plains;6
9130;164;36;1;land;false;plains;6
9131;162;102;1;land;false;plains;6
9132;174;68;1;land;false;plains;6
9133;146;82;1;land;false;plains;6
9134;186;68;1;land;false;plains;6
9135;156;102;1;land;false;plains;6
9136;210;74;1;land;false;plains;6
9137;171;32;1;land;false;plains;6
9138;186;85;1;land;false;plains;6
9139;192;58;1;land;false;plains;6
9140;181;77;1;land;false;plains;6
9141;151;67;1;land;false;plains;6
9142;167;38;1;land;false;plains;6
9143;207;44;1;land;false;plains;6
9144;186;43;1;land;false;plains;6
9145;220;86;1;land;false;plains;6
9146;153;32;1;land;false;forest;6
9147;174;61;1;land;false;plains;6
9148;159;33;1;land;false;plains;6
9149;172;58;1;land;false;plains;6
9150;213;33;1;land;false;plains;6
9151;186;70;1;land;false;plains;6
9152;173;98;1;land;false;plains;6
9153;149;33;1;land;false;plains;6
9154;204;71;1;land;false;plains;6
9155;207;99;1;land;false;plains;6
9156;186;81;1;land;false;plains;6
9157;165;96;1;land;false;plains;6
9158;76;173;1;land;false;forest;6
9159;37;174;1;land;false;forest;6
9160;63;144;1;land;false;forest;6
9161;26;192;1;land;false;forest;6
9162;22;175;1;land;false;forest;6
9163;66;156;1;land;false;forest;6
9164;91;175;1;land;false;forest;6
9165;31;170;1;land;false;forest;6
9166;60;197;1;land;false;plains;6
9167;57;195;1;land;false;forest;6
9168;85;146;1;land;false;plains;6
9169;42;197;1;land;false;forest;6
9170;42;134;1;land;false;forest;6
9171;50;133;1;land;false;forest;6
9172;55;139;1;land;false;forest;6
9173;94;128;1;land;false;forest;6
9174;30;166;1;land;false;forest;6
9175;59;148;1;land;false;forest;6
9176;80;174;1;land;false;plains;6
9177;96;133;1;land;false;forest;6
9178;89;192;1;land;false;forest;6
9179;52;129;1;land;false;forest;6
9180;50;23;1;land;false;forest;6
9181;40;48;1;land;false;plains;6
9182;9;38;1;land;false;forest;6
9183;13;42;1;land;false;plains;6
9184;60;17;1;land;false;plains;6
9185;25;37;1;land;false;forest;6
9186;10;8;1;land;false;plains;6
9187;31;42;1;land;false;forest;6
9188;60;6;1;land;false;plains;6
9189;4;1;1;land;false;plains;6
9190;35;36;1;land;false;plains;6
9191;24;35;1;land;false;plains;6
9192;61;4;1;land;false;forest;6
9193;4;19;1;land;false;plains;6
9194;61;30;1;land;false;plains;6
9195;60;15;1;land;false;forest;6
9196;46;43;1;land;false;forest;6
9197;38;6;1;land;false;plains;6
9198;35;2;1;land;false;plains;6
9199;37;50;1;land;false;plains;6
9200;34;42;1;land;false;forest;6
9201;3;24;1;land;false;plains;6
9202;50;41;1;land;false;plains;6
9203;2;46;1;land;false;forest;6
9204;18;0;1;land;false;forest;6
9205;27;25;1;land;false;plains;6
9206;31;36;1;land;false;plains;6
9207;8;8;1;land;false;plains;6
9208;5;48;1;land;false;plains;6
9209;30;29;1;land;false;plains;6
9210;154;21;1;land;false;plains;6
9211;106;19;1;land;false;plains;6
9212;157;3;1;land;false;forest;6
9213;98;8;1;land;false;plains;6
9214;95;42;1;land;false;plains;6
9215;161;56;1;land;false;forest;6
9216;100;9;1;land;false;plains;6
9217;114;34;1;land;false;plains;6
9218;160;30;1;land;false;plains;6
9219;88;38;1;land;false;plains;6
9220;126;15;1;land;false;plains;6
9221;91;34;1;land;false;plains;6
9222;103;13;1;land;false;plains;6
9223;125;8;1;land;false;plains;6
9224;118;8;1;land;false;plains;6
9225;89;31;1;land;false;plains;6
9226;158;30;1;land;false;forest;6
9227;137;2;1;land;false;plains;6
9228;16;118;1;land;false;plains;6
9229;16;146;1;land;false;plains;6
9230;64;176;1;land;false;plains;6
9231;52;158;1;land;false;plains;6
9232;30;164;1;land;false;forest;6
9233;49;176;1;land;false;plains;6
9234;15;169;1;land;false;plains;6
9235;30;149;1;land;false;plains;6
9236;56;175;1;land;false;plains;6
9237;24;172;1;land;false;forest;6
9238;28;152;1;land;false;forest;6
9239;29;117;1;land;false;plains;6
9240;60;124;1;land;false;plains;6
9241;58;154;1;land;false;plains;6
9242;62;172;1;land;false;forest;6
9243;35;183;1;land;false;plains;6
9244;47;141;1;land;false;plains;6
9245;1;188;1;land;false;desert;6
9246;62;132;1;land;false;forest;6
9247;48;167;1;land;false;plains;6
9248;33;160;1;land;false;plains;6
9249;7;192;1;land;false;plains;6
9250;51;190;1;land;false;plains;6
9251;5;187;1;land;false;plains;6
9252;2;140;1;land;false;plains;6
9253;16;182;1;land;false;plains;6
9254;29;185;1;land;false;plains;6
9255;11;142;1;land;false;plains;6
9256;17;128;1;land;false;plains;6
9257;19;155;1;land;false;plains;6
9258;57;127;1;land;false;forest;6
9259;182;217;1;land;false;plains;6
9260;226;210;1;land;false;plains;6
9261;231;232;1;land;false;plains;6
9262;215;237;1;land;false;plains;6
9263;195;209;1;land;false;plains;6
9264;206;216;1;land;false;plains;6
9265;163;215;1;land;false;plains;6
9266;240;223;1;land;false;plains;6
9267;184;227;1;land;false;plains;6
9268;178;239;1;land;false;plains;6
9269;175;247;1;land;false;plains;6
9270;166;247;1;land;false;plains;6
9271;191;245;1;land;false;plains;6
9272;218;247;1;land;false;plains;6
9273;186;224;1;land;false;plains;6
9274;181;213;1;land;false;plains;6
9275;167;243;1;land;false;plains;6
9276;181;220;1;land;false;plains;6
9277;234;236;1;land;false;plains;6
9278;173;243;1;land;false;plains;6
9279;210;234;1;land;false;plains;6
9280;185;251;1;land;false;plains;6
9281;175;242;1;land;false;plains;6
9282;197;208;1;land;false;plains;6
9283;188;234;1;land;false;plains;6
9284;206;221;1;land;false;plains;6
9285;212;231;1;land;false;plains;6
9286;199;242;1;land;false;plains;6
9287;205;225;1;land;false;plains;6
9288;103;40;1;land;false;plains;6
9289;116;37;1;land;false;plains;6
9290;75;39;1;land;false;plains;6
9291;79;12;1;land;false;plains;6
9292;108;2;1;land;false;plains;6
9293;94;12;1;land;false;plains;6
9294;76;2;1;land;false;plains;6
9295;55;16;1;land;false;plains;6
9296;93;28;1;land;false;plains;6
9297;101;21;1;land;false;plains;6
9298;98;12;1;land;false;plains;6
9299;48;39;1;land;false;plains;6
9300;41;34;1;land;false;plains;6
9301;102;1;1;land;false;plains;6
9302;98;37;1;land;false;plains;6
9303;64;20;1;land;false;plains;6
9304;57;41;1;land;false;plains;6
9305;53;34;1;land;false;plains;6
9306;99;41;1;land;false;plains;6
9307;45;9;1;land;false;plains;6
9308;104;6;1;land;false;plains;6
9309;49;36;1;land;false;plains;6
9310;74;11;1;land;false;plains;6
9311;117;36;1;land;false;plains;6
9312;106;7;1;land;false;plains;6
9313;116;12;1;land;false;plains;6
9314;98;23;1;land;false;plains;6
9315;73;32;1;land;false;plains;6
9316;119;25;1;land;false;plains;6
9317;81;33;1;land;false;plains;6
9318;101;4;1;land;false;plains;6
9319;84;0;1;land;false;plains;6
9320;78;17;1;land;false;plains;6
9321;65;20;1;land;false;plains;6
9322;103;0;1;land;false;plains;6
9323;74;19;1;land;false;plains;6
9324;55;25;1;land;false;plains;6
9325;14;99;1;land;false;plains;6
9326;80;99;1;land;false;plains;6
9327;71;120;1;land;false;plains;6
9328;58;139;1;land;false;plains;6
9329;6;78;1;land;false;plains;6
9330;1;79;1;land;false;plains;6
9331;40;97;1;land;false;plains;6
9332;29;79;1;land;false;plains;6
9333;52;74;1;land;false;plains;6
9334;69;109;1;land;false;plains;6
9335;25;77;1;land;false;plains;6
9336;52;108;1;land;false;plains;6
9337;52;110;1;land;false;plains;6
9338;5;96;1;land;false;plains;6
9339;63;93;1;land;false;plains;6
9340;30;98;1;land;false;plains;6
9341;35;106;1;land;false;plains;6
9342;5;118;1;land;false;desert;6
9343;14;92;1;land;false;forest;6
9344;49;107;1;land;false;plains;6
9345;1;128;1;land;false;plains;6
9346;8;84;1;land;false;plains;6
9347;78;137;1;land;false;plains;6
9348;49;81;1;land;false;plains;6
9349;69;79;1;land;false;plains;6
9350;34;94;1;land;false;plains;6
9351;62;127;1;land;false;plains;6
9352;40;89;1;land;false;plains;6
9353;70;140;1;land;false;plains;6
9354;34;112;1;land;false;plains;6
9355;62;74;1;land;false;plains;6
9356;66;89;1;land;false;plains;6
9357;1;84;1;land;false;plains;6
9358;61;84;1;land;false;plains;6
9359;60;113;1;land;false;plains;6
9360;6;98;1;land;false;plains;6
9361;35;137;1;land;false;desert;6
9362;54;125;1;land;false;plains;6
9363;2;85;1;land;false;plains;6
9364;28;134;1;land;false;plains;6
9365;19;99;1;land;false;plains;6
9366;5;94;1;land;false;plains;6
9367;45;92;1;land;false;plains;6
9368;17;121;1;land;false;plains;6
9369;21;81;1;land;false;plains;6
9370;8;138;1;land;false;forest;6
9371;10;111;1;land;false;plains;6
9372;17;97;1;land;false;plains;6
9373;5;131;1;land;false;plains;6
9374;60;144;1;land;false;plains;6
9375;70;76;1;land;false;plains;6
9376;65;123;1;land;false;forest;6
9377;31;79;1;land;false;plains;6
9378;23;91;1;land;false;plains;6
9379;50;117;1;land;false;plains;6
9380;224;72;1;land;false;plains;6
9381;244;52;1;land;false;forest;6
9382;239;64;1;land;false;plains;6
9383;231;86;1;land;false;forest;6
9384;242;57;1;land;false;plains;6
9385;201;90;1;land;false;plains;6
9386;181;74;1;land;false;forest;6
9387;179;51;1;land;false;forest;6
9388;233;73;1;land;false;plains;6
9389;205;61;1;land;false;forest;6
9390;252;48;1;land;false;plains;6
9391;240;69;1;land;false;plains;6
9392;177;104;1;land;false;plains;6
9393;238;38;1;land;false;plains;6
9394;210;90;1;land;false;plains;6
9395;246;48;1;land;false;forest;6
9396;208;72;1;land;false;forest;6
9397;208;116;1;land;false;plains;6
9398;233;63;1;land;false;plains;6
9399;243;100;1;land;false;forest;6
9400;225;108;1;land;false;plains;6
9401;237;66;1;land;false;plains;6
9402;201;40;1;land;false;forest;6
9403;205;55;1;land;false;plains;6
9404;188;111;1;land;false;forest;6
9405;202;64;1;land;false;forest;6
9406;195;44;1;land;false;plains;6
9407;217;61;1;land;false;plains;6
9408;176;82;1;land;false;plains;6
9409;195;71;1;land;false;forest;6
9410;190;41;1;land;false;plains;6
9411;179;81;1;land;false;plains;6
9412;253;48;1;land;false;plains;6
9413;248;115;1;land;false;plains;6
9414;177;64;1;land;false;forest;6
9415;197;70;1;land;false;forest;6
9416;198;106;1;land;false;plains;6
9417;254;82;1;land;false;plains;6
9418;180;40;1;land;false;plains;6
9419;250;83;1;land;false;plains;6
9420;226;58;1;land;false;plains;6
9421;231;112;1;land;false;plains;6
9422;216;105;1;land;false;plains;6
9423;189;50;1;land;false;forest;6
9424;195;57;1;land;false;forest;6
9425;249;93;1;land;false;forest;6
9426;239;55;1;land;false;forest;6
9427;233;58;1;land;false;forest;6
9428;184;59;1;land;false;forest;6
9429;185;55;1;land;false;forest;6
9430;217;54;1;land;false;forest;6
9431;180;73;1;land;false;forest;6
9432;242;73;1;land;false;plains;6
9433;188;108;1;land;false;forest;6
9434;248;48;1;land;false;plains;6
9435;228;54;1;land;false;plains;6
9436;208;70;1;land;false;plains;6
9437;177;90;1;land;false;forest;6
9438;245;110;1;land;false;plains;6
9439;244;66;1;land;false;forest;6
9440;191;64;1;land;false;plains;6
9441;230;102;1;land;false;plains;6
9442;246;91;1;land;false;plains;6
9443;248;65;1;land;false;plains;6
9444;222;53;1;land;false;plains;6
9445;244;73;1;land;false;plains;6
9446;207;83;1;land;false;forest;6
9447;175;93;1;land;false;forest;6
9448;217;69;1;land;false;forest;6
9449;194;236;1;land;false;plains;6
9450;177;174;1;land;false;plains;6
9451;140;165;1;land;false;plains;6
9452;193;207;1;land;false;plains;6
9453;158;170;1;land;false;plains;6
9454;179;180;1;land;false;plains;6
9455;153;180;1;land;false;plains;6
9456;198;207;1;land;false;plains;6
9457;165;183;1;land;false;plains;6
9458;191;206;1;land;false;plains;6
9459;175;233;1;land;false;plains;6
9460;133;212;1;land;false;plains;6
9461;139;220;1;land;false;plains;6
9462;168;178;1;land;false;plains;6
9463;193;231;1;land;false;plains;6
9464;146;215;1;land;false;plains;6
9465;155;211;1;land;false;plains;6
9466;134;205;1;land;false;plains;6
9467;145;224;1;land;false;plains;6
9468;171;228;1;land;false;plains;6
9469;76;142;1;land;false;plains;6
9470;68;115;1;land;false;plains;6
9471;56;145;1;land;false;plains;6
9472;84;132;1;land;false;plains;6
9473;18;140;1;land;false;plains;6
9474;14;113;1;land;false;plains;6
9475;51;137;1;land;false;plains;6
9476;49;115;1;land;false;plains;6
9477;26;88;1;land;false;plains;6
9478;55;107;1;land;false;forest;6
9479;32;78;1;land;false;plains;6
9480;51;128;1;land;false;plains;6
9481;73;140;1;land;false;plains;6
9482;71;90;1;land;false;plains;6
9483;68;89;1;land;false;plains;6
9484;57;140;1;land;false;plains;6
9485;12;142;1;land;false;plains;6
9486;7;131;1;land;false;plains;6
9487;76;113;1;land;false;plains;6
9488;24;72;1;land;false;plains;6
9489;44;91;1;land;false;plains;6
9490;57;83;1;land;false;plains;6
9491;12;74;1;land;false;plains;6
9492;74;78;1;land;false;plains;6
9493;162;147;1;land;false;forest;6
9494;165;113;1;land;false;plains;6
9495;162;131;1;land;false;plains;6
9496;148;83;1;land;false;forest;6
9497;182;97;1;land;false;plains;6
9498;122;112;1;land;false;plains;6
9499;141;112;1;land;false;plains;6
9500;154;110;1;land;false;forest;6
9501;131;89;1;land;false;forest;6
9502;136;146;1;land;false;forest;6
9503;113;117;1;land;false;plains;6
9504;120;146;1;land;false;forest;6
9505;114;149;1;land;false;forest;6
9506;122;106;1;land;false;forest;6
9507;148;95;1;land;false;plains;6
9508;148;71;1;land;false;plains;6
9509;170;82;1;land;false;plains;6
9510;178;127;1;land;false;forest;6
9511;112;94;1;land;false;plains;6
9512;166;80;1;land;false;plains;6
9513;186;74;1;land;false;forest;6
9514;175;89;1;land;false;forest;6
9515;131;148;1;land;false;plains;6
9516;184;73;1;land;false;plains;6
9517;157;80;1;land;false;forest;6
9518;163;114;1;land;false;plains;6
9519;171;76;1;land;false;plains;6
9520;121;144;1;land;false;plains;6
9521;116;150;1;land;false;plains;6
9522;166;112;1;land;false;forest;6
9523;120;144;1;land;false;plains;6
9524;155;109;1;land;false;plains;6
9525;90;243;1;land;false;plains;6
9526;94;243;1;land;false;plains;6
9527;83;212;1;land;false;plains;6
9528;73;234;1;land;false;plains;6
9529;134;231;1;land;false;plains;6
9530;117;234;1;land;false;plains;6
9531;151;228;1;land;false;plains;6
9532;148;179;1;land;false;plains;6
9533;147;251;1;land;false;plains;6
9534;151;223;1;land;false;plains;6
9535;113;229;1;land;false;forest;6
9536;87;206;1;land;false;plains;6
9537;110;229;1;land;false;plains;6
9538;141;234;1;land;false;plains;6
9539;104;234;1;land;false;plains;6
9540;146;248;1;land;false;plains;6
9541;84;206;1;land;false;forest;6
9542;112;201;1;land;false;plains;6
9543;72;182;1;land;false;plains;6
9544;110;208;1;land;false;plains;6
9545;115;182;1;land;false;plains;6
9546;247;198;1;land;false;forest;6
9547;196;197;1;land;false;plains;6
9548;196;191;1;land;false;plains;6
9549;234;185;1;land;false;forest;6
9550;183;242;1;land;false;plains;6
9551;245;183;1;land;false;plains;6
9552;203;246;1;land;false;forest;6
9553;235;185;1;land;false;plains;6
9554;220;196;1;land;false;plains;6
9555;207;243;1;land;false;forest;6
9556;179;233;1;land;false;plains;6
9557;187;239;1;land;false;forest;6
9558;215;250;1;land;false;plains;6
9559;178;192;1;land;false;forest;6
9560;222;215;1;land;false;forest;6
9561;228;214;1;land;false;plains;6
9562;253;249;1;land;false;plains;6
9563;200;231;1;land;false;plains;6
9564;239;245;1;land;false;forest;6
9565;227;209;1;land;false;forest;6
9566;228;189;1;land;false;plains;6
9567;212;243;1;land;false;plains;6
9568;250;200;1;land;false;plains;6
9569;212;179;1;land;false;forest;6
9570;207;223;1;land;false;plains;6
9571;225;243;1;land;false;forest;6
9572;238;180;1;land;false;plains;6
9573;233;254;1;land;false;forest;6
9574;202;201;1;land;false;plains;6
9575;203;229;1;land;false;forest;6
9576;207;194;1;land;false;forest;6
9577;232;232;1;land;false;forest;6
9578;216;248;1;land;false;plains;6
9579;236;222;1;land;false;forest;6
9580;252;253;1;land;false;forest;6
9581;243;223;1;land;false;plains;6
9582;201;192;1;land;false;forest;6
9583;225;223;1;land;false;plains;6
9584;178;227;1;land;false;forest;6
9585;205;211;1;land;false;forest;6
9586;252;185;1;land;false;plains;6
9587;234;198;1;land;false;plains;6
9588;251;247;1;land;false;plains;6
9589;204;243;1;land;false;forest;6
9590;233;188;1;land;false;forest;6
9591;186;207;1;land;false;plains;6
9592;198;201;1;land;false;forest;6
9593;247;236;1;land;false;plains;6
9594;186;183;1;land;false;plains;6
9595;165;23;1;land;false;plains;6
9596;165;33;1;land;false;plains;6
9597;197;54;1;land;false;plains;6
9598;168;33;1;land;false;plains;6
9599;192;57;1;land;false;desert;6
9600;190;66;1;land;false;plains;6
9601;185;29;1;land;false;plains;6
9602;129;32;1;land;false;plains;6
9603;140;23;1;land;false;plains;6
9604;124;38;1;land;false;desert;6
9605;155;9;1;land;false;plains;6
9606;187;66;1;land;false;plains;6
9607;189;23;1;land;false;plains;6
9608;139;56;1;land;false;plains;6
9609;163;53;1;land;false;plains;6
9610;149;60;1;land;false;plains;6
9611;181;36;1;land;false;plains;6
9612;175;7;1;land;false;plains;6
9613;135;26;1;land;false;plains;6
9614;181;35;1;land;false;plains;6
9615;197;37;1;land;false;plains;6
9616;125;0;1;land;false;plains;6
9617;126;31;1;land;false;plains;6
9618;67;13;1;land;false;plains;6
9619;57;15;1;land;false;plains;6
9620;51;55;1;land;false;plains;6
9621;52;52;1;land;false;plains;6
9622;41;8;1;land;false;plains;6
9623;39;65;1;land;false;plains;6
9624;44;16;1;land;false;plains;6
9625;96;28;1;land;false;plains;6
9626;58;56;1;land;false;plains;6
9627;67;55;1;land;false;plains;6
9628;78;52;1;land;false;plains;6
9629;44;51;1;land;false;plains;6
9630;68;33;1;land;false;plains;6
9631;88;60;1;land;false;forest;6
9632;101;31;1;land;false;plains;6
9633;60;3;1;land;false;plains;6
9634;64;43;1;land;false;forest;6
9635;69;28;1;land;false;plains;6
9636;34;54;1;land;false;plains;6
9637;68;55;1;land;false;plains;6
9638;46;26;1;land;false;forest;6
9639;73;45;1;land;false;plains;6
9640;77;63;1;land;false;plains;6
9641;89;55;1;land;false;plains;6
9642;40;54;1;land;false;forest;6
9643;52;3;1;land;false;plains;6
9644;38;58;1;land;false;plains;6
9645;75;56;1;land;false;plains;6
9646;37;55;1;land;false;forest;6
9647;79;54;1;land;false;plains;6
9648;85;2;1;land;false;plains;6
9649;63;26;1;land;false;plains;6
9650;84;50;1;land;false;forest;6
9651;53;29;1;land;false;plains;6
9652;67;46;1;land;false;plains;6
9653;45;3;1;land;false;plains;6
9654;241;225;1;land;false;forest;6
9655;252;224;1;land;false;forest;6
9656;222;236;1;land;false;forest;6
9657;251;224;1;land;false;plains;6
9658;241;233;1;land;false;forest;6
9659;231;252;1;land;false;forest;6
9660;225;248;1;land;false;forest;6
9661;252;248;1;land;false;forest;6
9662;229;253;1;land;false;forest;6
9663;217;240;1;land;false;forest;6
9664;207;238;1;land;false;plains;6
9665;228;217;1;land;false;forest;6
9666;222;245;1;land;false;forest;6
9667;207;231;1;land;false;plains;6
9668;236;232;1;land;false;forest;6
9669;208;232;1;land;false;forest;6
9670;241;244;1;land;false;forest;6
9671;212;245;1;land;false;forest;6
9672;221;239;1;land;false;forest;6
9673;212;242;1;land;false;forest;6
9674;231;226;1;land;false;plains;6
9675;254;223;1;land;false;forest;6
9676;118;104;1;land;false;plains;6
9677;89;83;1;land;false;plains;6
9678;91;145;1;land;false;plains;6
9679;121;99;1;land;false;plains;6
9680;95;153;1;land;false;plains;6
9681;92;105;1;land;false;plains;6
9682;103;102;1;land;false;plains;6
9683;66;136;1;land;false;plains;6
9684;72;134;1;land;false;plains;6
9685;124;100;1;land;false;plains;6
9686;132;102;1;land;false;plains;6
9687;113;128;1;land;false;plains;6
9688;67;94;1;land;false;plains;6
9689;124;145;1;land;false;plains;6
9690;80;125;1;land;false;plains;6
9691;55;132;1;land;false;plains;6
9692;99;90;1;land;false;plains;6
9693;69;137;1;land;false;plains;6
9694;116;146;1;land;false;plains;6
9695;129;141;1;land;false;plains;6
9696;60;149;1;land;false;plains;6
9697;92;129;1;land;false;plains;6
9698;126;111;1;land;false;plains;6
9699;81;146;1;land;false;plains;6
9700;90;88;1;land;false;plains;6
9701;124;98;1;land;false;plains;6
9702;117;135;1;land;false;plains;6
9703;96;130;1;land;false;plains;6
9704;84;126;1;land;false;plains;6
9705;125;140;1;land;false;plains;6
9706;100;118;1;land;false;plains;6
9707;88;110;1;land;false;plains;6
9708;96;145;1;land;false;plains;6
9709;56;106;1;land;false;plains;6
9710;80;93;1;land;false;plains;6
9711;78;125;1;land;false;plains;6
9712;91;173;1;land;false;plains;5
9713;64;152;1;land;false;plains;5
9714;111;148;1;land;false;plains;5
9715;88;172;1;land;false;plains;5
9716;112;191;1;land;false;plains;5
9717;120;123;1;land;false;plains;5
9718;104;135;1;land;false;plains;5
9719;104;140;1;land;false;plains;5
9720;132;188;1;land;false;plains;5
9721;104;143;1;land;false;plains;5
9722;75;246;1;land;false;plains;5
9723;76;210;1;land;false;forest;5
9724;69;214;1;land;false;plains;5
9725;112;196;1;land;false;forest;5
9726;66;250;1;land;false;forest;5
9727;65;207;1;land;false;forest;5
9728;105;244;1;land;false;plains;5
9729;100;241;1;land;false;forest;5
9730;86;229;1;land;false;plains;5
9731;114;209;1;land;false;forest;5
9732;69;194;1;land;false;plains;5
9733;69;215;1;land;false;forest;5
9734;91;254;1;land;false;plains;5
9735;76;233;1;land;false;forest;5
9736;74;214;1;land;false;plains;5
9737;59;224;1;land;false;plains;5
9738;61;251;1;land;false;forest;5
9739;113;195;1;land;false;plains;5
9740;117;217;1;land;false;forest;5
9741;43;196;1;land;false;plains;5
9742;72;217;1;land;false;forest;5
9743;47;218;1;land;false;forest;5
9744;89;245;1;land;false;forest;5
9745;109;210;1;land;false;forest;5
9746;46;226;1;land;false;forest;5
9747;59;204;1;land;false;forest;5
9748;81;200;1;land;false;plains;5
9749;93;210;1;land;false;plains;5
9750;47;224;1;land;false;forest;5
9751;109;202;1;land;false;plains;5
9752;102;254;1;land;false;forest;5
9753;58;224;1;land;false;forest;5
9754;57;205;1;land;false;forest;5
9755;60;244;1;land;false;forest;5
9756;44;202;1;land;false;forest;5
9757;44;213;1;land;false;forest;5
9758;90;217;1;land;false;plains;5
9759;66;253;1;land;false;forest;5
9760;63;200;1;land;false;plains;5
9761;86;71;1;land;false;forest;5
9762;88;53;1;land;false;forest;5
9763;94;31;1;land;false;forest;5
9764;40;72;1;land;false;plains;5
9765;58;84;1;land;false;forest;5
9766;59;35;1;land;false;plains;5
9767;57;66;1;land;false;forest;5
9768;87;90;1;land;false;forest;5
9769;29;51;1;land;false;plains;5
9770;94;45;1;land;false;forest;5
9771;36;27;1;land;false;plains;5
9772;73;24;1;land;false;forest;5
9773;57;73;1;land;false;forest;5
9774;34;47;1;land;false;forest;5
9775;87;97;1;land;false;forest;5
9776;103;95;1;land;false;forest;5
9777;32;42;1;land;false;plains;5
9778;84;29;1;land;false;plains;5
9779;66;95;1;land;false;forest;5
9780;102;90;1;land;false;forest;5
9781;72;67;1;land;false;plains;5
9782;30;85;1;land;false;plains;5
9783;86;75;1;land;false;forest;5
9784;90;46;1;land;false;forest;5
9785;49;30;1;land;false;forest;5
9786;78;67;1;land;false;plains;5
9787;98;63;1;land;false;forest;5
9788;32;86;1;land;false;forest;5
9789;20;191;1;land;false;plains;5
9790;0;193;1;land;false;plains;5
9791;3;190;1;land;false;plains;5
9792;13;212;1;land;false;plains;5
9793;34;177;1;land;false;plains;5
9794;12;177;1;land;false;plains;5
9795;37;172;1;land;false;plains;5
9796;7;230;1;land;false;plains;5
9797;22;225;1;land;false;plains;5
9798;38;227;1;land;false;plains;5
9799;1;179;1;land;false;plains;5
9800;20;208;1;land;false;plains;5
9801;30;167;1;land;false;plains;5
9802;11;187;1;land;false;plains;5
9803;36;173;1;land;false;plains;5
9804;34;201;1;land;false;plains;5
9805;20;183;1;land;false;plains;5
9806;14;188;1;land;false;plains;5
9807;11;233;1;land;false;plains;5
9808;21;190;1;land;false;plains;5
9809;82;74;1;land;false;forest;5
9810;109;86;1;land;false;plains;5
9811;118;102;1;land;false;forest;5
9812;112;112;1;land;false;forest;5
9813;136;67;1;land;false;plains;5
9814;90;66;1;land;false;forest;5
9815;149;61;1;land;false;plains;5
9816;84;109;1;land;false;forest;5
9817;145;81;1;land;false;forest;5
9818;141;60;1;land;false;forest;5
9819;144;105;1;land;false;forest;5
9820;152;108;1;land;false;forest;5
9821;83;42;1;land;false;forest;5
9822;131;86;1;land;false;plains;5
9823;97;41;1;land;false;plains;5
9824;126;42;1;land;false;forest;5
9825;150;84;1;land;false;plains;5
9826;103;74;1;land;false;forest;5
9827;105;91;1;land;false;plains;5
9828;93;40;1;land;false;forest;5
9829;92;101;1;land;false;forest;5
9830;115;52;1;land;false;forest;5
9831;79;97;1;land;false;plains;5
9832;103;109;1;land;false;forest;5
9833;110;93;1;land;false;plains;5
9834;79;47;1;land;false;forest;5
9835;125;62;1;land;false;plains;5
9836;149;73;1;land;false;forest;5
9837;105;88;1;land;false;forest;5
9838;123;40;1;land;false;forest;5
9839;116;49;1;land;false;plains;5
9840;127;67;1;land;false;forest;5
9841;126;54;1;land;false;forest;5
9842;108;79;1;land;false;plains;5
9843;128;95;1;land;false;plains;5
9844;115;42;1;land;false;plains;5
9845;89;91;1;land;false;forest;5
9846;102;57;1;land;false;forest;5
9847;74;79;1;land;false;forest;5
9848;89;96;1;land;false;plains;5
9849;148;52;1;land;false;forest;5
9850;120;89;1;land;false;plains;5
9851;100;78;1;land;false;plains;5
9852;79;44;1;land;false;forest;5
9853;104;34;1;land;false;plains;5
9854;87;77;1;land;false;plains;5
9855;217;236;1;land;false;forest;5
9856;235;158;1;land;false;plains;5
9857;190;218;1;land;false;forest;5
9858;189;180;1;land;false;plains;5
9859;188;177;1;land;false;forest;5
9860;246;161;1;land;false;plains;5
9861;182;198;1;land;false;forest;5
9862;187;202;1;land;false;forest;5
9863;188;161;1;land;false;forest;5
9864;225;169;1;land;false;forest;5
9865;240;159;1;land;false;forest;5
9866;237;173;1;land;false;forest;5
9867;199;232;1;land;false;forest;5
9868;186;229;1;land;false;plains;5
9869;226;229;1;land;false;forest;5
9870;236;197;1;land;false;plains;5
9871;204;203;1;land;false;plains;5
9872;191;208;1;land;false;forest;5
9873;226;180;1;land;false;forest;5
9874;217;215;1;land;false;forest;5
9875;253;173;1;land;false;forest;5
9876;204;227;1;land;false;forest;5
9877;233;184;1;land;false;plains;5
9878;234;192;1;land;false;forest;5
9879;217;157;1;land;false;forest;5
9880;239;213;1;land;false;plains;5
9881;157;165;1;land;false;plains;5
9882;128;178;1;land;false;plains;5
9883;147;205;1;land;false;plains;5
9884;124;189;1;land;false;forest;5
9885;100;198;1;land;false;plains;5
9886;129;132;1;land;false;plains;5
9887;161;166;1;land;false;forest;5
9888;156;206;1;land;false;plains;5
9889;145;177;1;land;false;forest;5
9890;105;140;1;land;false;plains;5
9891;113;138;1;land;false;forest;5
9892;112;188;1;land;false;forest;5
9893;129;144;1;land;false;plains;5
9894;110;176;1;land;false;plains;5
9895;154;140;1;land;false;plains;5
9896;105;178;1;land;false;plains;5
9897;99;164;1;land;false;forest;5
9898;122;188;1;land;false;forest;5
9899;109;169;1;land;false;plains;5
9900;148;194;1;land;false;plains;5
9901;237;210;1;land;false;plains;5
9902;195;168;1;land;false;plains;5
9903;184;194;1;land;false;forest;5
9904;183;154;1;land;false;plains;5
9905;194;189;1;land;false;plains;5
9906;191;188;1;land;false;forest;5
9907;222;154;1;land;false;plains;5
9908;171;160;1;land;false;forest;5
9909;228;179;1;land;false;forest;5
9910;182;204;1;land;false;forest;5
9911;176;202;1;land;false;forest;5
9912;238;170;1;land;false;plains;5
9913;224;218;1;land;false;plains;5
9914;212;157;1;land;false;plains;5
9915;177;166;1;land;false;forest;5
9916;199;157;1;land;false;plains;5
9917;220;216;1;land;false;forest;5
9918;225;196;1;land;false;forest;5
9919;187;207;1;land;false;forest;5
9920;185;172;1;land;false;plains;5
9921;239;229;1;land;false;forest;5
9922;243;216;1;land;false;forest;5
9923;189;229;1;land;false;plains;5
9924;183;217;1;land;false;plains;5
9925;246;160;1;land;false;forest;5
9926;197;182;1;land;false;plains;5
9927;234;175;1;land;false;forest;5
9928;180;186;1;land;false;forest;5
9929;197;131;1;land;false;plains;5
9930;189;144;1;land;false;plains;5
9931;232;146;1;land;false;plains;5
9932;220;99;1;land;false;plains;5
9933;249;145;1;land;false;plains;5
9934;183;82;1;land;false;plains;5
9935;206;115;1;land;false;plains;5
9936;208;147;1;land;false;plains;5
9937;251;91;1;land;false;plains;5
9938;231;83;1;land;false;plains;5
9939;202;68;1;land;false;plains;5
9940;197;120;1;land;false;plains;5
9941;197;77;1;land;false;plains;5
9942;236;78;1;land;false;plains;5
9943;254;145;1;land;false;plains;5
9944;203;112;1;land;false;plains;5
9945;187;107;1;land;false;plains;5
9946;200;120;1;land;false;plains;5
9947;184;140;1;land;false;plains;5
9948;241;73;1;land;false;plains;5
9949;189;125;1;land;false;plains;5
9950;204;144;1;land;false;plains;5
9951;212;80;1;land;false;plains;5
9952;235;134;1;land;false;plains;5
9953;188;74;1;land;false;plains;5
9954;188;86;1;land;false;plains;5
9955;200;132;1;land;false;plains;5
9956;224;130;1;land;false;plains;5
9957;172;164;1;land;false;forest;5
9958;137;176;1;land;false;forest;5
9959;104;151;1;land;false;forest;5
9960;144;179;1;land;false;forest;5
9961;126;183;1;land;false;forest;5
9962;100;195;1;land;false;forest;5
9963;111;153;1;land;false;plains;5
9964;123;141;1;land;false;forest;5
9965;131;170;1;land;false;forest;5
9966;98;176;1;land;false;plains;5
9967;150;139;1;land;false;forest;5
9968;171;151;1;land;false;plains;5
9969;103;196;1;land;false;forest;5
9970;155;127;1;land;false;forest;5
9971;124;142;1;land;false;plains;5
9972;159;134;1;land;false;forest;5
9973;156;188;1;land;false;forest;5
9974;165;144;1;land;false;forest;5
9975;124;160;1;land;false;forest;5
9976;145;166;1;land;false;forest;5
9977;103;193;1;land;false;forest;5
9978;147;178;1;land;false;forest;5
9979;106;187;1;land;false;forest;5
9980;130;190;1;land;false;plains;5
9981;105;132;1;land;false;forest;5
9982;137;129;1;land;false;plains;5
9983;98;171;1;land;false;forest;5
9984;138;159;1;land;false;plains;5
9985;109;192;1;land;false;forest;5
9986;123;161;1;land;false;forest;5
9987;94;187;1;land;false;forest;5
9988;163;143;1;land;false;forest;5
9989;151;138;1;land;false;forest;5
9990;118;182;1;land;false;forest;5
9991;166;152;1;land;false;forest;5
9992;107;166;1;land;false;plains;5
9993;172;162;1;land;false;forest;5
9994;198;30;1;land;false;plains;5
9995;152;17;1;land;false;forest;5
9996;162;9;1;land;false;forest;5
9997;142;6;1;land;false;forest;5
9998;142;1;1;land;false;forest;5
9999;160;35;1;land;false;forest;5
10000;197;23;1;land;false;forest;5
10001;145;36;1;land;false;plains;5
10002;194;42;1;land;false;plains;5
10003;177;0;1;land;false;forest;5
10004;150;13;1;land;false;plains;5
10005;179;14;1;land;false;forest;5
10006;154;40;1;land;false;forest;5
10007;137;18;1;land;false;plains;5
10008;182;25;1;land;false;forest;5
10009;123;0;1;land;false;plains;5
10010;158;21;1;land;false;plains;5
10011;153;2;1;land;false;plains;5
10012;144;3;1;land;false;forest;5
10013;145;16;1;land;false;forest;5
10014;173;25;1;land;false;forest;5
10015;197;1;1;land;false;plains;5
10016;137;15;1;land;false;plains;5
10017;160;2;1;land;false;plains;5
10018;194;3;1;land;false;plains;5
10019;159;9;1;land;false;forest;5
10020;155;21;1;land;false;plains;5
10021;143;34;1;land;false;forest;5
10022;138;32;1;land;false;forest;5
10023;147;30;1;land;false;plains;5
10024;137;11;1;land;false;plains;5
10025;163;12;1;land;false;forest;5
10026;121;42;1;land;false;forest;5
10027;167;14;1;land;false;plains;5
10028;182;26;1;land;false;plains;5
10029;167;17;1;land;false;plains;5
10030;177;24;1;land;false;forest;5
10031;175;41;1;land;false;plains;5
10032;145;42;1;land;false;plains;5
10033;172;18;1;land;false;forest;5
10034;140;4;1;land;false;plains;5
10035;119;4;1;land;false;forest;5
10036;176;26;1;land;false;plains;5
10037;163;36;1;land;false;forest;5
10038;123;30;1;land;false;plains;5
10039;148;40;1;land;false;plains;5
10040;123;23;1;land;false;forest;5
10041;181;42;1;land;false;forest;5
10042;168;9;1;land;false;forest;5
10043;156;20;1;land;false;forest;5
10044;156;5;1;land;false;plains;5
10045;192;6;1;land;false;plains;5
10046;175;30;1;land;false;plains;5
10047;196;32;1;land;false;plains;5
10048;175;20;1;land;false;plains;5
10049;190;26;1;land;false;forest;5
10050;160;8;1;land;false;forest;5
10051;142;29;1;land;false;plains;5
10052;167;26;1;land;false;forest;5
10053;226;84;1;land;false;forest;5
10054;209;71;1;land;false;forest;5
10055;251;113;1;land;false;forest;5
10056;206;113;1;land;false;forest;5
10057;223;131;1;land;false;forest;5
10058;213;104;1;land;false;forest;5
10059;200;146;1;land;false;forest;5
10060;254;108;1;land;false;forest;5
10061;215;140;1;land;false;forest;5
10062;235;73;1;land;false;forest;5
10063;212;116;1;land;false;forest;5
10064;237;115;1;land;false;forest;5
10065;221;118;1;land;false;forest;5
10066;225;149;1;land;false;forest;5
10067;235;128;1;land;false;forest;5
10068;240;81;1;land;false;forest;5
10069;192;96;1;land;false;forest;5
10070;246;140;1;land;false;forest;5
10071;250;94;1;land;false;forest;5
10072;239;142;1;land;false;forest;5
10073;245;134;1;land;false;forest;5
10074;198;79;1;land;false;plains;5
10075;206;92;1;land;false;forest;5
10076;191;132;1;land;false;forest;5
10077;203;103;1;land;false;forest;5
10078;36;109;1;land;false;forest;5
10079;39;128;1;land;false;forest;5
10080;24;101;1;land;false;forest;5
10081;36;143;1;land;false;plains;5
10082;5;134;1;land;false;forest;5
10083;10;93;1;land;false;forest;5
10084;19;101;1;land;false;forest;5
10085;19;163;1;land;false;forest;5
10086;38;141;1;land;false;forest;5
10087;17;142;1;land;false;forest;5
10088;7;151;1;land;false;plains;5
10089;11;108;1;land;false;forest;5
10090;13;158;1;land;false;forest;5
10091;27;127;1;land;false;plains;5
10092;3;149;1;land;false;forest;5
10093;9;114;1;land;false;plains;5
10094;18;122;1;land;false;forest;5
10095;16;154;1;land;false;forest;5
10096;30;126;1;land;false;forest;5
10097;27;150;1;land;false;forest;5
10098;13;145;1;land;false;forest;5
10099;0;133;1;land;false;forest;5
10100;41;121;1;land;false;forest;5
10101;6;135;1;land;false;forest;5
10102;5;128;1;land;false;forest;5
10103;13;155;1;land;false;forest;5
10104;44;161;1;land;false;forest;5
10105;14;147;1;land;false;forest;5
10106;38;149;1;land;false;forest;5
10107;8;154;1;land;false;forest;5
10108;39;133;1;land;false;forest;5
10109;14;160;1;land;false;forest;5
10110;38;106;1;land;false;forest;5
10111;25;131;1;land;false;plains;5
10112;43;99;1;land;false;forest;5
10113;5;98;1;land;false;forest;5
10114;26;87;1;land;false;forest;5
10115;1;149;1;land;false;forest;5
10116;46;125;1;land;false;forest;5
10117;28;89;1;land;false;forest;5
10118;35;156;1;land;false;forest;5
10119;46;159;1;land;false;forest;5
10120;30;100;1;land;false;forest;5
10121;36;92;1;land;false;forest;5
10122;35;111;1;land;false;forest;5
10123;46;135;1;land;false;forest;5
10124;30;156;1;land;false;forest;5
10125;16;132;1;land;false;forest;5
10126;10;142;1;land;false;forest;5
10127;7;109;1;land;false;forest;5
10128;42;121;1;land;false;forest;5
10129;1;163;1;land;false;forest;5
10130;25;149;1;land;false;forest;5
10131;228;225;1;land;false;forest;5
10132;245;179;1;land;false;forest;5
10133;214;239;1;land;false;plains;5
10134;223;210;1;land;false;forest;5
10135;210;207;1;land;false;plains;5
10136;244;182;1;land;false;forest;5
10137;240;220;1;land;false;forest;5
10138;222;165;1;land;false;forest;5
10139;212;212;1;land;false;forest;5
10140;232;217;1;land;false;forest;5
10141;232;238;1;land;false;plains;5
10142;236;171;1;land;false;plains;5
10143;235;201;1;land;false;forest;5
10144;246;220;1;land;false;plains;5
10145;222;214;1;land;false;forest;5
10146;227;200;1;land;false;plains;5
10147;246;235;1;land;false;plains;5
10148;250;170;1;land;false;forest;5
10149;221;172;1;land;false;forest;5
10150;219;226;1;land;false;forest;5
10151;222;237;1;land;false;forest;5
10152;228;211;1;land;false;plains;5
10153;210;166;1;land;false;forest;5
10154;210;227;1;land;false;forest;5
10155;229;171;1;land;false;plains;5
10156;212;240;1;land;false;forest;5
10157;219;222;1;land;false;forest;5
10158;239;226;1;land;false;forest;5
10159;238;227;1;land;false;plains;5
10160;233;224;1;land;false;forest;5
10161;44;198;1;land;false;forest;5
10162;9;242;1;land;false;plains;5
10163;7;214;1;land;false;forest;5
10164;38;231;1;land;false;plains;5
10165;39;232;1;land;false;forest;5
10166;65;225;1;land;false;forest;5
10167;8;247;1;land;false;forest;5
10168;62;233;1;land;false;forest;5
10169;16;205;1;land;false;forest;5
10170;21;232;1;land;false;plains;5
10171;19;215;1;land;false;forest;5
10172;37;194;1;land;false;forest;5
10173;7;253;1;land;false;forest;5
10174;33;243;1;land;false;forest;5
10175;25;246;1;land;false;plains;5
10176;17;185;1;land;false;forest;5
10177;19;236;1;land;false;forest;5
10178;13;209;1;land;false;plains;5
10179;56;222;1;land;false;plains;5
10180;15;212;1;land;false;plains;5
10181;24;173;1;land;false;plains;5
10182;44;247;1;land;false;plains;5
10183;45;227;1;land;false;plains;5
10184;17;230;1;land;false;plains;5
10185;53;233;1;land;false;plains;5
10186;16;192;1;land;false;plains;5
10187;46;204;1;land;false;plains;5
10188;20;211;1;land;false;plains;5
10189;10;175;1;land;false;plains;5
10190;18;249;1;land;false;plains;5
10191;49;207;1;land;false;plains;5
10192;16;187;1;land;false;plains;5
10193;49;203;1;land;false;plains;5
10194;45;181;1;land;false;plains;5
10195;49;232;1;land;false;plains;5
10196;35;174;1;land;false;plains;5
10197;5;245;1;land;false;plains;5
10198;46;247;1;land;false;plains;5
10199;11;216;1;land;false;forest;5
10200;33;234;1;land;false;plains;5
10201;29;246;1;land;false;plains;5
10202;4;212;1;land;false;plains;5
10203;26;248;1;land;false;plains;5
10204;17;227;1;land;false;plains;5
10205;15;179;1;land;false;plains;5
10206;48;187;1;land;false;plains;5
10207;57;215;1;land;false;plains;5
10208;38;240;1;land;false;plains;5
10209;29;206;1;land;false;plains;5
10210;9;184;1;land;false;plains;5
10211;20;249;1;land;false;plains;5
10212;62;192;1;land;false;plains;5
10213;5;185;1;land;false;plains;5
10214;21;220;1;land;false;plains;5
10215;166;58;1;land;false;forest;5
10216;114;59;1;land;false;forest;5
10217;112;66;1;land;false;forest;5
10218;122;88;1;land;false;forest;5
10219;155;40;1;land;false;forest;5
10220;155;38;1;land;false;forest;5
10221;115;70;1;land;false;forest;5
10222;105;101;1;land;false;forest;5
10223;125;40;1;land;false;forest;5
10224;145;67;1;land;false;forest;5
10225;118;49;1;land;false;forest;5
10226;156;92;1;land;false;forest;5
10227;131;109;1;land;false;forest;5
10228;151;96;1;land;false;plains;5
10229;112;45;1;land;false;forest;5
10230;129;39;1;land;false;forest;5
10231;102;52;1;land;false;forest;5
10232;123;100;1;land;false;plains;5
10233;140;72;1;land;false;forest;5
10234;116;88;1;land;false;forest;5
10235;164;64;1;land;false;forest;5
10236;111;60;1;land;false;forest;5
10237;168;104;1;land;false;forest;5
10238;99;76;1;land;false;forest;5
10239;170;43;1;land;false;plains;5
10240;125;49;1;land;false;forest;5
10241;105;74;1;land;false;forest;5
10242;170;75;1;land;false;forest;5
10243;161;109;1;land;false;forest;5
10244;159;113;1;land;false;forest;5
10245;125;66;1;land;false;forest;5
10246;110;100;1;land;false;forest;5
10247;166;108;1;land;false;forest;5
10248;151;107;1;land;false;forest;5
10249;156;72;1;land;false;forest;5
10250;156;75;1;land;false;forest;5
10251;137;79;1;land;false;forest;5
10252;140;56;1;land;false;forest;5
10253;106;79;1;land;false;forest;5
10254;95;98;1;land;false;plains;5
10255;141;67;1;land;false;forest;5
10256;131;104;1;land;false;forest;5
10257;156;68;1;land;false;forest;5
10258;101;94;1;land;false;forest;5
10259;143;117;1;land;false;forest;5
10260;155;44;1;land;false;forest;5
10261;145;78;1;land;false;forest;5
10262;97;76;1;land;false;plains;5
10263;125;117;1;land;false;forest;5
10264;152;106;1;land;false;forest;5
10265;146;79;1;land;false;forest;5
10266;122;85;1;land;false;forest;5
10267;110;38;1;land;false;forest;5
10268;119;61;1;land;false;forest;5
10269;143;55;1;land;false;forest;5
10270;164;86;1;land;false;forest;5
10271;107;97;1;land;false;forest;5
10272;165;49;1;land;false;forest;5
10273;144;64;1;land;false;forest;5
10274;107;105;1;land;false;forest;5
10275;160;100;1;land;false;forest;5
10276;122;76;1;land;false;forest;5
10277;144;77;1;land;false;forest;5
10278;102;105;1;land;false;forest;5
10279;128;65;1;land;false;forest;5
10280;92;49;1;land;false;forest;5
10281;153;55;1;land;false;forest;5
10282;103;57;1;land;false;forest;5
10283;93;113;1;land;false;forest;5
10284;130;83;1;land;false;plains;5
10285;33;81;1;land;false;plains;5
10286;81;76;1;land;false;plains;5
10287;33;85;1;land;false;forest;5
10288;32;28;1;land;false;forest;5
10289;82;39;1;land;false;plains;5
10290;66;39;1;land;false;plains;5
10291;22;76;1;land;false;plains;5
10292;47;66;1;land;false;plains;5
10293;24;39;1;land;false;plains;5
10294;19;52;1;land;false;plains;5
10295;30;67;1;land;false;plains;5
10296;40;68;1;land;false;plains;5
10297;63;63;1;land;false;plains;5
10298;65;52;1;land;false;plains;5
10299;61;54;1;land;false;plains;5
10300;84;58;1;land;false;forest;5
10301;35;58;1;land;false;forest;5
10302;50;87;1;land;false;plains;5
10303;81;21;1;land;false;forest;5
10304;47;35;1;land;false;plains;5
10305;163;133;1;land;false;plains;5
10306;154;138;1;land;false;plains;5
10307;122;162;1;land;false;plains;5
10308;139;179;1;land;false;plains;5
10309;122;199;1;land;false;forest;5
10310;145;149;1;land;false;plains;5
10311;149;147;1;land;false;forest;5
10312;156;185;1;land;false;plains;5
10313;129;181;1;land;false;forest;5
10314;140;194;1;land;false;plains;5
10315;157;162;1;land;false;forest;5
10316;135;137;1;land;false;plains;5
10317;138;183;1;land;false;plains;5
10318;185;171;1;land;false;plains;5
10319;192;139;1;land;false;forest;5
10320;154;148;1;land;false;plains;5
10321;142;160;1;land;false;forest;5
10322;136;193;1;land;false;plains;5
10323;168;173;1;land;false;plains;5
10324;166;198;1;land;false;plains;5
10325;155;148;1;land;false;plains;5
10326;135;150;1;land;false;forest;5
10327;192;168;1;land;false;plains;5
10328;164;190;1;land;false;forest;5
10329;178;171;1;land;false;forest;5
10330;128;200;1;land;false;plains;5
10331;93;154;1;land;false;forest;5
10332;72;121;1;land;false;plains;5
10333;57;147;1;land;false;forest;5
10334;69;104;1;land;false;plains;5
10335;54;127;1;land;false;plains;5
10336;40;180;1;land;false;plains;5
10337;54;163;1;land;false;forest;5
10338;50;140;1;land;false;forest;5
10339;89;121;1;land;false;forest;5
10340;96;118;1;land;false;plains;5
10341;66;171;1;land;false;plains;5
10342;38;171;1;land;false;plains;5
10343;58;168;1;land;false;plains;5
10344;110;145;1;land;false;plains;5
10345;64;171;1;land;false;plains;5
10346;87;115;1;land;false;forest;5
10347;65;140;1;land;false;forest;5
10348;38;127;1;land;false;plains;5
10349;51;150;1;land;false;forest;5
10350;39;148;1;land;false;forest;5
10351;112;157;1;land;false;plains;5
10352;58;174;1;land;false;plains;5
10353;51;123;1;land;false;plains;5
10354;66;137;1;land;false;plains;5
10355;87;178;1;land;false;forest;5
10356;53;161;1;land;false;plains;5
10357;84;131;1;land;false;forest;5
10358;76;183;1;land;false;plains;5
10359;58;183;1;land;false;forest;5
10360;49;147;1;land;false;forest;5
10361;73;129;1;land;false;forest;5
10362;38;183;1;land;false;forest;5
10363;61;104;1;land;false;plains;5
10364;86;114;1;land;false;forest;5
10365;52;166;1;land;false;forest;5
10366;60;170;1;land;false;plains;5
10367;50;104;1;land;false;plains;5
10368;111;175;1;land;false;plains;5
10369;66;110;1;land;false;plains;5
10370;161;41;1;land;false;forest;5
10371;110;55;1;land;false;forest;5
10372;112;107;1;land;false;forest;5
10373;152;46;1;land;false;forest;5
10374;166;98;1;land;false;forest;5
10375;165;77;1;land;false;forest;5
10376;160;111;1;lake;false;lakes;5
10377;127;104;1;land;false;forest;5
10378;135;81;1;land;false;jungle;5
10379;170;56;1;land;false;forest;5
10380;158;119;1;land;false;forest;5
10381;157;104;1;land;false;forest;5
10382;126;78;1;land;false;forest;5
10383;128;111;1;land;false;forest;5
10384;120;92;1;land;false;forest;5
10385;123;88;1;land;false;forest;5
10386;132;83;1;land;false;forest;5
10387;154;74;1;land;false;plains;5
10388;102;98;1;land;false;jungle;5
10389;121;43;1;land;false;forest;5
10390;99;83;1;land;false;jungle;5
10391;162;113;1;land;false;forest;5
10392;159;117;1;land;false;forest;5
10393;173;89;1;land;false;forest;5
10394;146;95;1;land;false;forest;5
10395;121;93;1;land;false;forest;5
10396;154;105;1;land;false;forest;5
10397;145;97;1;land;false;forest;5
10398;129;63;1;land;false;plains;5
10399;154;56;1;lake;false;lakes;5
10400;122;48;1;land;false;forest;5
10401;132;77;1;land;false;forest;5
10402;111;55;1;land;false;forest;5
10403;175;101;1;land;false;forest;5
10404;108;120;1;land;false;forest;5
10405;174;115;1;land;false;forest;5
10406;0;59;1;land;false;plains;5
10407;30;73;1;land;false;plains;5
10408;47;38;1;land;false;plains;5
10409;13;37;1;land;false;plains;5
10410;17;79;1;land;false;plains;5
10411;18;65;1;land;false;plains;5
10412;45;7;1;land;false;plains;5
10413;4;26;1;land;false;plains;5
10414;48;74;1;land;false;plains;5
10415;13;32;1;land;false;plains;5
10416;23;15;1;land;false;plains;5
10417;26;32;1;land;false;plains;5
10418;24;31;1;land;false;plains;5
10419;23;9;1;land;false;plains;5
10420;30;15;1;land;false;plains;5
10421;10;19;1;land;false;plains;5
10422;34;77;1;land;false;plains;5
10423;22;79;1;land;false;plains;5
10424;54;13;1;land;false;plains;5
10425;21;55;1;land;false;plains;5
10426;43;75;1;land;false;plains;5
10427;11;6;1;land;false;plains;5
10428;18;18;1;land;false;plains;5
10429;38;16;1;land;false;plains;5
10430;38;5;1;land;false;plains;5
10431;31;3;1;land;false;plains;5
10432;6;25;1;land;false;plains;5
10433;15;40;1;land;false;plains;5
10434;43;9;1;land;false;plains;5
10435;0;56;1;land;false;plains;5
10436;12;64;1;land;false;plains;5
10437;4;69;1;land;false;plains;5
10438;18;49;1;land;false;plains;5
10439;1;75;1;land;false;plains;5
10440;52;77;1;land;false;plains;5
10441;30;23;1;land;false;plains;5
10442;9;23;1;land;false;plains;5
10443;1;15;1;land;false;plains;5
10444;36;31;1;land;false;plains;5
10445;27;71;1;land;false;plains;5
10446;5;20;1;land;false;plains;5
10447;8;62;1;land;false;plains;5
10448;56;72;1;land;false;forest;5
10449;63;43;1;land;false;forest;5
10450;30;70;1;land;false;plains;5
10451;21;16;1;land;false;plains;5
10452;33;27;1;land;false;forest;5
10453;62;13;1;land;false;forest;5
10454;38;71;1;land;false;forest;5
10455;63;53;1;land;false;forest;5
10456;33;66;1;land;false;forest;5
10457;63;75;1;land;false;forest;5
10458;35;31;1;land;false;forest;5
10459;87;73;1;land;false;forest;5
10460;18;41;1;land;false;plains;5
10461;60;88;1;land;false;forest;5
10462;86;67;1;land;false;forest;5
10463;76;79;1;land;false;forest;5
10464;62;86;1;land;false;plains;5
10465;48;48;1;land;false;forest;5
10466;20;38;1;land;false;forest;5
10467;86;37;1;land;false;plains;5
10468;70;36;1;land;false;forest;5
10469;42;15;1;land;false;forest;5
10470;53;68;1;land;false;forest;5
10471;36;72;1;land;false;forest;5
10472;39;82;1;land;false;forest;5
10473;57;42;1;land;false;plains;5
10474;34;71;1;land;false;forest;5
10475;94;18;1;land;false;forest;5
10476;84;85;1;land;false;plains;5
10477;32;31;1;land;false;forest;5
10478;94;25;1;land;false;plains;5
10479;22;87;1;land;false;forest;5
10480;44;53;1;land;false;plains;5
10481;15;33;1;land;false;forest;5
10482;54;55;1;land;false;plains;5
10483;44;47;1;land;false;forest;5
10484;79;55;1;land;false;plains;5
10485;185;25;1;land;false;forest;5
10486;206;29;1;land;false;plains;5
10487;149;46;1;land;false;forest;5
10488;219;48;1;land;false;plains;5
10489;177;9;1;land;false;plains;5
10490;223;33;1;land;false;plains;5
10491;195;46;1;land;false;plains;5
10492;223;35;1;land;false;plains;5
10493;201;22;1;land;false;forest;5
10494;216;43;1;land;false;plains;5
10495;171;23;1;land;false;plains;5
10496;219;51;1;land;false;plains;5
10497;214;4;1;land;false;forest;5
10498;148;12;1;land;false;forest;5
10499;152;36;1;land;false;plains;5
10500;170;8;1;land;false;forest;5
10501;197;15;1;land;false;forest;5
10502;206;34;1;land;false;plains;5
10503;149;41;1;land;false;plains;5
10504;207;51;1;land;false;forest;5
10505;206;38;1;land;false;plains;5
10506;173;23;1;land;false;forest;5
10507;177;33;1;land;false;forest;5
10508;198;13;1;land;false;forest;5
10509;210;13;1;land;false;plains;5
10510;34;123;1;land;false;forest;5
10511;55;142;1;land;false;forest;5
10512;19;93;1;land;false;plains;5
10513;35;103;1;land;false;forest;5
10514;42;159;1;land;false;forest;5
10515;60;137;1;land;false;forest;5
10516;23;101;1;land;false;plains;5
10517;50;115;1;land;false;forest;5
10518;51;124;1;land;false;plains;5
10519;39;111;1;land;false;forest;5
10520;12;160;1;land;false;forest;5
10521;32;131;1;land;false;forest;5
10522;49;102;1;land;false;forest;5
10523;26;151;1;land;false;plains;5
10524;40;134;1;land;false;forest;5
10525;0;134;1;land;false;forest;5
10526;2;90;1;land;false;plains;5
10527;24;116;1;land;false;forest;5
10528;37;124;1;land;false;plains;5
10529;21;117;1;land;false;forest;5
10530;39;99;1;land;false;forest;5
10531;136;214;1;land;false;plains;5
10532;123;246;1;land;false;forest;5
10533;155;233;1;land;false;forest;5
10534;132;246;1;land;false;forest;5
10535;102;237;1;land;false;forest;5
10536;157;243;1;land;false;forest;5
10537;158;217;1;land;false;plains;5
10538;150;227;1;land;false;forest;5
10539;160;214;1;land;false;forest;5
10540;95;220;1;land;false;forest;5
10541;139;249;1;land;false;forest;5
10542;125;225;1;land;false;forest;5
10543;147;239;1;land;false;forest;5
10544;115;222;1;land;false;plains;5
10545;152;221;1;land;false;forest;5
10546;133;233;1;land;false;forest;5
10547;114;236;1;land;false;forest;5
10548;165;253;1;land;false;forest;5
10549;126;250;1;land;false;forest;5
10550;148;209;1;land;false;plains;5
10551;146;240;1;land;false;forest;5
10552;154;226;1;land;false;forest;5
10553;160;218;1;land;false;plains;5
10554;154;221;1;land;false;plains;5
10555;128;242;1;land;false;forest;5
10556;111;230;1;land;false;plains;5
10557;119;251;1;land;false;forest;5
10558;167;226;1;land;false;forest;5
10559;171;223;1;land;false;forest;5
10560;164;222;1;land;false;forest;5
10561;109;234;1;land;false;forest;5
10562;173;223;1;land;false;plains;5
10563;170;218;1;land;false;forest;5
10564;122;229;1;land;false;plains;5
10565;124;227;1;land;false;plains;5
10566;133;234;1;land;false;plains;5
10567;103;253;1;land;false;forest;5
10568;131;234;1;land;false;forest;5
10569;132;252;1;land;false;plains;5
10570;146;237;1;land;false;forest;5
10571;153;230;1;land;false;forest;5
10572;117;247;1;land;false;forest;5
10573;170;234;1;land;false;forest;5
10574;159;230;1;land;false;forest;5
10575;109;251;1;land;false;plains;5
10576;163;230;1;land;false;plains;5
10577;153;224;1;land;false;forest;5
10578;109;211;1;land;false;plains;5
10579;99;221;1;land;false;forest;5
10580;137;228;1;land;false;forest;5
10581;228;103;1;land;false;plains;5
10582;244;150;1;land;false;plains;5
10583;221;82;1;land;false;plains;5
10584;209;142;1;land;false;forest;5
10585;235;85;1;land;false;forest;5
10586;254;130;1;land;false;plains;5
10587;241;98;1;land;false;forest;5
10588;228;139;1;land;false;plains;5
10589;238;145;1;land;false;plains;5
10590;238;108;1;land;false;plains;5
10591;228;75;1;land;false;plains;5
10592;249;127;1;land;false;plains;5
10593;236;125;1;land;false;plains;5
10594;246;135;1;land;false;plains;5
10595;253;82;1;land;false;forest;5
10596;251;114;1;land;false;plains;5
10597;248;133;1;land;false;plains;5
10598;224;91;1;land;false;plains;5
10599;216;79;1;land;false;forest;5
10600;220;135;1;land;false;plains;5
10601;245;138;1;land;false;plains;5
10602;244;94;1;land;false;plains;5
10603;241;130;1;land;false;plains;5
10604;208;123;1;land;false;plains;5
10605;237;119;1;land;false;plains;5
10606;229;153;1;land;false;plains;5
10607;252;150;1;land;false;plains;5
10608;245;120;1;land;false;forest;5
10609;226;101;1;land;false;plains;5
10610;240;99;1;land;false;plains;5
10611;204;129;1;land;false;forest;5
10612;211;94;1;land;false;plains;5
10613;109;198;1;land;false;plains;5
10614;112;211;1;land;false;forest;5
10615;61;239;1;land;false;forest;5
10616;78;227;1;land;false;forest;5
10617;124;198;1;land;false;forest;5
10618;76;220;1;land;false;forest;5
10619;86;218;1;land;false;forest;5
10620;57;250;1;land;false;plains;5
10621;112;218;1;land;false;forest;5
10622;111;226;1;land;false;forest;5
10623;102;226;1;land;false;forest;5
10624;111;218;1;land;false;plains;5
10625;89;196;1;land;false;plains;5
10626;67;220;1;land;false;forest;5
10627;87;207;1;land;false;forest;5
10628;119;224;1;land;false;forest;5
10629;132;215;1;land;false;forest;5
10630;66;217;1;land;false;forest;5
10631;87;202;1;land;false;forest;5
10632;89;226;1;land;false;forest;5
10633;60;206;1;land;false;forest;5
10634;75;216;1;land;false;plains;5
10635;76;237;1;land;false;forest;5
10636;127;232;1;land;false;plains;5
10637;54;241;1;land;false;forest;5
10638;53;248;1;land;false;forest;5
10639;93;212;1;land;false;plains;5
10640;128;215;1;land;false;plains;5
10641;127;113;1;land;false;forest;5
10642;147;35;1;land;false;plains;5
10643;93;58;1;land;false;plains;5
10644;156;94;1;land;false;plains;5
10645;80;87;1;land;false;plains;5
10646;126;58;1;land;false;plains;5
10647;81;112;1;land;false;plains;5
10648;131;91;1;land;false;plains;5
10649;131;49;1;land;false;plains;5
10650;92;95;1;land;false;plains;5
10651;87;112;1;land;false;plains;5
10652;127;44;1;land;false;plains;5
10653;106;68;1;land;false;plains;5
10654;125;36;1;land;false;plains;5
10655;92;39;1;land;false;plains;5
10656;94;50;1;land;false;plains;5
10657;96;38;1;land;false;plains;5
10658;111;81;1;land;false;plains;5
10659;132;49;1;land;false;plains;5
10660;105;36;1;land;false;plains;5
10661;97;79;1;land;false;plains;5
10662;59;45;1;land;false;plains;5
10663;89;50;1;land;false;forest;5
10664;64;69;1;land;false;plains;5
10665;73;63;1;land;false;forest;5
10666;58;52;1;land;false;forest;5
10667;62;65;1;land;false;forest;5
10668;108;25;1;land;false;plains;5
10669;94;98;1;land;false;forest;5
10670;104;35;1;land;false;forest;5
10671;98;79;1;land;false;forest;5
10672;72;82;1;land;false;forest;5
10673;58;83;1;land;false;forest;5
10674;108;83;1;land;false;jungle;5
10675;73;70;1;land;false;forest;5
10676;95;30;1;land;false;forest;5
10677;45;88;1;land;false;forest;5
10678;83;31;1;land;false;jungle;5
10679;112;73;1;land;false;forest;5
10680;73;80;1;land;false;forest;5
10681;108;76;1;land;false;jungle;5
10682;111;39;1;land;false;plains;5
10683;96;66;1;land;false;forest;5
10684;114;47;1;land;false;forest;5
10685;82;199;1;land;false;plains;5
10686;130;204;1;land;false;plains;5
10687;86;202;1;land;false;plains;5
10688;109;206;1;land;false;plains;5
10689;133;235;1;land;false;plains;5
10690;107;205;1;land;false;plains;5
10691;108;231;1;land;false;plains;5
10692;138;237;1;land;false;plains;5
10693;72;198;1;land;false;plains;5
10694;133;251;1;land;false;plains;5
10695;104;247;1;land;false;plains;5
10696;132;247;1;land;false;plains;5
10697;73;214;1;land;false;plains;5
10698;98;200;1;land;false;plains;5
10699;64;250;1;land;false;plains;5
10700;107;243;1;land;false;plains;5
10701;87;209;1;land;false;plains;5
10702;64;209;1;land;false;plains;5
10703;103;240;1;land;false;plains;5
10704;111;253;1;land;false;plains;5
10705;92;239;1;land;false;plains;5
10706;100;229;1;land;false;plains;5
10707;96;240;1;land;false;plains;5
10708;88;222;1;land;false;plains;5
10709;122;198;1;land;false;plains;5
10710;243;138;1;land;false;forest;5
10711;205;123;1;land;false;forest;5
10712;230;77;1;land;false;forest;5
10713;185;112;1;land;false;forest;5
10714;174;113;1;land;false;forest;5
10715;180;105;1;land;false;forest;5
10716;185;65;1;land;false;forest;5
10717;205;86;1;land;false;forest;5
10718;183;91;1;land;false;forest;5
10719;171;125;1;land;false;forest;5
10720;222;110;1;land;false;forest;5
10721;190;130;1;land;false;forest;5
10722;189;130;1;land;false;forest;5
10723;231;89;1;land;false;plains;5
10724;216;118;1;land;false;forest;5
10725;224;114;1;land;false;forest;5
10726;233;125;1;land;false;forest;5
10727;186;90;1;land;false;forest;5
10728;195;129;1;land;false;forest;5
10729;246;123;1;land;false;forest;5
10730;158;214;1;land;false;forest;5
10731;153;235;1;land;false;forest;5
10732;114;215;1;land;false;forest;5
10733;159;238;1;land;false;forest;5
10734;156;231;1;land;false;forest;5
10735;178;232;1;land;false;forest;5
10736;115;219;1;land;false;forest;5
10737;131;248;1;land;false;forest;5
10738;100;222;1;land;false;forest;5
10739;112;219;1;land;false;plains;5
10740;133;253;1;land;false;forest;5
10741;104;228;1;land;false;forest;5
10742;143;245;1;land;false;forest;5
10743;163;245;1;land;false;forest;5
10744;100;228;1;land;false;forest;5
10745;148;245;1;land;false;forest;5
10746;116;248;1;land;false;forest;5
10747;123;227;1;land;false;forest;5
10748;144;245;1;land;false;forest;5
10749;121;234;1;land;false;forest;5
10750;157;237;1;land;false;forest;5
10751;135;239;1;land;false;forest;5
10752;222;187;1;land;false;forest;5
10753;185;203;1;land;false;forest;5
10754;177;168;1;land;false;plains;5
10755;217;187;1;land;false;plains;5
10756;193;192;1;land;false;plains;5
10757;162;218;1;land;false;plains;5
10758;171;206;1;land;false;forest;5
10759;226;163;1;land;false;forest;5
10760;190;193;1;land;false;plains;5
10761;169;153;1;land;false;plains;5
10762;187;176;1;land;false;plains;5
10763;151;210;1;land;false;plains;5
10764;152;155;1;land;false;forest;5
10765;205;153;1;land;false;plains;5
10766;199;193;1;land;false;forest;5
10767;170;203;1;land;false;plains;5
10768;216;197;1;land;false;plains;5
10769;223;183;1;land;false;plains;5
10770;161;209;1;land;false;plains;5
10771;173;220;1;land;false;forest;5
10772;163;168;1;land;false;forest;5
10773;170;194;1;land;false;plains;5
10774;201;205;1;land;false;plains;5
10775;174;144;1;land;false;plains;5
10776;185;210;1;land;false;forest;5
10777;163;174;1;land;false;forest;5
10778;227;147;1;land;false;plains;5
10779;223;152;1;land;false;plains;5
10780;204;159;1;land;false;plains;5
10781;230;203;1;land;false;plains;5
10782;189;182;1;land;false;plains;5
10783;225;170;1;land;false;plains;5
10784;225;186;1;land;false;plains;5
10785;202;225;1;land;false;forest;5
10786;199;162;1;land;false;forest;5
10787;200;157;1;land;false;plains;5
10788;225;235;1;land;false;plains;5
10789;237;227;1;land;false;forest;5
10790;219;175;1;land;false;forest;5
10791;216;185;1;land;false;forest;5
10792;194;193;1;land;false;forest;5
10793;247;224;1;land;false;forest;5
10794;228;185;1;land;false;forest;5
10795;223;158;1;land;false;forest;5
10796;198;181;1;land;false;plains;5
10797;195;183;1;land;false;forest;5
10798;239;214;1;land;false;forest;5
10799;247;171;1;land;false;forest;5
10800;211;221;1;land;false;forest;5
10801;203;157;1;land;false;plains;5
10802;247;215;1;land;false;plains;5
10803;213;186;1;land;false;forest;5
10804;223;228;1;land;false;forest;5
10805;209;231;1;land;false;forest;5
10806;240;198;1;land;false;forest;5
10807;246;222;1;land;false;plains;5
10808;249;220;1;land;false;forest;5
10809;249;161;1;land;false;forest;5
10810;248;200;1;land;false;forest;5
10811;248;224;1;land;false;forest;5
10812;211;172;1;land;false;forest;5
10813;200;196;1;land;false;forest;5
10814;212;235;1;land;false;plains;5
10815;211;165;1;land;false;forest;5
10816;240;175;1;land;false;forest;5
10817;204;176;1;land;false;forest;5
10818;241;167;1;land;false;plains;5
10819;193;173;1;land;false;forest;5
10820;238;181;1;land;false;forest;5
10821;225;214;1;land;false;forest;5
10822;215;232;1;land;false;forest;5
10823;233;165;1;land;false;forest;5
10824;239;203;1;land;false;forest;5
10825;252;193;1;land;false;forest;5
10826;234;220;1;land;false;forest;5
10827;246;225;1;land;false;forest;5
10828;239;223;1;land;false;forest;5
10829;236;186;1;land;false;forest;5
10830;234;90;1;land;false;plains;5
10831;246;143;1;land;false;plains;5
10832;242;107;1;land;false;plains;5
10833;241;92;1;land;false;forest;5
10834;237;131;1;land;false;plains;5
10835;249;105;1;land;false;plains;5
10836;234;76;1;land;false;plains;5
10837;253;79;1;land;false;plains;5
10838;244;117;1;land;false;plains;5
10839;230;104;1;land;false;plains;5
10840;247;140;1;land;false;plains;5
10841;236;147;1;land;false;plains;5
10842;223;116;1;land;false;plains;5
10843;225;104;1;land;false;plains;5
10844;245;147;1;land;false;plains;5
10845;230;116;1;land;false;forest;5
10846;254;136;1;land;false;plains;5
10847;220;74;1;land;false;plains;5
10848;225;130;1;land;false;forest;5
10849;239;106;1;land;false;plains;5
10850;237;136;1;land;false;plains;5
10851;219;84;1;land;false;plains;5
10852;240;146;1;land;false;plains;5
10853;218;99;1;land;false;plains;5
10854;218;152;1;land;false;forest;5
10855;248;88;1;land;false;plains;5
10856;235;118;1;land;false;plains;5
10857;215;109;1;land;false;plains;5
10858;227;114;1;land;false;plains;5
10859;231;123;1;land;false;plains;5
10860;242;112;1;land;false;plains;5
10861;220;93;1;land;false;plains;5
10862;245;115;1;land;false;plains;5
10863;240;100;1;land;false;plains;5
10864;238;142;1;land;false;plains;5
10865;31;215;1;land;false;plains;5
10866;47;209;1;land;false;plains;5
10867;33;217;1;land;false;plains;5
10868;91;227;1;land;false;plains;5
10869;78;254;1;land;false;plains;5
10870;92;208;1;land;false;plains;5
10871;32;183;1;land;false;plains;5
10872;80;204;1;land;false;plains;5
10873;57;208;1;land;false;forest;5
10874;45;232;1;land;false;forest;5
10875;64;254;1;land;false;forest;5
10876;89;220;1;land;false;plains;5
10877;63;233;1;land;false;forest;5
10878;98;192;1;land;false;forest;5
10879;82;218;1;land;false;forest;5
10880;57;221;1;land;false;forest;5
10881;69;247;1;land;false;plains;5
10882;36;201;1;land;false;plains;5
10883;98;193;1;land;false;plains;5
10884;85;234;1;land;false;forest;5
10885;26;191;1;land;false;plains;5
10886;91;221;1;land;false;forest;5
10887;84;237;1;land;false;forest;5
10888;102;185;1;land;false;plains;5
10889;70;250;1;land;false;forest;5
10890;103;230;1;land;false;plains;5
10891;82;243;1;land;false;plains;5
10892;50;223;1;land;false;forest;5
10893;38;235;1;land;false;plains;5
10894;43;233;1;land;false;plains;5
10895;104;231;1;land;false;forest;5
10896;75;248;1;land;false;forest;5
10897;97;234;1;land;false;plains;5
10898;52;227;1;land;false;forest;5
10899;31;213;1;land;false;plains;5
10900;97;227;1;land;false;plains;5
10901;93;239;1;land;false;plains;5
10902;31;245;1;land;false;forest;5
10903;48;203;1;land;false;plains;5
10904;154;78;1;land;false;forest;5
10905;175;84;1;land;false;plains;5
10906;164;121;1;land;false;forest;5
10907;163;108;1;land;false;plains;5
10908;177;113;1;land;false;plains;5
10909;134;112;1;land;false;forest;5
10910;176;84;1;land;false;plains;5
10911;182;79;1;land;false;plains;5
10912;172;65;1;land;false;forest;5
10913;152;98;1;land;false;plains;5
10914;185;123;1;land;false;forest;5
10915;200;66;1;land;false;forest;5
10916;211;87;1;land;false;forest;5
10917;135;73;1;land;false;forest;5
10918;155;60;1;land;false;forest;5
10919;207;84;1;land;false;forest;5
10920;172;51;1;land;false;forest;5
10921;142;85;1;land;false;forest;5
10922;167;56;1;land;false;forest;5
10923;100;66;1;land;false;plains;5
10924;100;81;1;land;false;plains;5
10925;121;89;1;land;false;forest;5
10926;53;30;1;land;false;forest;5
10927;115;74;1;land;false;forest;5
10928;126;73;1;land;false;plains;5
10929;104;32;1;land;false;plains;5
10930;55;34;1;land;false;forest;5
10931;108;68;1;land;false;plains;5
10932;110;39;1;land;false;forest;5
10933;101;92;1;land;false;plains;5
10934;101;32;1;land;false;plains;5
10935;90;25;1;land;false;plains;5
10936;118;83;1;land;false;forest;5
10937;63;76;1;land;false;plains;5
10938;127;84;1;land;false;plains;5
10939;125;53;1;land;false;forest;5
10940;114;40;1;land;false;plains;5
10941;109;49;1;land;false;plains;5
10942;107;91;1;land;false;plains;5
10943;15;198;1;land;false;plains;5
10944;36;236;1;land;false;forest;5
10945;30;221;1;land;false;plains;5
10946;21;182;1;land;false;forest;5
10947;4;171;1;land;false;plains;5
10948;14;211;1;land;false;plains;5
10949;26;174;1;land;false;plains;5
10950;10;199;1;land;false;plains;5
10951;57;186;1;land;false;plains;5
10952;34;221;1;land;false;plains;5
10953;12;239;1;land;false;plains;5
10954;57;182;1;land;false;plains;5
10955;28;242;1;land;false;forest;5
10956;10;170;1;land;false;forest;5
10957;24;167;1;land;false;forest;5
10958;24;207;1;land;false;plains;5
10959;56;244;1;land;false;forest;5
10960;56;247;1;land;false;plains;5
10961;5;215;1;land;false;plains;5
10962;45;212;1;land;false;plains;5
10963;18;194;1;land;false;plains;5
10964;61;212;1;land;false;plains;5
10965;49;230;1;land;false;forest;5
10966;29;178;1;land;false;plains;5
10967;12;209;1;land;false;plains;5
10968;9;177;1;land;false;plains;5
10969;26;246;1;land;false;forest;5
10970;31;247;1;land;false;plains;5
10971;49;217;1;land;false;forest;5
10972;37;234;1;land;false;plains;5
10973;7;172;1;land;false;plains;5
10974;122;69;1;land;false;forest;5
10975;137;111;1;land;false;forest;5
10976;145;72;1;land;false;forest;5
10977;118;92;1;land;false;plains;5
10978;141;90;1;land;false;forest;5
10979;165;52;1;land;false;forest;5
10980;146;110;1;land;false;forest;5
10981;104;102;1;land;false;forest;5
10982;170;48;1;land;false;forest;5
10983;162;81;1;land;false;forest;5
10984;152;105;1;land;false;forest;5
10985;112;69;1;land;false;plains;5
10986;162;71;1;land;false;forest;5
10987;167;105;1;land;false;forest;5
10988;151;85;1;land;false;forest;5
10989;110;88;1;land;false;plains;5
10990;151;69;1;land;false;forest;5
10991;124;45;1;land;false;forest;5
10992;100;108;1;land;false;forest;5
10993;152;33;1;land;false;plains;5
10994;145;71;1;land;false;plains;5
10995;146;37;1;land;false;forest;5
10996;136;40;1;land;false;forest;5
10997;166;64;1;land;false;forest;5
10998;127;100;1;land;false;forest;5
10999;111;79;1;land;false;forest;5
11000;132;108;1;land;false;forest;5
11001;127;37;1;land;false;plains;5
11002;166;33;1;land;false;forest;5
11003;166;59;1;land;false;forest;5
11004;132;107;1;land;false;plains;5
11005;161;85;1;land;false;forest;5
11006;85;134;1;land;false;forest;5
11007;40;144;1;land;false;forest;5
11008;6;163;1;land;false;forest;5
11009;75;161;1;land;false;forest;5
11010;41;137;1;land;false;forest;5
11011;66;117;1;land;false;forest;5
11012;75;113;1;land;false;forest;5
11013;57;150;1;land;false;forest;5
11014;48;162;1;land;false;forest;5
11015;22;155;1;land;false;forest;5
11016;59;122;1;land;false;forest;5
11017;16;136;1;land;false;forest;5
11018;37;115;1;land;false;forest;5
11019;73;161;1;land;false;forest;5
11020;32;169;1;land;false;forest;5
11021;30;92;1;land;false;forest;5
11022;41;108;1;land;false;forest;5
11023;11;146;1;land;false;plains;5
11024;78;135;1;land;false;forest;5
11025;34;110;1;land;false;forest;5
11026;33;127;1;land;false;forest;5
11027;72;110;1;land;false;forest;5
11028;52;120;1;land;false;forest;5
11029;72;116;1;land;false;plains;5
11030;46;138;1;land;false;forest;5
11031;83;151;1;land;false;forest;5
11032;81;169;1;land;false;plains;5
11033;82;112;1;land;false;forest;5
11034;58;119;1;land;false;forest;5
11035;59;125;1;land;false;forest;5
11036;18;97;1;land;false;forest;5
11037;78;160;1;land;false;forest;5
11038;74;138;1;land;false;forest;5
11039;28;130;1;land;false;forest;5
11040;47;146;1;land;false;plains;5
11041;27;92;1;land;false;forest;5
11042;77;120;1;land;false;forest;5
11043;34;115;1;land;false;forest;5
11044;36;112;1;land;false;forest;5
11045;15;132;1;land;false;forest;5
11046;71;139;1;land;false;forest;5
11047;21;152;1;land;false;forest;5
11048;46;161;1;land;false;forest;5
11049;73;155;1;land;false;forest;5
11050;31;151;1;land;false;forest;5
11051;70;124;1;land;false;forest;5
11052;18;112;1;land;false;forest;5
11053;30;128;1;land;false;forest;5
11054;80;156;1;land;false;forest;5
11055;171;31;1;land;false;plains;5
11056;185;13;1;land;false;forest;5
11057;211;48;1;land;false;forest;5
11058;199;28;1;land;false;forest;5
11059;219;15;1;land;false;forest;5
11060;165;24;1;land;false;plains;5
11061;155;23;1;land;false;plains;5
11062;195;31;1;land;false;plains;5
11063;156;31;1;land;false;plains;5
11064;233;12;1;land;false;forest;5
11065;167;20;1;land;false;forest;5
11066;232;7;1;land;false;plains;5
11067;207;28;1;land;false;forest;5
11068;191;25;1;land;false;forest;5
11069;180;43;1;land;false;forest;5
11070;162;23;1;land;false;forest;5
11071;233;5;1;land;false;forest;5
11072;157;14;1;land;false;plains;5
11073;173;28;1;land;false;forest;5
11074;156;42;1;land;false;plains;5
11075;191;47;1;land;false;plains;5
11076;182;33;1;land;false;forest;5
11077;189;15;1;land;false;forest;5
11078;208;48;1;land;false;plains;5
11079;165;3;1;land;false;plains;5
11080;181;38;1;land;false;forest;5
11081;169;2;1;land;false;forest;5
11082;202;11;1;land;false;forest;5
11083;206;16;1;land;false;forest;5
11084;155;2;1;land;false;plains;5
11085;174;45;1;land;false;forest;5
11086;69;222;1;land;false;plains;5
11087;72;205;1;land;false;forest;5
11088;108;213;1;land;false;plains;5
11089;41;231;1;land;false;plains;5
11090;104;184;1;land;false;plains;5
11091;90;201;1;land;false;plains;5
11092;100;218;1;land;false;plains;5
11093;79;193;1;land;false;plains;5
11094;79;228;1;land;false;forest;5
11095;73;230;1;land;false;plains;5
11096;67;194;1;land;false;plains;5
11097;108;237;1;land;false;plains;5
11098;84;254;1;land;false;plains;5
11099;46;202;1;land;false;plains;5
11100;106;183;1;land;false;plains;5
11101;91;244;1;land;false;plains;5
11102;106;225;1;land;false;forest;5
11103;87;247;1;land;false;forest;5
11104;128;228;1;land;false;forest;5
11105;87;199;1;land;false;forest;5
11106;117;200;1;land;false;forest;5
11107;91;249;1;land;false;forest;5
11108;103;220;1;land;false;forest;5
11109;126;201;1;land;false;forest;5
11110;136;210;1;land;false;forest;5
11111;123;240;1;land;false;forest;5
11112;150;207;1;land;false;forest;5
11113;88;237;1;land;false;forest;5
11114;73;212;1;land;false;forest;5
11115;135;253;1;land;false;forest;5
11116;110;219;1;land;false;forest;5
11117;88;229;1;land;false;forest;5
11118;117;213;1;land;false;forest;5
11119;142;243;1;land;false;forest;5
11120;116;208;1;land;false;forest;5
11121;79;34;1;land;false;forest;5
11122;57;30;1;land;false;plains;5
11123;30;26;1;land;false;plains;5
11124;72;81;1;land;false;plains;5
11125;92;20;1;land;false;plains;5
11126;49;69;1;land;false;forest;5
11127;34;18;1;land;false;forest;5
11128;60;55;1;land;false;plains;5
11129;54;22;1;land;false;plains;5
11130;64;63;1;land;false;forest;5
11131;80;32;1;land;false;plains;5
11132;85;32;1;land;false;plains;5
11133;41;25;1;land;false;plains;5
11134;28;44;1;land;false;plains;5
11135;72;11;1;land;false;plains;5
11136;77;86;1;land;false;plains;5
11137;29;43;1;land;false;plains;5
11138;33;54;1;land;false;plains;5
11139;78;83;1;land;false;plains;5
11140;73;20;1;land;false;plains;5
11141;85;74;1;land;false;plains;5
11142;28;68;1;land;false;forest;5
11143;84;45;1;land;false;forest;5
11144;31;54;1;land;false;plains;5
11145;63;47;1;land;false;plains;5
11146;16;72;1;land;false;plains;5
11147;80;81;1;land;false;plains;5
11148;39;13;1;land;false;plains;5
11149;33;76;1;land;false;plains;5
11150;60;11;1;land;false;plains;5
11151;39;64;1;land;false;plains;5
11152;34;39;1;land;false;plains;5
11153;77;62;1;land;false;forest;5
11154;29;71;1;land;false;plains;5
11155;89;69;1;land;false;plains;5
11156;64;22;1;land;false;plains;5
11157;24;34;1;land;false;forest;5
11158;79;29;1;land;false;plains;5
11159;73;35;1;land;false;plains;5
11160;78;38;1;land;false;forest;5
11161;45;25;1;land;false;forest;5
11162;20;83;1;land;false;forest;5
11163;49;24;1;land;false;plains;5
11164;40;60;1;land;false;plains;5
11165;49;64;1;land;false;plains;5
11166;54;67;1;land;false;forest;5
11167;86;96;1;land;false;plains;5
11168;61;68;1;land;false;plains;5
11169;93;19;1;land;false;plains;5
11170;57;40;1;land;false;plains;5
11171;98;85;1;land;false;plains;5
11172;90;47;1;land;false;plains;5
11173;52;55;1;land;false;plains;5
11174;110;54;1;land;false;plains;5
11175;121;91;1;land;false;forest;5
11176;60;95;1;land;false;plains;5
11177;66;62;1;land;false;plains;5
11178;110;41;1;land;false;plains;5
11179;96;69;1;land;false;plains;5
11180;122;17;1;land;false;plains;5
11181;76;30;1;land;false;plains;5
11182;69;96;1;land;false;plains;5
11183;59;57;1;land;false;plains;5
11184;78;29;1;land;false;forest;5
11185;115;66;1;land;false;plains;5
11186;121;59;1;land;false;plains;5
11187;69;90;1;land;false;plains;5
11188;158;152;1;land;false;plains;5
11189;225;182;1;land;false;plains;5
11190;168;176;1;land;false;plains;5
11191;229;199;1;land;false;plains;5
11192;195;199;1;land;false;plains;5
11193;155;164;1;land;false;plains;5
11194;164;148;1;land;false;plains;5
11195;171;212;1;land;false;plains;5
11196;164;181;1;land;false;plains;5
11197;176;155;1;land;false;plains;5
11198;181;153;1;land;false;plains;5
11199;197;149;1;land;false;plains;5
11200;207;150;1;land;false;plains;5
11201;216;141;1;land;false;plains;5
11202;190;186;1;land;false;plains;5
11203;199;168;1;land;false;plains;5
11204;157;166;1;land;false;plains;5
11205;207;189;1;land;false;plains;5
11206;230;138;1;land;false;plains;5
11207;200;179;1;land;false;plains;5
11208;191;187;1;land;false;plains;5
11209;201;138;1;land;false;plains;5
11210;164;178;1;land;false;plains;5
11211;199;201;1;land;false;forest;5
11212;242;187;1;land;false;plains;5
11213;234;219;1;land;false;plains;5
11214;219;194;1;land;false;plains;5
11215;219;168;1;land;false;forest;5
11216;218;177;1;land;false;plains;5
11217;251;183;1;land;false;plains;5
11218;244;216;1;land;false;plains;5
11219;197;215;1;land;false;plains;5
11220;207;229;1;land;false;plains;5
11221;212;165;1;land;false;plains;5
11222;201;210;1;land;false;plains;5
11223;194;161;1;land;false;forest;5
11224;204;173;1;land;false;plains;5
11225;228;227;1;land;false;forest;5
11226;238;168;1;land;false;forest;5
11227;217;203;1;land;false;plains;5
11228;210;212;1;land;false;plains;5
11229;223;173;1;land;false;plains;5
11230;206;203;1;land;false;plains;5
11231;236;163;1;land;false;plains;5
11232;201;233;1;land;false;plains;5
11233;229;211;1;land;false;plains;5
11234;240;202;1;land;false;plains;5
11235;71;36;1;land;false;forest;5
11236;65;68;1;land;false;forest;5
11237;61;53;1;land;false;plains;5
11238;61;28;1;land;false;plains;5
11239;6;30;1;land;false;forest;5
11240;70;25;1;land;false;plains;5
11241;60;39;1;land;false;forest;5
11242;31;27;1;land;false;forest;5
11243;26;72;1;land;false;plains;5
11244;23;54;1;land;false;forest;5
11245;81;13;1;land;false;plains;5
11246;29;10;1;land;false;plains;5
11247;6;82;1;land;false;forest;5
11248;57;24;1;land;false;forest;5
11249;70;56;1;land;false;forest;5
11250;29;38;1;land;false;plains;5
11251;16;82;1;land;false;plains;5
11252;57;6;1;land;false;forest;5
11253;37;79;1;land;false;forest;5
11254;54;10;1;land;false;plains;5
11255;76;77;1;land;false;plains;5
11256;21;49;1;land;false;forest;5
11257;46;46;1;land;false;plains;5
11258;8;26;1;land;false;forest;5
11259;8;63;1;land;false;plains;5
11260;23;11;1;land;false;forest;5
11261;27;48;1;land;false;plains;5
11262;59;11;1;land;false;forest;5
11263;63;42;1;land;false;forest;5
11264;24;66;1;land;false;forest;5
11265;67;48;1;land;false;plains;5
11266;39;8;1;land;false;forest;5
11267;67;68;1;land;false;plains;5
11268;62;36;1;land;false;forest;5
11269;25;4;1;land;false;plains;5
11270;41;32;1;land;false;forest;5
11271;154;169;1;land;false;plains;5
11272;113;174;1;land;false;plains;5
11273;122;172;1;land;false;plains;5
11274;147;124;1;land;false;plains;5
11275;184;158;1;land;false;plains;5
11276;188;176;1;land;false;plains;5
11277;141;189;1;land;false;plains;5
11278;164;141;1;land;false;plains;5
11279;169;202;1;land;false;plains;5
11280;168;171;1;land;false;plains;5
11281;183;167;1;land;false;plains;5
11282;171;138;1;land;false;plains;5
11283;179;145;1;land;false;plains;5
11284;122;181;1;land;false;plains;5
11285;131;143;1;land;false;plains;5
11286;160;148;1;land;false;plains;5
11287;217;106;1;land;false;plains;5
11288;194;92;1;land;false;plains;5
11289;176;131;1;land;false;plains;5
11290;202;80;1;land;false;plains;5
11291;195;125;1;land;false;plains;5
11292;236;82;1;land;false;plains;5
11293;208;121;1;land;false;plains;5
11294;215;100;1;land;false;plains;5
11295;195;87;1;land;false;plains;5
11296;208;86;1;land;false;plains;5
11297;235;60;1;land;false;plains;5
11298;181;113;1;land;false;plains;5
11299;231;77;1;land;false;plains;5
11300;184;171;1;land;false;forest;5
11301;177;219;1;land;false;forest;5
11302;235;210;1;land;false;forest;5
11303;187;193;1;land;false;plains;5
11304;159;185;1;land;false;forest;5
11305;191;159;1;land;false;forest;5
11306;159;146;1;land;false;forest;5
11307;226;192;1;land;false;forest;5
11308;196;174;1;land;false;forest;5
11309;159;211;1;land;false;plains;5
11310;179;212;1;land;false;forest;5
11311;161;169;1;land;false;forest;5
11312;174;182;1;land;false;forest;5
11313;187;213;1;land;false;forest;5
11314;234;142;1;land;false;forest;5
11315;184;190;1;land;false;forest;5
11316;213;187;1;land;false;forest;5
11317;191;217;1;land;false;forest;5
11318;183;180;1;land;false;forest;5
11319;209;149;1;land;false;forest;5
11320;234;188;1;land;false;forest;5
11321;190;162;1;land;false;forest;5
11322;205;154;1;land;false;forest;5
11323;95;145;1;land;false;plains;5
11324;100;149;1;land;false;plains;5
11325;88;174;1;land;false;plains;5
11326;49;161;1;land;false;plains;5
11327;109;130;1;land;false;plains;5
11328;46;99;1;land;false;plains;5
11329;48;139;1;land;false;plains;5
11330;63;164;1;land;false;plains;5
11331;65;130;1;land;false;plains;5
11332;77;172;1;land;false;plains;5
11333;49;134;1;land;false;plains;5
11334;50;134;1;land;false;plains;5
11335;46;113;1;land;false;plains;5
11336;76;140;1;land;false;plains;5
11337;42;116;1;land;false;plains;5
11338;69;145;1;land;false;plains;5
11339;47;139;1;land;false;plains;5
11340;40;178;1;land;false;plains;5
11341;50;167;1;land;false;plains;5
11342;61;146;1;land;false;forest;5
11343;96;104;1;land;false;plains;6
11344;58;124;1;land;false;plains;5
11345;76;178;1;land;false;plains;5
11346;93;175;1;land;false;plains;5
11347;38;143;1;land;false;plains;5
11348;43;136;1;land;false;plains;5
11349;172;35;1;land;false;plains;5
11350;191;8;1;land;false;plains;5
11351;213;39;1;land;false;plains;5
11352;205;42;1;lake;false;lakes;5
11353;191;1;1;land;false;plains;5
11354;175;35;1;land;false;plains;5
11355;221;18;1;lake;false;lakes;5
11356;196;35;1;land;false;plains;5
11357;163;32;1;land;false;plains;5
11358;222;9;1;land;false;plains;5
11359;206;12;1;lake;false;lakes;5
11360;163;23;1;lake;false;lakes;5
11361;177;5;1;land;false;plains;5
11362;186;42;1;land;false;plains;5
11363;154;182;1;land;false;forest;5
11364;155;173;1;land;false;forest;5
11365;145;142;1;land;false;forest;5
11366;132;134;1;land;false;forest;5
11367;137;164;1;land;false;forest;5
11368;145;165;1;land;false;forest;5
11369;139;118;1;land;false;forest;5
11370;82;165;1;land;false;forest;5
11371;113;171;1;land;false;plains;5
11372;135;135;1;land;false;forest;5
11373;85;120;1;land;false;forest;5
11374;76;133;1;land;false;forest;5
11375;81;149;1;land;false;forest;5
11376;141;180;1;land;false;forest;5
11377;78;148;1;land;false;forest;5
11378;101;183;1;land;false;forest;5
11379;76;167;1;land;false;forest;5
11380;143;123;1;land;false;forest;5
11381;97;150;1;land;false;forest;5
11382;97;124;1;land;false;forest;5
11383;133;152;1;land;false;forest;5
11384;144;158;1;land;false;forest;5
11385;122;177;1;land;false;forest;5
11386;94;132;1;land;false;plains;5
11387;109;127;1;land;false;forest;5
11388;118;120;1;land;false;forest;5
11389;8;183;1;land;false;forest;5
11390;37;184;1;land;false;plains;5
11391;18;224;1;land;false;forest;5
11392;51;212;1;land;false;forest;5
11393;16;210;1;land;false;forest;5
11394;17;183;1;land;false;plains;5
11395;21;171;1;land;false;plains;5
11396;15;188;1;land;false;forest;5
11397;11;229;1;land;false;plains;5
11398;7;226;1;land;false;plains;5
11399;52;240;1;land;false;plains;5
11400;31;244;1;land;false;forest;5
11401;37;198;1;land;false;plains;5
11402;5;217;1;land;false;forest;5
11403;14;217;1;land;false;forest;5
11404;34;175;1;land;false;forest;5
11405;55;220;1;land;false;plains;5
11406;2;198;1;land;false;plains;5
11407;30;209;1;land;false;plains;5
11408;27;178;1;land;false;plains;5
11409;7;228;1;land;false;plains;5
11410;23;229;1;land;false;plains;5
11411;24;211;1;land;false;plains;5
11412;53;178;1;land;false;forest;5
11413;54;214;1;land;false;forest;5
11414;33;223;1;land;false;plains;5
11415;49;209;1;land;false;forest;5
11416;54;178;1;land;false;forest;5
11417;25;235;1;land;false;forest;5
11418;57;177;1;land;false;plains;5
11419;20;205;1;land;false;forest;5
11420;12;235;1;land;false;forest;5
11421;33;169;1;land;false;forest;5
11422;31;225;1;land;false;plains;5
11423;20;189;1;land;false;forest;5
11424;37;186;1;land;false;plains;5
11425;26;221;1;land;false;forest;5
11426;3;216;1;land;false;plains;5
11427;30;218;1;land;false;forest;5
11428;27;203;1;land;false;plains;5
11429;175;113;1;land;false;forest;5
11430;236;134;1;land;false;forest;5
11431;205;91;1;land;false;forest;5
11432;177;117;1;land;false;forest;5
11433;241;63;1;land;false;plains;5
11434;206;97;1;land;false;plains;5
11435;225;58;1;land;false;forest;5
11436;212;83;1;land;false;forest;5
11437;211;68;1;land;false;plains;5
11438;169;119;1;land;false;forest;5
11439;203;85;1;land;false;forest;5
11440;183;103;1;land;false;forest;5
11441;192;84;1;land;false;forest;5
11442;189;117;1;land;false;forest;5
11443;205;127;1;land;false;forest;5
11444;233;97;1;land;false;forest;5
11445;172;73;1;land;false;forest;5
11446;229;88;1;land;false;forest;5
11447;174;86;1;land;false;plains;5
11448;223;122;1;land;false;plains;5
11449;205;93;1;land;false;forest;5
11450;227;93;1;land;false;forest;5
11451;175;94;1;land;false;plains;5
11452;171;60;1;land;false;plains;5
11453;242;125;1;land;false;plains;5
11454;204;96;1;land;false;plains;5
11455;216;116;1;land;false;forest;5
11456;187;63;1;land;false;forest;5
11457;168;61;1;land;false;forest;5
11458;213;123;1;land;false;plains;5
11459;196;108;1;land;false;forest;5
11460;182;53;1;land;false;plains;5
11461;192;59;1;land;false;plains;5
11462;220;106;1;land;false;forest;5
11463;193;64;1;land;false;forest;5
11464;213;53;1;land;false;plains;5
11465;175;92;1;land;false;forest;5
11466;226;68;1;land;false;forest;5
11467;210;66;1;land;false;forest;5
11468;175;108;1;land;false;forest;5
11469;222;54;1;land;false;forest;5
11470;193;62;1;land;false;forest;5
11471;224;89;1;land;false;forest;5
11472;202;72;1;land;false;forest;5
11473;168;80;1;land;false;forest;5
11474;200;119;1;land;false;forest;5
11475;192;93;1;land;false;forest;5
11476;170;123;1;land;false;forest;5
11477;205;94;1;land;false;forest;5
11478;183;128;1;land;false;plains;5
11479;54;239;1;land;false;plains;5
11480;7;195;1;land;false;forest;5
11481;31;174;1;land;false;forest;5
11482;83;201;1;land;false;jungle;5
11483;54;184;1;land;false;jungle;5
11484;25;210;1;land;false;forest;5
11485;43;207;1;land;false;plains;5
11486;29;223;1;land;false;forest;5
11487;44;200;1;land;false;forest;5
11488;72;186;1;land;false;plains;5
11489;60;180;1;land;false;plains;5
11490;34;246;1;land;false;forest;5
11491;78;185;1;land;false;forest;5
11492;34;182;1;land;false;plains;5
11493;47;236;1;land;false;forest;5
11494;86;196;1;land;false;plains;5
11495;81;180;1;land;false;plains;5
11496;66;243;1;land;false;plains;5
11497;59;216;1;land;false;plains;5
11498;17;242;1;land;false;plains;5
11499;36;215;1;land;false;jungle;5
11500;17;225;1;land;false;forest;5
11501;44;246;1;land;false;jungle;5
11502;25;253;1;land;false;jungle;5
11503;51;194;1;land;false;plains;5
11504;95;199;1;land;false;forest;5
11505;80;245;1;land;false;plains;5
11506;82;246;1;land;false;plains;5
11507;122;226;1;land;false;plains;5
11508;58;208;1;land;false;plains;5
11509;80;251;1;land;false;plains;5
11510;64;217;1;land;false;plains;5
11511;61;201;1;land;false;plains;5
11512;100;205;1;land;false;plains;5
11513;122;204;1;land;false;plains;5
11514;97;224;1;land;false;plains;5
11515;121;205;1;land;false;plains;5
11516;51;223;1;land;false;plains;5
11517;85;190;1;land;false;plains;5
11518;86;234;1;land;false;plains;5
11519;108;221;1;land;false;plains;5
11520;62;224;1;land;false;plains;5
11521;54;235;1;land;false;plains;5
11522;94;252;1;land;false;plains;5
11523;119;254;1;land;false;plains;5
11524;49;205;1;land;false;plains;5
11525;63;201;1;land;false;plains;5
11526;111;247;1;land;false;plains;5
11527;105;211;1;land;false;plains;5
11528;76;195;1;land;false;plains;5
11529;65;198;1;land;false;plains;5
11530;67;232;1;land;false;plains;5
11531;127;195;1;land;false;plains;5
11532;125;220;1;land;false;plains;5
11533;72;209;1;land;false;plains;5
11534;88;199;1;land;false;plains;5
11535;115;198;1;land;false;plains;5
11536;118;205;1;land;false;plains;5
11537;102;188;1;land;false;plains;5
11538;123;196;1;land;false;plains;5
11539;68;202;1;land;false;plains;5
11540;81;254;1;land;false;plains;5
11541;70;234;1;land;false;plains;5
11542;89;223;1;land;false;plains;5
11543;98;244;1;land;false;plains;5
11544;122;211;1;land;false;forest;5
11545;115;254;1;land;false;plains;5
11546;108;209;1;land;false;plains;5
11547;56;206;1;land;false;plains;5
11548;80;234;1;land;false;plains;5
11549;125;242;1;land;false;plains;5
11550;63;213;1;land;false;plains;5
11551;80;252;1;land;false;forest;5
11552;53;202;1;land;false;plains;5
11553;90;245;1;land;false;plains;5
11554;72;252;1;land;false;plains;5
11555;79;248;1;land;false;plains;5
11556;86;225;1;land;false;plains;5
11557;82;200;1;land;false;plains;5
11558;70;205;1;land;false;plains;5
11559;71;198;1;land;false;plains;5
11560;87;228;1;land;false;forest;5
11561;102;230;1;land;false;plains;5
11562;48;221;1;land;false;plains;5
11563;56;215;1;land;false;plains;5
11564;242;205;1;land;false;plains;5
11565;194;211;1;land;false;plains;5
11566;196;168;1;land;false;forest;5
11567;197;226;1;land;false;plains;5
11568;235;197;1;land;false;forest;5
11569;251;205;1;land;false;forest;5
11570;211;191;1;land;false;plains;5
11571;236;167;1;land;false;forest;5
11572;195;175;1;land;false;plains;5
11573;185;214;1;land;false;plains;5
11574;248;176;1;land;false;plains;5
11575;232;155;1;land;false;plains;5
11576;223;180;1;land;false;forest;5
11577;213;215;1;land;false;plains;5
11578;236;208;1;land;false;plains;5
11579;245;153;1;land;false;forest;5
11580;250;212;1;land;false;plains;5
11581;226;173;1;land;false;plains;5
11582;186;153;1;land;false;plains;5
11583;139;58;1;land;false;forest;5
11584;180;51;1;land;false;forest;5
11585;181;78;1;land;false;forest;5
11586;175;90;1;land;false;forest;5
11587;146;119;1;land;false;forest;5
11588;164;48;1;land;false;forest;5
11589;149;77;1;land;false;forest;5
11590;132;81;1;land;false;forest;5
11591;141;87;1;land;false;forest;5
11592;146;117;1;land;false;plains;5
11593;175;83;1;land;false;plains;5
11594;135;91;1;land;false;forest;5
11595;174;94;1;land;false;forest;5
11596;118;44;1;land;false;forest;5
11597;137;80;1;land;false;plains;5
11598;192;76;1;land;false;forest;5
11599;124;118;1;land;false;forest;5
11600;134;98;1;land;false;forest;5
11601;153;89;1;land;false;forest;5
11602;153;52;1;land;false;forest;5
11603;141;58;1;land;false;forest;5
11604;172;84;1;land;false;forest;5
11605;115;91;1;land;false;forest;5
11606;138;80;1;land;false;plains;5
11607;187;73;1;land;false;plains;5
11608;158;61;1;land;false;forest;5
11609;42;216;1;land;false;plains;5
11610;50;208;1;land;false;plains;5
11611;28;234;1;land;false;plains;5
11612;31;201;1;land;false;plains;5
11613;43;239;1;land;false;plains;5
11614;27;226;1;land;false;plains;5
11615;19;231;1;land;false;plains;5
11616;12;193;1;land;false;plains;5
11617;20;239;1;land;false;plains;5
11618;51;196;1;land;false;plains;5
11619;11;174;1;land;false;plains;5
11620;17;206;1;land;false;plains;5
11621;36;191;1;land;false;plains;5
11622;4;189;1;land;false;plains;5
11623;26;164;1;land;false;plains;5
11624;50;219;1;land;false;plains;5
11625;0;194;1;land;false;plains;5
11626;49;173;1;land;false;plains;5
11627;3;242;1;land;false;plains;5
11628;12;236;1;land;false;plains;5
11629;51;198;1;land;false;plains;5
11630;26;234;1;land;false;plains;5
11631;47;173;1;land;false;plains;5
11632;14;230;1;land;false;plains;5
11633;48;215;1;land;false;plains;5
11634;41;219;1;land;false;plains;5
11635;35;173;1;land;false;plains;5
11636;0;181;1;land;false;plains;5
11637;83;118;1;land;false;plains;5
11638;80;171;1;land;false;plains;5
11639;117;131;1;land;false;plains;5
11640;113;170;1;land;false;forest;5
11641;80;133;1;land;false;plains;5
11642;73;141;1;land;false;plains;5
11643;112;179;1;land;false;forest;5
11644;117;178;1;land;false;forest;5
11645;98;179;1;land;false;plains;5
11646;91;103;1;land;false;forest;5
11647;94;105;1;land;false;plains;5
11648;54;110;1;land;false;plains;5
11649;97;171;1;land;false;plains;5
11650;96;175;1;land;false;forest;5
11651;102;138;1;land;false;forest;5
11652;99;139;1;land;false;forest;5
11653;118;173;1;land;false;plains;5
11654;173;20;1;land;false;plains;5
11655;164;19;1;land;false;forest;5
11656;235;48;1;land;false;forest;5
11657;208;5;1;land;false;forest;5
11658;218;20;1;land;false;plains;5
11659;195;21;1;land;false;plains;5
11660;238;2;1;land;false;plains;5
11661;174;43;1;land;false;plains;5
11662;162;8;1;land;false;forest;5
11663;212;17;1;land;false;forest;5
11664;194;9;1;land;false;forest;5
11665;221;35;1;land;false;plains;5
11666;194;25;1;land;false;forest;5
11667;216;33;1;land;false;plains;5
11668;169;30;1;land;false;forest;5
11669;208;33;1;land;false;forest;5
11670;238;10;1;land;false;forest;5
11671;184;22;1;land;false;forest;5
11672;168;13;1;land;false;plains;5
11673;161;28;1;land;false;plains;5
11674;204;40;1;land;false;forest;5
11675;239;37;1;land;false;forest;5
11676;219;13;1;land;false;forest;5
11677;212;23;1;land;false;forest;5
11678;162;22;1;land;false;forest;5
11679;228;22;1;land;false;forest;5
11680;170;15;1;land;false;forest;5
11681;234;10;1;land;false;plains;5
11682;216;29;1;land;false;plains;5
11683;210;41;1;land;false;forest;5
11684;221;22;1;land;false;forest;5
11685;227;145;1;land;false;plains;5
11686;228;187;1;land;false;plains;5
11687;237;170;1;land;false;plains;5
11688;217;176;1;land;false;plains;5
11689;245;215;1;land;false;plains;5
11690;182;202;1;land;false;plains;5
11691;231;180;1;land;false;plains;5
11692;213;165;1;land;false;plains;5
11693;197;205;1;land;false;plains;5
11694;196;156;1;land;false;plains;5
11695;227;164;1;land;false;plains;5
11696;248;186;1;land;false;plains;5
11697;220;168;1;land;false;plains;5
11698;215;163;1;land;false;plains;5
11699;195;159;1;land;false;plains;5
11700;190;188;1;land;false;plains;5
11701;235;195;1;land;false;plains;5
11702;246;182;1;land;false;plains;5
11703;247;161;1;land;false;plains;5
11704;226;176;1;land;false;plains;5
11705;231;190;1;land;false;plains;5
11706;229;173;1;land;false;plains;5
11707;223;194;1;land;false;plains;5
11708;231;161;1;land;false;plains;5
11709;166;249;1;land;false;plains;5
11710;192;229;1;land;false;plains;5
11711;197;237;1;land;false;plains;5
11712;190;241;1;land;false;plains;5
11713;130;223;1;land;false;plains;5
11714;183;213;1;land;false;plains;5
11715;199;216;1;land;false;plains;5
11716;137;239;1;land;false;plains;5
11717;135;223;1;land;false;plains;5
11718;162;229;1;land;false;plains;5
11719;161;224;1;land;false;plains;5
11720;124;241;1;land;false;plains;5
11721;176;234;1;land;false;plains;5
11722;188;252;1;land;false;plains;5
11723;200;154;1;land;false;plains;5
11724;234;171;1;land;false;plains;5
11725;215;159;1;land;false;forest;5
11726;198;171;1;land;false;forest;5
11727;207;168;1;land;false;plains;5
11728;178;194;1;land;false;forest;5
11729;200;189;1;land;false;plains;5
11730;211;180;1;land;false;forest;5
11731;175;192;1;land;false;plains;5
11732;244;173;1;land;false;forest;5
11733;182;179;1;land;false;plains;5
11734;130;97;1;land;false;plains;5
11735;94;26;1;land;false;plains;5
11736;129;83;1;land;false;plains;5
11737;97;61;1;land;false;plains;5
11738;69;37;1;land;false;plains;5
11739;71;87;1;land;false;plains;5
11740;113;78;1;land;false;plains;5
11741;82;30;1;land;false;plains;5
11742;139;79;1;land;false;plains;5
11743;103;29;1;land;false;plains;5
11744;68;71;1;land;false;plains;5
11745;107;55;1;land;false;plains;5
11746;120;83;1;land;false;plains;5
11747;137;84;1;land;false;plains;5
11748;118;87;1;land;false;plains;5
11749;96;53;1;land;false;plains;5
11750;133;60;1;land;false;plains;5
11751;6;120;1;land;false;forest;5
11752;2;132;1;land;false;plains;5
11753;18;129;1;land;false;forest;5
11754;9;127;1;land;false;plains;5
11755;21;155;1;land;false;plains;5
11756;32;123;1;land;false;plains;5
11757;1;125;1;land;false;forest;5
11758;8;156;1;land;false;forest;5
11759;46;106;1;land;false;forest;5
11760;15;131;1;land;false;forest;5
11761;20;154;1;land;false;forest;5
11762;29;176;1;land;false;forest;5
11763;9;136;1;land;false;forest;5
11764;9;121;1;land;false;forest;5
11765;11;101;1;land;false;forest;5
11766;18;173;1;land;false;forest;5
11767;6;143;1;land;false;plains;5
11768;35;110;1;land;false;forest;5
11769;35;101;1;land;false;plains;5
11770;17;151;1;land;false;plains;5
11771;35;153;1;land;false;plains;5
11772;15;127;1;land;false;forest;5
11773;41;159;1;land;false;plains;5
11774;45;108;1;land;false;forest;5
11775;22;159;1;land;false;plains;5
11776;26;154;1;land;false;plains;5
11777;8;158;1;land;false;forest;5
11778;15;111;1;land;false;forest;5
11779;10;106;1;land;false;forest;5
11780;21;138;1;land;false;forest;5
11781;28;98;1;land;false;forest;5
11782;43;34;1;land;false;plains;5
11783;59;30;1;land;false;plains;5
11784;15;11;1;land;false;forest;5
11785;33;22;1;land;false;forest;5
11786;75;75;1;land;false;plains;5
11787;58;25;1;land;false;forest;5
11788;20;8;1;land;false;plains;5
11789;66;69;1;land;false;plains;5
11790;48;12;1;land;false;forest;5
11791;74;39;1;land;false;plains;5
11792;18;14;1;land;false;plains;5
11793;64;15;1;land;false;plains;5
11794;37;7;1;land;false;forest;5
11795;69;47;1;land;false;forest;5
11796;21;0;1;land;false;plains;5
11797;10;65;1;land;false;plains;5
11798;76;69;1;land;false;forest;5
11799;24;62;1;land;false;plains;5
11800;38;48;1;land;false;forest;5
11801;55;2;1;land;false;plains;5
11802;63;10;1;land;false;plains;5
11803;61;19;1;land;false;forest;5
11804;77;47;1;land;false;plains;5
11805;27;43;1;land;false;plains;5
11806;36;39;1;land;false;plains;5
11807;36;46;1;land;false;plains;5
11808;243;114;1;land;false;forest;5
11809;237;121;1;land;false;plains;5
11810;234;104;1;land;false;forest;5
11811;234;87;1;land;false;forest;5
11812;219;162;1;land;false;forest;5
11813;231;119;1;land;false;plains;5
11814;237;106;1;land;false;forest;5
11815;189;98;1;land;false;plains;5
11816;221;131;1;land;false;forest;5
11817;207;89;1;land;false;forest;5
11818;206;109;1;land;false;forest;5
11819;230;136;1;land;false;forest;5
11820;244;145;1;land;false;forest;5
11821;205;155;1;land;false;forest;5
11822;198;85;1;land;false;forest;5
11823;212;160;1;land;false;forest;5
11824;187;100;1;land;false;forest;5
11825;248;123;1;land;false;forest;5
11826;198;90;1;land;false;plains;5
11827;192;98;1;land;false;forest;5
11828;205;88;1;land;false;forest;5
11829;187;88;1;land;false;plains;5
11830;194;155;1;land;false;plains;5
11831;187;96;1;land;false;forest;5
11832;84;209;1;land;false;plains;5
11833;63;211;1;land;false;forest;5
11834;51;227;1;land;false;forest;5
11835;108;205;1;land;false;forest;5
11836;77;209;1;land;false;forest;5
11837;59;197;1;land;false;plains;5
11838;74;224;1;land;false;forest;5
11839;110;203;1;land;false;plains;5
11840;121;200;1;land;false;forest;5
11841;80;210;1;land;false;forest;5
11842;90;234;1;land;false;plains;5
11843;56;200;1;land;false;plains;5
11844;142;198;1;land;false;forest;5
11845;158;254;1;land;false;forest;5
11846;151;212;1;land;false;forest;5
11847;166;234;1;land;false;forest;5
11848;148;233;1;land;false;forest;5
11849;105;230;1;land;false;forest;5
11850;110;253;1;land;false;forest;5
11851;94;219;1;land;false;jungle;5
11852;159;207;1;land;false;forest;5
11853;147;203;1;land;false;forest;5
11854;152;203;1;land;false;forest;5
11855;122;228;1;land;false;jungle;5
11856;153;198;1;land;false;forest;5
11857;118;219;1;land;false;forest;5
11858;123;229;1;land;false;forest;5
11859;103;246;1;land;false;plains;5
11860;117;248;1;land;false;forest;5
11861;139;245;1;land;false;forest;5
11862;129;251;1;land;false;forest;5
11863;95;233;1;land;false;forest;5
11864;126;245;1;land;false;forest;5
11865;143;220;1;land;false;forest;5
11866;154;201;1;land;false;forest;5
11867;26;92;1;land;false;plains;5
11868;44;39;1;land;false;plains;5
11869;56;45;1;land;false;plains;5
11870;23;51;1;land;false;forest;5
11871;13;20;1;land;false;plains;5
11872;28;66;1;land;false;plains;5
11873;2;35;1;land;false;forest;5
11874;14;66;1;land;false;forest;5
11875;1;27;1;land;false;forest;5
11876;23;70;1;land;false;plains;5
11877;15;34;1;land;false;forest;5
11878;1;23;1;land;false;plains;5
11879;53;61;1;land;false;plains;5
11880;53;24;1;land;false;forest;5
11881;1;28;1;land;false;plains;5
11882;30;21;1;land;false;forest;5
11883;11;70;1;land;false;plains;5
11884;19;65;1;land;false;forest;5
11885;38;27;1;land;false;forest;5
11886;38;80;1;land;false;forest;5
11887;20;84;1;land;false;plains;5
11888;23;82;1;land;false;forest;5
11889;11;51;1;land;false;forest;5
11890;12;29;1;land;false;forest;5
11891;56;42;1;land;false;plains;5
11892;23;40;1;land;false;forest;5
11893;46;76;1;land;false;forest;5
11894;9;45;1;land;false;forest;5
11895;49;43;1;land;false;plains;5
11896;39;32;1;land;false;forest;5
11897;58;54;1;land;false;plains;5
11898;36;89;1;land;false;forest;5
11899;8;73;1;land;false;plains;5
11900;103;21;1;land;false;plains;5
11901;114;27;1;land;false;plains;5
11902;146;18;1;land;false;plains;5
11903;90;24;1;land;false;plains;5
11904;104;16;1;land;false;plains;5
11905;123;29;1;land;false;plains;5
11906;122;4;1;land;false;plains;5
11907;128;25;1;land;false;plains;5
11908;147;26;1;land;false;plains;5
11909;96;32;1;land;false;forest;5
11910;153;34;1;land;false;plains;5
11911;104;39;1;land;false;plains;5
11912;117;31;1;land;false;plains;5
11913;139;41;1;land;false;plains;5
11914;88;11;1;land;false;plains;5
11915;135;1;1;land;false;plains;5
11916;125;46;1;land;false;plains;5
11917;127;24;1;land;false;forest;5
11918;149;26;1;land;false;plains;5
11919;106;0;1;land;false;plains;5
11920;158;44;1;land;false;plains;5
11921;89;25;1;land;false;plains;5
11922;119;5;1;land;false;plains;5
11923;148;37;1;land;false;plains;5
11924;146;36;1;land;false;plains;5
11925;95;23;1;land;false;plains;5
11926;200;48;1;land;false;forest;5
11927;179;58;1;land;false;plains;5
11928;141;70;1;land;false;forest;5
11929;136;77;1;land;false;forest;5
11930;138;71;1;land;false;forest;5
11931;159;80;1;land;false;forest;5
11932;153;70;1;land;false;forest;5
11933;197;80;1;land;false;forest;5
11934;182;56;1;land;false;forest;5
11935;199;95;1;land;false;plains;5
11936;168;62;1;land;false;plains;5
11937;173;208;1;land;false;forest;5
11938;178;187;1;land;false;forest;5
11939;193;188;1;land;false;plains;5
11940;142;181;1;land;false;plains;5
11941;179;168;1;land;false;forest;5
11942;143;195;1;land;false;forest;5
11943;171;219;1;land;false;plains;5
11944;208;179;1;land;false;forest;5
11945;183;165;1;land;false;forest;5
11946;170;213;1;land;false;forest;5
11947;138;227;1;land;false;plains;5
11948;208;192;1;land;false;plains;5
11949;160;164;1;land;false;plains;5
11950;142;156;1;land;false;forest;5
11951;171;216;1;land;false;plains;5
11952;175;227;1;land;false;plains;5
11953;207;198;1;land;false;plains;5
11954;141;208;1;land;false;plains;5
11955;187;212;1;land;false;plains;5
11956;205;174;1;land;false;plains;5
11957;167;177;1;land;false;plains;5
11958;195;201;1;land;false;plains;5
11959;206;214;1;land;false;plains;5
11960;141;216;1;land;false;plains;5
11961;172;171;1;land;false;forest;5
11962;142;217;1;land;false;plains;5
11963;152;154;1;land;false;plains;5
11964;138;232;1;land;false;plains;5
11965;184;153;1;land;false;plains;5
11966;155;232;1;land;false;plains;5
11967;153;161;1;land;false;plains;5
11968;167;205;1;land;false;plains;5
11969;204;177;1;land;false;plains;5
11970;210;176;1;land;false;plains;5
11971;202;152;1;land;false;plains;5
11972;191;176;1;land;false;forest;5
11973;156;214;1;land;false;forest;5
11974;133;191;1;land;false;forest;5
11975;144;177;1;land;false;forest;5
11976;138;217;1;land;false;forest;5
11977;171;154;1;land;false;forest;5
11978;203;189;1;land;false;forest;5
11979;186;165;1;land;false;plains;5
11980;154;159;1;land;false;plains;5
11981;201;228;1;land;false;plains;5
11982;156;184;1;land;false;plains;5
11983;171;157;1;land;false;forest;5
11984;195;228;1;land;false;plains;5
11985;152;207;1;land;false;plains;5
11986;148;196;1;land;false;forest;5
11987;249;213;1;land;false;plains;5
11988;175;189;1;land;false;plains;5
11989;225;174;1;land;false;forest;5
11990;185;241;1;land;false;plains;5
11991;189;173;1;land;false;plains;5
11992;175;222;1;land;false;forest;5
11993;180;188;1;land;false;plains;5
11994;223;208;1;land;false;plains;5
11995;231;211;1;land;false;forest;5
11996;193;225;1;land;false;plains;5
11997;245;238;1;land;false;plains;5
11998;195;210;1;land;false;plains;5
11999;188;167;1;land;false;plains;5
12000;223;174;1;land;false;plains;5
12001;207;175;1;land;false;forest;5
12002;229;227;1;land;false;plains;5
12003;240;247;1;land;false;plains;5
12004;246;212;1;land;false;plains;5
12005;232;185;1;land;false;plains;5
12006;185;244;1;land;false;plains;5
12007;188;179;1;land;false;plains;5
12008;231;242;1;land;false;plains;5
12009;206;225;1;land;false;plains;5
12010;212;166;1;land;false;forest;5
12011;194;233;1;land;false;plains;5
12012;227;185;1;land;false;forest;5
12013;89;185;1;land;false;plains;5
12014;58;130;1;land;false;plains;5
12015;115;152;1;land;false;forest;5
12016;79;135;1;land;false;plains;5
12017;84;133;1;land;false;plains;5
12018;111;174;1;land;false;plains;5
12019;76;139;1;land;false;plains;5
12020;130;175;1;land;false;forest;5
12021;130;157;1;land;false;forest;5
12022;98;187;1;land;false;plains;5
12023;53;135;1;land;false;forest;5
12024;51;133;1;land;false;forest;5
12025;51;129;1;land;false;plains;5
12026;120;194;1;land;false;plains;5
12027;118;186;1;land;false;plains;5
12028;98;198;1;land;false;forest;5
12029;60;162;1;land;false;forest;5
12030;116;139;1;land;false;plains;5
12031;88;135;1;land;false;plains;5
12032;96;188;1;land;false;forest;5
12033;129;169;1;land;false;forest;5
12034;148;164;1;land;false;forest;5
12035;115;199;1;land;false;forest;5
12036;152;161;1;land;false;forest;5
12037;157;170;1;land;false;plains;5
12038;118;138;1;land;false;plains;5
12039;157;145;1;land;false;forest;5
12040;141;146;1;land;false;forest;5
12041;105;137;1;land;false;forest;5
12042;130;207;1;land;false;forest;5
12043;150;168;1;land;false;forest;5
12044;104;205;1;land;false;forest;5
12045;88;167;1;land;false;forest;5
12046;92;184;1;land;false;forest;5
12047;109;195;1;land;false;forest;5
12048;15;36;1;land;false;forest;5
12049;11;53;1;land;false;forest;5
12050;26;34;1;land;false;forest;5
12051;32;30;1;land;false;forest;5
12052;40;40;1;land;false;forest;5
12053;39;30;1;land;false;forest;5
12054;32;54;1;land;false;forest;5
12055;57;5;1;land;false;plains;5
12056;43;56;1;land;false;forest;5
12057;53;56;1;land;false;forest;5
12058;16;39;1;land;false;forest;5
12059;44;67;1;land;false;forest;5
12060;57;23;1;land;false;forest;5
12061;62;22;1;land;false;forest;5
12062;48;42;1;land;false;forest;5
12063;21;52;1;land;false;forest;5
12064;2;45;1;land;false;plains;5
12065;66;38;1;land;false;forest;5
12066;3;64;1;land;false;forest;5
12067;17;70;1;land;false;forest;5
12068;20;40;1;land;false;forest;5
12069;62;20;1;land;false;forest;5
12070;50;65;1;land;false;forest;5
12071;31;52;1;land;false;forest;5
12072;27;59;1;land;false;forest;5
12073;6;20;1;land;false;forest;5
12074;57;16;1;land;false;forest;5
12075;21;13;1;land;false;forest;5
12076;60;60;1;land;false;plains;5
12077;80;10;1;land;false;plains;5
12078;52;4;1;land;false;plains;5
12079;39;21;1;land;false;forest;5
12080;47;84;1;land;false;plains;5
12081;80;42;1;land;false;plains;5
12082;99;85;1;land;false;plains;5
12083;101;48;1;land;false;plains;5
12084;84;76;1;land;false;plains;5
12085;57;11;1;land;false;plains;5
12086;97;9;1;land;false;plains;5
12087;61;76;1;land;false;plains;5
12088;54;157;1;land;false;forest;5
12089;71;162;1;land;false;forest;5
12090;48;122;1;land;false;forest;5
12091;110;179;1;land;false;forest;5
12092;106;173;1;land;false;forest;5
12093;90;120;1;land;false;forest;5
12094;54;194;1;land;false;forest;5
12095;78;127;1;land;false;forest;5
12096;57;171;1;land;false;forest;5
12097;48;137;1;land;false;forest;5
12098;75;158;1;land;false;forest;5
12099;39;192;1;land;false;forest;5
12100;41;195;1;land;false;forest;5
12101;106;155;1;land;false;forest;5
12102;85;157;1;land;false;forest;5
12103;83;123;1;land;false;forest;5
12104;108;126;1;land;false;forest;5
12105;59;189;1;land;false;forest;5
12106;88;149;1;land;false;forest;5
12107;44;194;1;land;false;forest;5
12108;53;192;1;land;false;forest;5
12109;99;152;1;land;false;forest;5
12110;92;197;1;land;false;forest;5
12111;60;161;1;land;false;forest;5
12112;92;194;1;land;false;forest;5
12113;66;174;1;land;false;forest;5
12114;84;130;1;land;false;forest;5
12115;58;135;1;land;false;forest;5
12116;76;147;1;land;false;forest;5
12117;215;131;1;land;false;plains;5
12118;242;103;1;land;false;plains;5
12119;215;142;1;land;false;plains;5
12120;240;128;1;land;false;plains;5
12121;239;100;1;land;false;plains;5
12122;232;162;1;land;false;plains;5
12123;244;131;1;land;false;plains;5
12124;240;131;1;land;false;plains;5
12125;236;101;1;land;false;plains;5
12126;254;138;1;land;false;plains;5
12127;213;101;1;land;false;plains;5
12128;229;141;1;land;false;plains;5
12129;229;96;1;land;false;plains;5
12130;224;143;1;land;false;plains;5
12131;250;101;1;land;false;plains;5
12132;97;241;1;land;false;plains;5
12133;112;210;1;land;false;forest;5
12134;83;252;1;land;false;forest;5
12135;98;251;1;land;false;forest;5
12136;99;237;1;land;false;forest;5
12137;143;217;1;land;false;plains;5
12138;113;211;1;land;false;forest;5
12139;89;252;1;land;false;forest;5
12140;134;227;1;land;false;forest;5
12141;142;220;1;land;false;plains;5
12142;124;197;1;land;false;plains;5
12143;94;222;1;land;false;forest;5
12144;89;204;1;land;false;forest;5
12145;117;244;1;land;false;forest;5
12146;93;246;1;land;false;plains;5
12147;123;231;1;land;false;plains;5
12148;105;223;1;land;false;forest;5
12149;155;226;1;land;false;forest;5
12150;106;244;1;land;false;forest;5
12151;107;207;1;land;false;plains;5
12152;125;209;1;land;false;forest;5
12153;89;233;1;land;false;plains;5
12154;154;253;1;land;false;forest;5
12155;110;224;1;land;false;plains;5
12156;130;235;1;land;false;forest;5
12157;152;229;1;land;false;forest;5
12158;144;205;1;land;false;plains;5
12159;128;222;1;land;false;plains;5
12160;140;207;1;land;false;forest;5
12161;94;227;1;land;false;forest;5
12162;118;197;1;land;false;forest;5
12163;131;196;1;land;false;forest;5
12164;98;238;1;land;false;forest;5
12165;104;215;1;land;false;forest;5
12166;119;233;1;land;false;plains;5
12167;101;52;1;land;false;forest;5
12168;102;54;1;land;false;forest;5
12169;144;110;1;land;false;forest;5
12170;102;92;1;land;false;forest;5
12171;130;126;1;land;false;forest;5
12172;159;132;1;land;false;forest;5
12173;121;108;1;land;false;forest;5
12174;112;54;1;land;false;forest;5
12175;158;58;1;land;false;forest;5
12176;151;131;1;land;false;plains;5
12177;112;78;1;land;false;forest;5
12178;151;116;1;land;false;forest;5
12179;144;86;1;land;false;plains;5
12180;169;107;1;land;false;forest;5
12181;163;104;1;land;false;forest;5
12182;124;78;1;land;false;forest;5
12183;155;106;1;land;false;forest;5
12184;153;195;1;land;false;forest;5
12185;208;206;1;land;false;plains;5
12186;181;178;1;land;false;forest;5
12187;208;137;1;land;false;forest;5
12188;218;179;1;land;false;forest;5
12189;196;148;1;land;false;forest;5
12190;156;202;1;land;false;forest;5
12191;154;189;1;land;false;forest;5
12192;160;160;1;land;false;forest;5
12193;156;175;1;land;false;forest;5
12194;211;28;1;land;false;forest;5
12195;229;51;1;land;false;forest;5
12196;171;18;1;land;false;forest;5
12197;176;12;1;land;false;forest;5
12198;159;14;1;land;false;plains;5
12199;165;9;1;land;false;forest;5
12200;213;57;1;land;false;forest;5
12201;178;36;1;land;false;forest;5
12202;188;62;1;land;false;forest;5
12203;162;45;1;land;false;forest;5
12204;168;34;1;land;false;forest;5
12205;190;28;1;land;false;plains;5
12206;157;35;1;land;false;forest;5
12207;155;47;1;land;false;forest;5
12208;205;15;1;land;false;forest;5
12209;156;62;1;land;false;plains;5
12210;209;62;1;land;false;forest;5
12211;100;146;1;land;false;forest;5
12212;161;122;1;land;false;forest;5
12213;125;177;1;land;false;forest;5
12214;150;135;1;land;false;forest;5
12215;104;127;1;land;false;forest;5
12216;167;168;1;land;false;forest;5
12217;111;176;1;land;false;forest;5
12218;166;179;1;land;false;forest;5
12219;159;184;1;land;false;forest;5
12220;143;159;1;land;false;forest;5
12221;125;183;1;land;false;forest;5
12222;163;160;1;land;false;forest;5
12223;124;116;1;land;false;forest;5
12224;116;132;1;land;false;forest;5
12225;111;157;1;land;false;forest;5
12226;132;133;1;land;false;forest;5
12227;141;194;1;land;false;forest;5
12228;104;188;1;land;false;forest;5
12229;131;172;1;land;false;forest;5
12230;107;144;1;land;false;forest;5
12231;25;218;1;land;false;forest;5
12232;9;215;1;land;false;plains;5
12233;30;207;1;land;false;plains;5
12234;9;211;1;land;false;forest;5
12235;31;207;1;land;false;forest;5
12236;3;219;1;land;false;forest;5
12237;65;254;1;land;false;forest;5
12238;31;190;1;land;false;forest;5
12239;28;249;1;land;false;forest;5
12240;0;232;1;land;false;forest;5
12241;55;254;1;land;false;forest;5
12242;42;236;1;land;false;plains;5
12243;30;194;1;land;false;forest;5
12244;22;193;1;land;false;forest;5
12245;15;190;1;land;false;forest;5
12246;14;248;1;land;false;forest;5
12247;24;219;1;land;false;forest;5
12248;41;239;1;land;false;forest;5
12249;25;223;1;land;false;forest;5
12250;10;225;1;land;false;forest;5
12251;59;250;1;land;false;forest;5
12252;53;254;1;land;false;forest;5
12253;54;240;1;land;false;forest;5
12254;39;217;1;land;false;forest;5
12255;67;247;1;land;false;plains;5
12256;66;244;1;land;false;forest;5
12257;41;253;1;land;false;plains;5
12258;52;200;1;land;false;forest;5
12259;12;240;1;land;false;forest;5
12260;7;213;1;land;false;forest;5
12261;3;208;1;land;false;forest;5
12262;34;212;1;land;false;plains;5
12263;2;199;1;land;false;forest;5
12264;2;236;1;land;false;forest;5
12265;55;235;1;land;false;plains;5
12266;84;125;1;land;false;plains;5
12267;69;89;1;land;false;forest;5
12268;25;105;1;land;false;forest;5
12269;95;166;1;land;false;forest;5
12270;32;153;1;land;false;plains;5
12271;25;99;1;land;false;plains;5
12272;65;146;1;land;false;plains;5
12273;21;145;1;land;false;forest;5
12274;26;108;1;land;false;plains;5
12275;53;166;1;land;false;plains;5
12276;31;143;1;land;false;forest;5
12277;65;159;1;land;false;plains;5
12278;89;125;1;land;false;plains;5
12279;32;101;1;land;false;forest;5
12280;78;93;1;land;false;plains;5
12281;65;128;1;land;false;forest;5
12282;22;132;1;land;false;plains;5
12283;78;124;1;land;false;forest;5
12284;72;117;1;land;false;forest;5
12285;94;106;1;land;false;forest;5
12286;36;94;1;land;false;plains;5
12287;54;139;1;land;false;forest;5
12288;37;150;1;land;false;plains;5
12289;42;115;1;land;false;plains;5
12290;33;139;1;land;false;plains;5
12291;54;129;1;land;false;forest;5
12292;54;126;1;land;false;plains;5
12293;76;138;1;land;false;forest;5
12294;18;138;1;land;false;forest;5
12295;72;163;1;land;false;plains;5
12296;74;116;1;land;false;plains;5
12297;56;150;1;land;false;forest;5
12298;85;133;1;land;false;plains;5
12299;75;98;1;land;false;plains;5
12300;22;107;1;land;false;forest;5
12301;95;156;1;land;false;forest;5
12302;60;128;1;land;false;forest;5
12303;59;141;1;land;false;plains;5
12304;27;140;1;land;false;plains;5
12305;23;103;1;land;false;plains;5
12306;89;122;1;land;false;forest;5
12307;76;128;1;land;false;forest;5
12308;73;121;1;land;false;plains;5
12309;66;248;1;land;false;forest;5
12310;52;243;1;land;false;forest;5
12311;51;253;1;land;false;forest;5
12312;38;203;1;land;false;plains;5
12313;54;221;1;land;false;plains;5
12314;75;212;1;land;false;plains;5
12315;72;241;1;land;false;plains;5
12316;90;222;1;land;false;forest;5
12317;67;208;1;land;false;forest;5
12318;60;254;1;land;false;forest;5
12319;71;236;1;land;false;forest;5
12320;107;252;1;land;false;forest;5
12321;95;217;1;land;false;forest;5
12322;107;214;1;land;false;forest;5
12323;103;247;1;land;false;plains;5
12324;72;227;1;land;false;plains;5
12325;49;208;1;land;false;plains;5
12326;70;251;1;land;false;forest;5
12327;107;253;1;land;false;plains;5
12328;58;217;1;land;false;forest;5
12329;104;245;1;land;false;forest;5
12330;71;208;1;land;false;forest;5
12331;61;245;1;land;false;plains;5
12332;216;77;1;land;false;plains;5
12333;219;102;1;land;false;plains;5
12334;246;131;1;land;false;forest;5
12335;210;79;1;land;false;plains;5
12336;201;73;1;land;false;plains;5
12337;243;62;1;land;false;forest;5
12338;254;78;1;land;false;forest;5
12339;239;136;1;land;false;plains;5
12340;216;72;1;land;false;plains;5
12341;194;120;1;land;false;plains;5
12342;213;80;1;land;false;plains;5
12343;237;134;1;land;false;forest;5
12344;212;136;1;land;false;plains;5
12345;225;131;1;land;false;forest;5
12346;250;75;1;land;false;plains;5
12347;225;136;1;land;false;plains;5
12348;206;121;1;land;false;plains;5
12349;244;106;1;land;false;plains;5
12350;234;230;1;land;false;forest;5
12351;229;195;1;land;false;forest;5
12352;208;236;1;land;false;forest;5
12353;240;191;1;land;false;forest;5
12354;239;182;1;land;false;forest;5
12355;245;209;1;land;false;forest;5
12356;219;246;1;land;false;forest;5
12357;214;248;1;land;false;forest;5
12358;236;194;1;land;false;forest;5
12359;217;239;1;land;false;forest;5
12360;237;176;1;land;false;forest;5
12361;231;87;1;land;false;plains;5
12362;202;118;1;land;false;plains;5
12363;229;105;1;land;false;plains;5
12364;206;101;1;land;false;plains;5
12365;237;83;1;land;false;plains;5
12366;238;78;1;land;false;plains;5
12367;201;107;1;land;false;plains;5
12368;238;123;1;land;false;plains;5
12369;182;125;1;land;false;plains;5
12370;230;79;1;land;false;plains;5
12371;180;122;1;land;false;plains;5
12372;203;101;1;land;false;plains;5
12373;191;112;1;land;false;plains;5
12374;205;118;1;land;false;plains;5
12375;208;126;1;land;false;forest;5
12376;208;55;1;land;false;plains;5
12377;222;66;1;land;false;plains;5
12378;244;77;1;land;false;plains;5
12379;222;105;1;land;false;plains;5
12380;236;62;1;land;false;plains;5
12381;211;98;1;land;false;plains;5
12382;237;104;1;land;false;plains;5
12383;197;83;1;land;false;plains;5
12384;191;77;1;land;false;plains;5
12385;217;134;1;land;false;plains;5
12386;189;128;1;land;false;plains;5
12387;228;63;1;land;false;plains;5
12388;230;99;1;land;false;plains;5
12389;253;111;1;land;false;plains;5
12390;249;120;1;land;false;plains;5
12391;235;61;1;land;false;plains;5
12392;180;120;1;land;false;plains;5
12393;246;80;1;land;false;plains;5
12394;242;108;1;land;false;plains;5
12395;216;128;1;land;false;plains;5
12396;254;61;1;land;false;plains;5
12397;242;68;1;land;false;plains;5
12398;232;98;1;land;false;plains;5
12399;228;71;1;land;false;plains;5
12400;200;131;1;land;false;plains;5
12401;193;78;1;land;false;plains;5
12402;241;129;1;land;false;plains;5
12403;209;89;1;land;false;plains;5
12404;233;127;1;land;false;plains;5
12405;244;68;1;land;false;plains;5
12406;224;103;1;land;false;plains;5
12407;248;134;1;land;false;plains;5
12408;205;108;1;land;false;plains;5
12409;181;76;1;land;false;plains;5
12410;253;116;1;land;false;plains;5
12411;233;83;1;land;false;plains;5
12412;198;128;1;land;false;plains;5
12413;182;67;1;land;false;plains;5
12414;170;118;1;land;false;forest;5
12415;189;107;1;land;false;jungle;5
12416;157;96;1;land;false;jungle;5
12417;204;60;1;land;false;forest;5
12418;179;68;1;land;false;forest;5
12419;189;104;1;land;false;plains;5
12420;149;56;1;land;false;plains;5
12421;216;54;1;land;false;jungle;5
12422;147;62;1;land;false;forest;5
12423;160;44;1;land;false;jungle;5
12424;198;69;1;land;false;jungle;5
12425;212;67;1;land;false;jungle;5
12426;143;51;1;land;false;jungle;5
12427;206;83;1;land;false;plains;5
12428;167;79;1;land;false;forest;5
12429;211;61;1;land;false;jungle;5
12430;141;65;1;land;false;forest;5
12431;143;100;1;land;false;jungle;5
12432;177;62;1;land;false;forest;5
12433;192;70;1;land;false;forest;5
12434;174;63;1;land;false;plains;5
12435;77;61;1;land;false;forest;5
12436;75;72;1;land;false;plains;5
12437;90;42;1;land;false;plains;5
12438;84;15;1;land;false;plains;5
12439;52;47;1;land;false;plains;5
12440;81;52;1;land;false;plains;5
12441;82;38;1;land;false;plains;5
12442;93;15;1;land;false;forest;5
12443;93;32;1;land;false;plains;5
12444;27;45;1;land;false;plains;5
12445;65;7;1;land;false;forest;5
12446;18;78;1;land;false;plains;5
12447;65;8;1;land;false;forest;5
12448;45;61;1;land;false;plains;5
12449;49;1;1;land;false;forest;5
12450;88;10;1;land;false;forest;5
12451;66;47;1;land;false;plains;5
12452;78;26;1;land;false;forest;5
12453;82;31;1;land;false;plains;5
12454;46;21;1;land;false;forest;5
12455;38;43;1;land;false;plains;5
12456;76;45;1;land;false;forest;5
12457;22;16;1;land;false;plains;5
12458;51;33;1;land;false;plains;5
12459;31;24;1;land;false;forest;5
12460;84;1;1;land;false;plains;5
12461;70;20;1;land;false;plains;5
12462;241;105;1;land;false;plains;5
12463;224;136;1;land;false;forest;5
12464;224;110;1;land;false;plains;5
12465;211;131;1;land;false;plains;5
12466;229;162;1;land;false;plains;5
12467;249;167;1;land;false;plains;5
12468;227;90;1;land;false;plains;5
12469;234;121;1;land;false;plains;5
12470;228;107;1;land;false;plains;5
12471;228;160;1;land;false;plains;5
12472;234;111;1;land;false;plains;5
12473;213;157;1;land;false;plains;5
12474;249;154;1;land;false;plains;5
12475;248;163;1;land;false;plains;5
12476;239;148;1;land;false;plains;5
12477;214;115;1;land;false;plains;5
12478;203;96;1;land;false;forest;5
12479;207;132;1;land;false;plains;5
12480;217;146;1;land;false;plains;5
12481;223;134;1;land;false;plains;5
12482;218;148;1;land;false;forest;5
12483;220;92;1;land;false;plains;5
12484;233;93;1;land;false;plains;5
12485;238;105;1;land;false;plains;5
12486;212;131;1;land;false;forest;5
12487;217;122;1;land;false;plains;5
12488;223;159;1;land;false;plains;5
12489;234;158;1;land;false;plains;5
12490;254;153;1;land;false;plains;5
12491;214;126;1;land;false;plains;5
12492;209;124;1;land;false;plains;5
12493;253;118;1;land;false;plains;5
12494;227;120;1;land;false;plains;5
12495;251;162;1;land;false;plains;5
12496;218;142;1;land;false;plains;5
12497;227;89;1;land;false;plains;5
12498;201;114;1;land;false;plains;5
12499;201;116;1;land;false;plains;5
12500;207;159;1;land;false;plains;5
12501;227;107;1;land;false;forest;5
12502;202;144;1;land;false;plains;5
12503;222;149;1;land;false;plains;5
12504;203;145;1;land;false;plains;5
12505;240;107;1;land;false;forest;5
12506;231;158;1;land;false;plains;5
12507;4;65;1;land;false;plains;5
12508;46;28;1;land;false;plains;5
12509;53;46;1;land;false;plains;5
12510;50;37;1;land;false;plains;5
12511;39;41;1;land;false;plains;5
12512;47;47;1;land;false;plains;5
12513;6;26;1;land;false;plains;5
12514;46;65;1;land;false;plains;5
12515;12;13;1;land;false;plains;5
12516;53;28;1;land;false;plains;5
12517;32;47;1;land;false;plains;5
12518;18;7;1;land;false;plains;5
12519;10;50;1;land;false;plains;5
12520;54;46;1;land;false;plains;5
12521;51;61;1;land;false;plains;5
12522;28;30;1;land;false;plains;5
12523;4;44;1;land;false;plains;5
12524;47;40;1;land;false;plains;5
12525;49;45;1;land;false;plains;5
12526;73;243;1;land;false;forest;5
12527;29;177;1;land;false;forest;5
12528;20;195;1;land;false;forest;5
12529;0;201;1;land;false;forest;5
12530;69;179;1;land;false;forest;5
12531;56;177;1;land;false;forest;5
12532;50;166;1;land;false;forest;5
12533;39;200;1;land;false;plains;5
12534;28;199;1;land;false;forest;5
12535;60;204;1;land;false;forest;5
12536;39;172;1;land;false;forest;5
12537;52;173;1;land;false;forest;5
12538;53;235;1;land;false;forest;5
12539;10;211;1;land;false;forest;5
12540;44;176;1;land;false;forest;5
12541;32;220;1;land;false;forest;5
12542;48;201;1;land;false;forest;5
12543;72;183;1;land;false;forest;5
12544;37;176;1;land;false;forest;5
12545;53;72;1;land;false;forest;5
12546;26;28;1;land;false;forest;5
12547;10;32;1;land;false;forest;5
12548;26;59;1;land;false;forest;5
12549;26;33;1;land;false;forest;5
12550;86;63;1;land;false;forest;5
12551;8;89;1;land;false;forest;5
12552;14;86;1;land;false;forest;5
12553;24;103;1;land;false;forest;5
12554;55;72;1;land;false;forest;5
12555;74;56;1;land;false;plains;5
12556;45;76;1;land;false;forest;5
12557;82;47;1;land;false;forest;5
12558;53;60;1;land;false;forest;5
12559;27;74;1;land;false;forest;5
12560;21;57;1;land;false;plains;5
12561;33;49;1;land;false;forest;5
12562;15;83;1;land;false;forest;5
12563;46;62;1;land;false;forest;5
12564;39;60;1;land;false;forest;5
12565;50;82;1;land;false;forest;5
12566;57;89;1;land;false;forest;5
12567;112;192;1;land;false;plains;5
12568;64;187;1;land;false;forest;5
12569;56;182;1;land;false;forest;5
12570;110;204;1;land;false;forest;5
12571;65;214;1;land;false;forest;5
12572;100;246;1;land;false;forest;5
12573;55;214;1;land;false;forest;5
12574;72;214;1;land;false;forest;5
12575;113;248;1;land;false;plains;5
12576;75;228;1;land;false;forest;5
12577;112;177;1;land;false;plains;5
12578;71;247;1;land;false;forest;5
12579;71;181;1;land;false;forest;5
12580;69;219;1;land;false;forest;5
12581;105;196;1;land;false;plains;5
12582;90;221;1;land;false;plains;5
12583;87;188;1;land;false;forest;5
12584;40;17;1;land;false;plains;5
12585;18;58;1;land;false;plains;5
12586;9;58;1;land;false;plains;5
12587;45;34;1;land;false;plains;5
12588;23;43;1;land;false;forest;5
12589;19;31;1;land;false;plains;5
12590;20;81;1;land;false;plains;5
12591;9;19;1;land;false;plains;5
12592;8;64;1;land;false;plains;5
12593;45;36;1;land;false;plains;5
12594;25;59;1;land;false;plains;5
12595;28;42;1;land;false;forest;5
12596;29;63;1;land;false;plains;5
12597;36;18;1;land;false;plains;5
12598;0;35;1;land;false;forest;5
12599;11;44;1;land;false;plains;5
12600;10;79;1;land;false;plains;5
12601;27;18;1;land;false;plains;5
12602;37;88;1;land;false;plains;5
12603;41;87;1;land;false;plains;5
12604;34;74;1;land;false;plains;5
12605;2;34;1;land;false;forest;5
12606;11;21;1;land;false;plains;5
12607;163;55;1;land;false;plains;5
12608;181;29;1;land;false;forest;5
12609;184;4;1;land;false;forest;5
12610;141;34;1;land;false;plains;5
12611;167;52;1;land;false;plains;5
12612;151;16;1;land;false;plains;5
12613;154;61;1;land;false;plains;5
12614;166;34;1;land;false;plains;5
12615;156;13;1;land;false;plains;5
12616;153;26;1;land;false;plains;5
12617;189;29;1;land;false;plains;5
12618;186;17;1;land;false;forest;5
12619;167;22;1;land;false;plains;5
12620;147;39;1;land;false;forest;5
12621;163;35;1;land;false;plains;5
12622;215;62;1;land;false;plains;5
12623;217;1;1;land;false;forest;5
12624;146;59;1;land;false;forest;5
12625;194;47;1;land;false;plains;5
12626;175;42;1;land;false;plains;5
12627;176;28;1;land;false;forest;5
12628;185;57;1;land;false;plains;5
12629;205;29;1;land;false;forest;5
12630;190;35;1;land;false;forest;5
12631;212;37;1;land;false;plains;5
12632;182;16;1;land;false;plains;5
12633;202;3;1;land;false;plains;5
12634;142;31;1;land;false;forest;5
12635;164;9;1;land;false;plains;5
12636;148;26;1;land;false;plains;5
12637;62;114;1;land;false;plains;5
12638;21;162;1;land;false;plains;5
12639;68;102;1;land;false;plains;5
12640;64;133;1;land;false;plains;5
12641;61;102;1;land;false;plains;5
12642;53;111;1;land;false;plains;5
12643;10;83;1;land;false;plains;5
12644;9;93;1;land;false;plains;5
12645;44;152;1;land;false;plains;5
12646;48;118;1;land;false;plains;5
12647;80;159;1;land;false;plains;5
12648;19;151;1;land;false;plains;5
12649;37;138;1;land;false;plains;5
12650;54;155;1;land;false;plains;5
12651;69;85;1;land;false;plains;5
12652;29;115;1;land;false;plains;5
12653;45;132;1;land;false;plains;5
12654;22;81;1;land;false;plains;5
12655;16;89;1;land;false;plains;5
12656;80;100;1;land;false;plains;5
12657;57;129;1;land;false;plains;5
12658;6;151;1;land;false;plains;5
12659;60;155;1;land;false;plains;5
12660;66;142;1;land;false;plains;5
12661;35;121;1;land;false;plains;5
12662;38;140;1;land;false;plains;5
12663;33;106;1;land;false;plains;5
12664;37;132;1;land;false;plains;5
12665;23;204;1;land;false;forest;5
12666;47;251;1;land;false;plains;5
12667;75;230;1;land;false;plains;5
12668;32;221;1;land;false;plains;5
12669;80;200;1;land;false;forest;5
12670;32;229;1;land;false;forest;5
12671;58;200;1;land;false;plains;5
12672;72;216;1;land;false;plains;5
12673;93;220;1;land;false;plains;5
12674;43;208;1;land;false;forest;5
12675;57;251;1;land;false;plains;5
12676;21;206;1;land;false;plains;5
12677;73;242;1;land;false;plains;5
12678;30;222;1;land;false;forest;5
12679;91;133;1;land;false;forest;5
12680;123;146;1;land;false;plains;5
12681;98;135;1;land;false;forest;5
12682;67;141;1;land;false;forest;5
12683;52;107;1;land;false;forest;5
12684;103;110;1;land;false;plains;5
12685;78;158;1;land;false;forest;5
12686;93;213;1;land;false;plains;5
12687;95;240;1;land;false;plains;5
12688;125;229;1;land;false;forest;5
12689;118;232;1;land;false;forest;5
12690;49;218;1;land;false;forest;5
12691;87;236;1;land;false;plains;5
12692;97;228;1;land;false;forest;5
12693;71;212;1;land;false;forest;5
12694;72;254;1;land;false;forest;5
12695;57;229;1;land;false;forest;5
12696;99;251;1;land;false;forest;5
12697;101;232;1;land;false;forest;5
12698;74;232;1;land;false;forest;5
12699;47;240;1;land;false;forest;5
12700;102;227;1;land;false;forest;5
12701;60;229;1;land;false;forest;5
12702;83;225;1;land;false;plains;5
12703;84;219;1;land;false;forest;5
12704;78;235;1;land;false;forest;5
12705;115;243;1;land;false;forest;5
12706;48;250;1;land;false;forest;5
12707;66;242;1;land;false;forest;5
12708;74;210;1;land;false;forest;5
12709;116;239;1;land;false;forest;5
12710;68;223;1;land;false;forest;5
12711;94;223;1;land;false;forest;5
12712;200;202;1;land;false;forest;5
12713;193;233;1;land;false;forest;5
12714;219;233;1;land;false;forest;5
12715;238;210;1;land;false;plains;5
12716;196;165;1;land;false;forest;5
12717;212;233;1;land;false;forest;5
12718;238;175;1;land;false;forest;5
12719;250;181;1;land;false;forest;5
12720;192;221;1;land;false;forest;5
12721;195;230;1;land;false;forest;5
12722;243;213;1;land;false;forest;5
12723;240;226;1;land;false;plains;5
12724;209;174;1;land;false;forest;5
12725;208;211;1;land;false;plains;5
12726;209;230;1;land;false;forest;5
12727;186;184;1;land;false;plains;5
12728;243;182;1;land;false;plains;5
12729;230;190;1;land;false;forest;5
12730;241;190;1;land;false;forest;5
12731;225;212;1;land;false;forest;5
12732;196;209;1;land;false;forest;5
12733;233;243;1;land;false;forest;5
12734;253;219;1;land;false;forest;5
12735;216;211;1;land;false;forest;5
12736;199;237;1;land;false;forest;5
12737;232;200;1;land;false;forest;5
12738;187;172;1;land;false;forest;5
12739;222;174;1;land;false;forest;5
12740;213;222;1;land;false;plains;5
12741;216;171;1;land;false;forest;5
12742;226;235;1;land;false;forest;5
12743;218;175;1;land;false;jungle;5
12744;236;182;1;land;false;forest;5
12745;214;165;1;land;false;forest;5
12746;228;219;1;land;false;forest;5
12747;241;205;1;land;false;forest;5
12748;209;243;1;land;false;forest;5
12749;241;222;1;land;false;forest;5
12750;237;193;1;land;false;plains;5
12751;197;200;1;land;false;forest;5
12752;220;192;1;land;false;forest;5
12753;209;166;1;land;false;plains;5
12754;202;240;1;land;false;forest;5
12755;180;215;1;land;false;forest;5
12756;214;176;1;land;false;forest;5
12757;216;190;1;land;false;forest;5
12758;210;243;1;land;false;forest;5
12759;210;229;1;land;false;forest;5
12760;194;220;1;land;false;forest;5
12761;225;172;1;land;false;forest;5
12762;223;178;1;land;false;forest;5
12763;237;196;1;land;false;forest;5
12764;251;240;1;land;false;forest;5
12765;152;243;1;land;false;plains;5
12766;150;245;1;land;false;plains;5
12767;189;252;1;land;false;plains;5
12768;161;237;1;land;false;plains;5
12769;176;230;1;land;false;plains;5
12770;223;235;1;land;false;plains;5
12771;156;254;1;land;false;plains;5
12772;193;246;1;land;false;plains;5
12773;227;228;1;land;false;plains;5
12774;189;227;1;land;false;plains;5
12775;147;216;1;land;false;plains;5
12776;157;246;1;land;false;plains;5
12777;227;246;1;land;false;plains;5
12778;172;230;1;land;false;plains;5
12779;167;237;1;land;false;plains;5
12780;153;246;1;land;false;plains;5
12781;166;245;1;land;false;plains;5
12782;227;251;1;land;false;plains;5
12783;161;241;1;land;false;plains;5
12784;218;241;1;land;false;plains;5
12785;221;222;1;land;false;plains;5
12786;192;237;1;land;false;plains;5
12787;218;233;1;land;false;plains;5
12788;221;218;1;land;false;plains;5
12789;179;238;1;land;false;plains;5
12790;178;247;1;land;false;plains;5
12791;148;214;1;land;false;plains;5
12792;201;244;1;land;false;plains;5
12793;156;224;1;land;false;plains;5
12794;221;226;1;land;false;plains;5
12795;208;246;1;land;false;plains;5
12796;199;250;1;land;false;plains;5
12797;198;220;1;land;false;plains;5
12798;148;236;1;land;false;plains;5
12799;213;248;1;land;false;plains;5
12800;148;235;1;land;false;plains;5
12801;164;217;1;land;false;plains;5
12802;150;236;1;land;false;plains;5
12803;203;247;1;land;false;plains;5
12804;151;245;1;land;false;plains;5
12805;186;242;1;land;false;plains;5
12806;177;243;1;land;false;plains;5
12807;135;200;1;land;false;forest;5
12808;94;235;1;land;false;forest;5
12809;82;222;1;land;false;forest;5
12810;141;193;1;land;false;forest;5
12811;79;233;1;land;false;forest;5
12812;78;195;1;land;false;forest;5
12813;67;242;1;land;false;forest;5
12814;77;245;1;land;false;forest;5
12815;128;241;1;land;false;forest;5
12816;109;221;1;land;false;forest;5
12817;83;228;1;land;false;forest;5
12818;76;251;1;land;false;plains;5
12819;88;253;1;land;false;forest;5
12820;108;224;1;land;false;forest;5
12821;72;220;1;land;false;plains;5
12822;134;244;1;land;false;forest;5
12823;111;232;1;land;false;forest;5
12824;134;242;1;land;false;forest;5
12825;121;188;1;land;false;forest;5
12826;140;201;1;land;false;forest;5
12827;70;194;1;land;false;forest;5
12828;101;197;1;land;false;forest;5
12829;97;207;1;land;false;forest;5
12830;145;254;1;land;false;forest;5
12831;199;55;1;land;false;plains;5
12832;198;50;1;land;false;forest;5
12833;245;27;1;land;false;plains;5
12834;194;29;1;land;false;plains;5
12835;220;70;1;land;false;forest;5
12836;174;3;1;land;false;plains;5
12837;210;8;1;land;false;plains;5
12838;207;32;1;land;false;forest;5
12839;234;23;1;land;false;plains;5
12840;184;36;1;land;false;forest;5
12841;186;30;1;land;false;forest;5
12842;191;38;1;land;false;forest;5
12843;220;52;1;land;false;plains;5
12844;205;7;1;land;false;plains;5
12845;194;69;1;land;false;forest;5
12846;218;2;1;land;false;forest;5
12847;193;52;1;land;false;forest;5
12848;175;34;1;land;false;plains;5
12849;183;29;1;land;false;forest;5
12850;206;10;1;land;false;forest;5
12851;178;53;1;land;false;forest;5
12852;199;25;1;land;false;plains;5
12853;218;34;1;land;false;forest;5
12854;247;61;1;land;false;forest;5
12855;199;2;1;land;false;forest;5
12856;223;37;1;land;false;plains;5
12857;214;33;1;land;false;plains;5
12858;181;3;1;land;false;plains;5
12859;183;31;1;land;false;forest;5
12860;232;9;1;land;false;plains;5
12861;179;45;1;land;false;plains;5
12862;210;9;1;land;false;forest;5
12863;225;44;1;land;false;plains;5
12864;190;24;1;land;false;plains;5
12865;190;9;1;land;false;forest;5
12866;42;176;1;land;false;forest;5
12867;10;176;1;land;false;plains;5
12868;49;130;1;land;false;forest;5
12869;48;150;1;land;false;plains;5
12870;13;111;1;land;false;forest;5
12871;33;148;1;land;false;forest;5
12872;39;141;1;land;false;forest;5
12873;38;137;1;land;false;forest;5
12874;15;119;1;land;false;forest;5
12875;67;99;1;land;false;forest;5
12876;58;114;1;land;false;forest;5
12877;47;149;1;land;false;forest;5
12878;5;169;1;land;false;forest;5
12879;34;130;1;land;false;forest;5
12880;38;142;1;land;false;forest;5
12881;34;176;1;land;false;forest;5
12882;18;132;1;land;false;forest;5
12883;63;151;1;land;false;forest;5
12884;11;152;1;land;false;plains;5
12885;15;117;1;land;false;forest;5
12886;58;105;1;land;false;forest;5
12887;28;171;1;land;false;plains;5
12888;27;120;1;land;false;forest;5
12889;53;153;1;land;false;forest;5
12890;19;160;1;land;false;forest;5
12891;61;147;1;land;false;plains;5
12892;58;153;1;land;false;forest;5
12893;64;151;1;land;false;forest;5
12894;13;123;1;land;false;forest;5
12895;29;109;1;land;false;forest;5
12896;72;124;1;land;false;forest;5
12897;20;139;1;land;false;plains;5
12898;22;154;1;land;false;forest;5
12899;72;157;1;land;false;plains;5
12900;97;117;1;land;false;plains;5
12901;100;166;1;land;false;plains;5
12902;54;151;1;land;false;plains;5
12903;84;147;1;land;false;plains;5
12904;68;178;1;land;false;plains;5
12905;61;185;1;land;false;plains;5
12906;101;172;1;land;false;plains;5
12907;62;162;1;land;false;plains;5
12908;34;137;1;land;false;plains;5
12909;42;157;1;land;false;plains;5
12910;72;146;1;land;false;plains;5
12911;63;120;1;land;false;plains;5
12912;67;184;1;land;false;plains;5
12913;62;124;1;land;false;plains;5
12914;41;117;1;land;false;plains;5
12915;63;148;1;land;false;plains;5
12916;95;119;1;land;false;plains;5
12917;42;170;1;land;false;plains;5
12918;52;156;1;land;false;plains;5
12919;74;149;1;land;false;plains;5
12920;110;168;1;land;false;plains;5
12921;74;147;1;land;false;plains;5
12922;80;123;1;land;false;plains;5
12923;98;134;1;land;false;plains;5
12924;97;138;1;land;false;plains;5
12925;62;181;1;land;false;plains;5
12926;224;97;1;land;false;plains;5
12927;245;142;1;land;false;forest;5
12928;213;146;1;lake;false;lakes;5
12929;245;140;1;land;false;plains;5
12930;200;88;1;land;false;plains;5
12931;169;123;1;land;false;plains;5
12932;202;73;1;land;false;plains;5
12933;219;120;1;land;false;plains;5
12934;235;144;1;land;false;plains;5
12935;224;80;1;land;false;plains;5
12936;211;133;1;land;false;plains;5
12937;200;122;1;land;false;plains;5
12938;237;81;1;land;false;plains;5
12939;212;100;1;land;false;plains;5
12940;238;85;1;land;false;plains;5
12941;187;145;1;land;false;plains;5
12942;223;144;1;land;false;plains;5
12943;178;104;1;land;false;plains;5
12944;225;141;1;land;false;plains;5
12945;197;106;1;land;false;plains;5
12946;229;100;1;land;false;plains;5
12947;169;74;1;land;false;plains;5
12948;200;101;1;land;false;plains;5
12949;219;80;1;land;false;plains;5
12950;227;128;1;land;false;plains;5
12951;174;125;1;land;false;plains;5
12952;226;121;1;land;false;plains;5
12953;237;90;1;land;false;plains;5
12954;187;138;1;land;false;plains;5
12955;170;114;1;land;false;plains;5
12956;203;79;1;land;false;plains;5
12957;235;152;1;land;false;plains;5
12958;222;162;1;land;false;plains;5
12959;246;164;1;land;false;forest;5
12960;214;111;1;land;false;forest;5
12961;218;123;1;land;false;plains;5
12962;235;150;1;land;false;forest;5
12963;253;90;1;land;false;plains;5
12964;240;94;1;land;false;forest;5
12965;231;122;1;land;false;forest;5
12966;251;105;1;land;false;forest;5
12967;244;97;1;land;false;plains;5
12968;230;109;1;land;false;plains;5
12969;210;98;1;land;false;plains;5
12970;241;146;1;land;false;forest;5
12971;219;119;1;land;false;plains;5
12972;215;164;1;land;false;plains;5
12973;252;155;1;land;false;plains;5
12974;133;221;1;land;false;plains;5
12975;181;214;1;land;false;plains;5
12976;133;197;1;land;false;plains;5
12977;139;213;1;land;false;plains;5
12978;177;217;1;land;false;plains;5
12979;118;217;1;land;false;plains;5
12980;173;210;1;land;false;forest;5
12981;159;231;1;land;false;plains;5
12982;148;230;1;land;false;plains;5
12983;163;248;1;land;false;plains;5
12984;114;223;1;land;false;plains;5
12985;155;239;1;land;false;plains;5
12986;128;226;1;land;false;plains;5
12987;163;206;1;land;false;plains;5
12988;186;212;1;land;false;plains;5
12989;132;226;1;land;false;plains;5
12990;150;223;1;land;false;plains;5
12991;164;246;1;land;false;plains;5
12992;119;247;1;land;false;plains;5
12993;177;222;1;land;false;plains;5
12994;185;243;1;land;false;plains;5
12995;163;239;1;land;false;plains;5
12996;190;206;1;land;false;plains;5
12997;189;247;1;land;false;plains;5
12998;131;130;1;land;false;plains;5
12999;182;121;1;land;false;forest;5
13000;204;59;1;land;false;forest;5
13001;192;82;1;land;false;forest;5
13002;204;108;1;land;false;plains;5
13003;165;87;1;land;false;forest;5
13004;165;129;1;land;false;forest;5
13005;137;105;1;land;false;plains;5
13006;137;116;1;land;false;forest;5
13007;138;58;1;land;false;forest;5
13008;185;106;1;land;false;forest;5
13009;170;95;1;land;false;forest;5
13010;139;126;1;land;false;plains;5
13011;153;128;1;land;false;forest;5
13012;173;84;1;land;false;forest;5
13013;194;90;1;land;false;plains;5
13014;138;106;1;land;false;forest;5
13015;196;120;1;land;false;forest;5
13016;128;70;1;land;false;forest;5
13017;140;60;1;land;false;forest;5
13018;180;102;1;land;false;plains;5
13019;126;121;1;land;false;plains;5
13020;194;62;1;land;false;forest;5
13021;132;119;1;land;false;forest;5
13022;129;80;1;land;false;forest;5
13023;164;130;1;land;false;forest;5
13024;150;108;1;land;false;forest;5
13025;148;121;1;land;false;plains;5
13026;165;84;1;land;false;plains;5
13027;146;78;1;land;false;plains;5
13028;173;94;1;land;false;forest;5
13029;197;90;1;land;false;forest;5
13030;74;40;1;land;false;plains;5
13031;100;64;1;land;false;forest;5
13032;63;87;1;land;false;plains;5
13033;95;48;1;land;false;forest;5
13034;115;108;1;land;false;forest;5
13035;95;104;1;land;false;plains;5
13036;122;105;1;land;false;forest;5
13037;47;39;1;land;false;plains;5
13038;61;107;1;land;false;forest;5
13039;98;54;1;land;false;plains;5
13040;51;91;1;land;false;forest;5
13041;51;59;1;land;false;forest;5
13042;48;89;1;land;false;plains;5
13043;71;32;1;land;false;forest;5
13044;75;99;1;land;false;plains;5
13045;80;36;1;land;false;forest;5
13046;92;98;1;land;false;forest;5
13047;90;78;1;land;false;forest;5
13048;178;42;1;land;false;plains;5
13049;203;38;1;land;false;plains;5
13050;218;97;1;land;false;plains;5
13051;201;44;1;land;false;plains;5
13052;208;92;1;land;false;plains;5
13053;204;56;1;land;false;forest;5
13054;202;84;1;land;false;plains;5
13055;157;38;1;land;false;plains;5
13056;217;50;1;land;false;plains;5
13057;186;47;1;land;false;plains;5
13058;174;95;1;land;false;plains;5
13059;215;82;1;land;false;plains;5
13060;204;47;1;land;false;plains;5
13061;162;100;1;land;false;forest;5
13062;171;117;1;land;false;plains;5
13063;196;89;1;land;false;forest;5
13064;184;52;1;land;false;plains;5
13065;210;75;1;land;false;plains;5
13066;152;43;1;land;false;plains;5
13067;183;105;1;land;false;forest;5
13068;177;75;1;land;false;plains;5
13069;160;73;1;land;false;forest;5
13070;170;55;1;land;false;plains;5
13071;211;104;1;land;false;plains;5
13072;217;59;1;land;false;plains;5
13073;168;87;1;land;false;plains;5
13074;219;105;1;land;false;plains;5
13075;224;113;1;land;false;plains;5
13076;149;85;1;land;false;plains;5
13077;168;83;1;land;false;plains;5
13078;188;54;1;land;false;plains;5
13079;106;52;1;land;false;forest;5
13080;97;26;1;land;false;forest;5
13081;64;64;1;land;false;forest;5
13082;104;43;1;land;false;plains;5
13083;115;69;1;land;false;forest;5
13084;95;43;1;land;false;forest;5
13085;101;40;1;land;false;forest;5
13086;124;21;1;land;false;plains;5
13087;139;76;1;land;false;plains;5
13088;120;84;1;land;false;forest;5
13089;127;48;1;land;false;forest;5
13090;109;90;1;land;false;forest;5
13091;108;39;1;land;false;plains;5
13092;125;83;1;land;false;forest;5
13093;125;13;1;land;false;forest;5
13094;131;23;1;land;false;forest;5
13095;112;49;1;land;false;forest;5
13096;81;199;1;land;false;plains;5
13097;80;142;1;land;false;plains;5
13098;149;137;1;land;false;plains;5
13099;134;133;1;land;false;plains;5
13100;123;177;1;land;false;plains;5
13101;118;181;1;land;false;plains;5
13102;115;167;1;land;false;plains;5
13103;120;195;1;land;false;plains;5
13104;89;186;1;land;false;plains;5
13105;126;196;1;land;false;plains;5
13106;76;172;1;land;false;plains;5
13107;133;151;1;land;false;forest;5
13108;126;131;1;land;false;plains;5
13109;113;191;1;land;false;plains;5
13110;114;162;1;land;false;plains;5
13111;169;91;1;land;false;plains;5
13112;176;71;1;land;false;plains;5
13113;145;55;1;land;false;plains;5
13114;171;91;1;land;false;forest;5
13115;137;56;1;land;false;forest;5
13116;135;30;1;land;false;plains;5
13117;137;26;1;land;false;plains;5
13118;179;70;1;land;false;plains;5
13119;164;68;1;land;false;plains;5
13120;157;40;1;land;false;plains;5
13121;157;64;1;land;false;plains;5
13122;133;61;1;land;false;plains;5
13123;168;63;1;land;false;plains;5
13124;163;48;1;land;false;plains;5
13125;174;31;1;land;false;plains;5
13126;142;57;1;land;false;forest;5
13127;112;46;1;land;false;plains;5
13128;113;34;1;land;false;plains;5
13129;182;47;1;land;false;forest;5
13130;159;181;1;land;false;plains;5
13131;162;173;1;land;false;forest;5
13132;118;194;1;land;false;forest;5
13133;173;174;1;land;false;forest;5
13134;155;191;1;land;false;forest;5
13135;119;217;1;land;false;forest;5
13136;167;199;1;land;false;forest;5
13137;122;205;1;land;false;forest;5
13138;185;199;1;land;false;forest;5
13139;122;159;1;land;false;forest;5
13140;194;210;1;land;false;forest;5
13141;116;157;1;land;false;forest;5
13142;128;174;1;land;false;forest;5
13143;157;196;1;land;false;forest;5
13144;131;173;1;land;false;forest;5
13145;135;215;1;land;false;forest;5
13146;190;172;1;land;false;forest;5
13147;165;210;1;land;false;forest;5
13148;166;154;1;land;false;forest;5
13149;133;208;1;land;false;forest;5
13150;166;150;1;land;false;forest;5
13151;187;161;1;land;false;forest;5
13152;142;75;1;land;false;plains;5
13153;151;100;1;land;false;forest;5
13154;159;78;1;land;false;plains;5
13155;95;39;1;land;false;plains;5
13156;164;51;1;land;false;forest;5
13157;151;43;1;land;false;plains;5
13158;150;69;1;land;false;forest;5
13159;93;45;1;land;false;plains;5
13160;108;54;1;land;false;forest;5
13161;100;96;1;land;false;forest;5
13162;158;68;1;land;false;plains;5
13163;153;83;1;land;false;forest;5
13164;95;34;1;land;false;plains;5
13165;215;154;1;land;false;forest;5
13166;166;204;1;land;false;forest;5
13167;165;208;1;land;false;plains;5
13168;150;204;1;land;false;plains;5
13169;153;218;1;land;false;forest;5
13170;161;151;1;land;false;plains;5
13171;208;167;1;land;false;forest;5
13172;159;169;1;land;false;plains;5
13173;203;165;1;land;false;forest;5
13174;215;200;1;land;false;plains;5
13175;202;161;1;land;false;forest;5
13176;160;161;1;land;false;plains;5
13177;91;140;1;land;false;plains;5
13178;81;161;1;land;false;forest;5
13179;96;174;1;land;false;plains;5
13180;118;199;1;land;false;forest;5
13181;134;188;1;land;false;plains;5
13182;83;163;1;land;false;plains;5
13183;75;141;1;land;false;plains;5
13184;142;196;1;land;false;forest;5
13185;126;175;1;land;false;plains;5
13186;122;131;1;land;false;plains;5
13187;85;123;1;land;false;plains;5
13188;69;180;1;land;false;plains;5
13189;82;152;1;land;false;forest;5
13190;98;191;1;land;false;plains;5
13191;109;140;1;land;false;plains;5
13192;82;145;1;land;false;forest;5
13193;76;151;1;land;false;plains;5
13194;69;130;1;land;false;plains;5
13195;104;136;1;land;false;plains;5
13196;148;180;1;land;false;plains;5
13197;113;144;1;land;false;plains;5
13198;114;133;1;land;false;plains;5
13199;84;171;1;land;false;plains;5
13200;104;157;1;land;false;plains;5
13201;147;123;1;land;false;plains;5
13202;106;149;1;land;false;forest;5
13203;113;158;1;land;false;plains;5
13204;114;143;1;land;false;plains;5
13205;130;142;1;land;false;plains;5
13206;87;128;1;land;false;forest;5
13207;113;41;1;land;false;plains;5
13208;127;38;1;land;false;plains;5
13209;159;32;1;land;false;plains;5
13210;145;41;1;land;false;plains;5
13211;174;23;1;land;false;plains;5
13212;125;23;1;land;false;plains;5
13213;168;0;1;land;false;plains;5
13214;157;30;1;land;false;plains;5
13215;114;9;1;land;false;plains;5
13216;110;8;1;land;false;plains;5
13217;141;41;1;land;false;plains;5
13218;154;8;1;land;false;plains;5
13219;133;14;1;land;false;plains;5
13220;97;29;1;land;false;plains;5
13221;130;14;1;land;false;plains;5
13222;110;19;1;land;false;plains;5
13223;172;34;1;land;false;plains;5
13224;115;36;1;land;false;plains;5
13225;135;3;1;land;false;plains;5
13226;102;10;1;land;false;plains;5
13227;128;16;1;land;false;plains;5
13228;124;16;1;land;false;plains;5
13229;163;24;1;land;false;plains;5
13230;161;2;1;land;false;plains;5
13231;99;15;1;land;false;plains;5
13232;127;9;1;land;false;plains;5
13233;65;246;1;land;false;forest;5
13234;26;198;1;land;false;forest;5
13235;51;248;1;land;false;forest;5
13236;79;210;1;land;false;forest;5
13237;77;207;1;land;false;forest;5
13238;70;216;1;land;false;forest;5
13239;55;207;1;land;false;forest;5
13240;19;209;1;land;false;forest;5
13241;63;242;1;land;false;forest;5
13242;22;254;1;land;false;forest;5
13243;38;242;1;land;false;forest;5
13244;36;242;1;land;false;forest;5
13245;69;196;1;land;false;forest;5
13246;52;242;1;land;false;forest;5
13247;82;247;1;land;false;forest;5
13248;74;222;1;land;false;forest;5
13249;75;225;1;land;false;jungle;5
13250;38;249;1;land;false;forest;5
13251;16;201;1;land;false;forest;5
13252;79;236;1;land;false;forest;5
13253;60;226;1;land;false;forest;5
13254;68;249;1;land;false;jungle;5
13255;71;254;1;land;false;forest;5
13256;13;217;1;land;false;forest;5
13257;56;236;1;land;false;forest;5
13258;40;199;1;land;false;forest;5
13259;35;233;1;land;false;forest;5
13260;84;201;1;land;false;forest;5
13261;30;232;1;land;false;forest;5
13262;18;203;1;land;false;forest;5
13263;48;207;1;land;false;forest;5
13264;58;249;1;land;false;forest;5
13265;46;254;1;land;false;forest;5
13266;35;250;1;land;false;forest;5
13267;44;222;1;land;false;forest;5
13268;12;198;1;land;false;forest;5
13269;30;93;1;land;false;forest;5
13270;30;69;1;land;false;plains;5
13271;19;108;1;land;false;plains;5
13272;13;96;1;land;false;forest;5
13273;35;134;1;land;false;forest;5
13274;20;101;1;land;false;plains;5
13275;14;112;1;land;false;forest;5
13276;2;65;1;land;false;forest;5
13277;1;100;1;land;false;forest;5
13278;3;115;1;land;false;forest;5
13279;234;181;1;land;false;plains;5
13280;216;226;1;land;false;plains;5
13281;238;222;1;land;false;plains;5
13282;216;182;1;land;false;plains;5
13283;235;184;1;land;false;forest;5
13284;227;240;1;land;false;plains;5
13285;235;199;1;land;false;plains;5
13286;218;218;1;land;false;forest;5
13287;253;239;1;land;false;plains;5
13288;217;227;1;land;false;forest;5
13289;244;225;1;land;false;plains;5
13290;220;215;1;land;false;plains;5
13291;235;179;1;land;false;plains;5
13292;245;175;1;land;false;plains;5
13293;245;180;1;land;false;forest;5
13294;254;234;1;land;false;plains;5
13295;240;209;1;land;false;forest;5
13296;231;228;1;land;false;plains;5
13297;224;173;1;land;false;plains;5
13298;241;237;1;land;false;plains;5
13299;41;111;1;land;false;plains;5
13300;64;78;1;land;false;plains;5
13301;56;146;1;land;false;plains;5
13302;41;139;1;land;false;plains;5
13303;65;80;1;land;false;plains;5
13304;6;95;1;land;false;plains;5
13305;2;149;1;land;false;plains;5
13306;53;83;1;land;false;plains;5
13307;14;142;1;land;false;plains;5
13308;24;138;1;land;false;plains;5
13309;49;133;1;land;false;forest;5
13310;26;83;1;land;false;plains;5
13311;42;141;1;land;false;plains;5
13312;9;132;1;land;false;forest;5
13313;53;75;1;land;false;forest;5
13314;58;140;1;land;false;plains;5
13315;22;118;1;land;false;plains;5
13316;37;108;1;land;false;plains;5
13317;31;99;1;land;false;plains;5
13318;31;148;1;land;false;plains;5
13319;47;143;1;land;false;plains;5
13320;16;77;1;land;false;forest;5
13321;47;93;1;land;false;forest;5
13322;10;85;1;land;false;plains;5
13323;70;186;1;land;false;forest;5
13324;63;245;1;land;false;plains;5
13325;66;232;1;land;false;forest;5
13326;79;199;1;land;false;forest;5
13327;15;220;1;land;false;forest;5
13328;11;223;1;land;false;forest;5
13329;39;225;1;land;false;forest;5
13330;30;219;1;land;false;forest;5
13331;73;205;1;land;false;forest;5
13332;70;197;1;land;false;plains;5
13333;2;208;1;land;false;forest;5
13334;19;191;1;land;false;forest;5
13335;6;205;1;land;false;forest;5
13336;21;246;1;land;false;forest;5
13337;53;252;1;land;false;plains;5
13338;65;238;1;land;false;forest;5
13339;76;215;1;land;false;forest;5
13340;73;224;1;land;false;forest;5
13341;47;226;1;land;false;forest;5
13342;42;209;1;land;false;forest;5
13343;31;203;1;land;false;forest;5
13344;63;214;1;land;false;forest;5
13345;24;228;1;land;false;forest;5
13346;0;213;1;land;false;forest;5
13347;44;227;1;land;false;forest;5
13348;64;199;1;land;false;forest;5
13349;72;242;1;land;false;forest;5
13350;8;237;1;land;false;forest;5
13351;8;241;1;land;false;forest;5
13352;12;243;1;land;false;forest;5
13353;33;247;1;land;false;forest;5
13354;57;228;1;land;false;forest;5
13355;66;230;1;land;false;forest;5
13356;5;247;1;land;false;forest;5
13357;65;244;1;land;false;forest;5
13358;7;215;1;land;false;forest;5
13359;13;224;1;land;false;forest;5
13360;16;254;1;land;false;forest;5
13361;195;182;1;land;false;plains;5
13362;209;208;1;land;false;plains;5
13363;217;213;1;land;false;plains;5
13364;175;172;1;land;false;forest;5
13365;231;219;1;land;false;forest;5
13366;194;166;1;land;false;forest;5
13367;223;225;1;land;false;forest;5
13368;215;183;1;land;false;forest;5
13369;246;178;1;land;false;plains;5
13370;225;234;1;land;false;forest;5
13371;203;233;1;land;false;plains;5
13372;218;202;1;land;false;plains;5
13373;205;172;1;land;false;plains;5
13374;232;166;1;land;false;plains;5
13375;242;183;1;land;false;plains;5
13376;214;214;1;land;false;plains;5
13377;187;231;1;land;false;plains;5
13378;182;207;1;land;false;forest;5
13379;181;176;1;land;false;forest;5
13380;210;158;1;land;false;plains;5
13381;251;226;1;land;false;forest;5
13382;189;215;1;land;false;forest;5
13383;205;215;1;land;false;plains;5
13384;186;160;1;land;false;forest;5
13385;190;196;1;land;false;plains;5
13386;230;202;1;land;false;plains;5
13387;175;177;1;land;false;plains;5
13388;191;197;1;land;false;forest;5
13389;100;80;1;land;false;forest;5
13390;51;14;1;land;false;forest;5
13391;112;72;1;land;false;forest;5
13392;81;25;1;land;false;plains;5
13393;73;3;1;land;false;plains;5
13394;71;7;1;land;false;forest;5
13395;80;68;1;land;false;forest;5
13396;115;56;1;land;false;forest;5
13397;89;42;1;land;false;plains;5
13398;71;16;1;land;false;forest;5
13399;70;22;1;land;false;forest;5
13400;110;1;1;land;false;forest;5
13401;98;59;1;land;false;forest;5
13402;89;6;1;land;false;plains;5
13403;49;17;1;land;false;plains;5
13404;46;16;1;land;false;plains;5
13405;55;31;1;land;false;plains;5
13406;109;22;1;land;false;plains;5
13407;54;53;1;land;false;plains;5
13408;42;56;1;land;false;plains;5
13409;69;40;1;land;false;forest;5
13410;84;21;1;land;false;forest;5
13411;42;60;1;land;false;forest;5
13412;72;18;1;land;false;forest;5
13413;64;3;1;land;false;forest;5
13414;78;45;1;land;false;plains;5
13415;67;62;1;land;false;forest;5
13416;45;63;1;land;false;forest;5
13417;83;6;1;land;false;forest;5
13418;88;76;1;land;false;plains;5
13419;50;19;1;land;false;forest;5
13420;110;32;1;land;false;forest;5
13421;104;22;1;land;false;forest;5
13422;107;64;1;land;false;forest;5
13423;59;17;1;land;false;forest;5
13424;106;33;1;land;false;forest;5
13425;66;41;1;land;false;plains;5
13426;75;80;1;land;false;forest;5
13427;114;11;1;land;false;forest;5
13428;112;80;1;land;false;plains;5
13429;43;1;1;land;false;plains;5
13430;85;52;1;land;false;forest;5
13431;99;195;1;land;false;plains;5
13432;51;158;1;land;false;plains;5
13433;74;163;1;land;false;plains;5
13434;74;183;1;land;false;plains;5
13435;77;118;1;land;false;plains;5
13436;67;156;1;land;false;plains;5
13437;73;153;1;land;false;plains;5
13438;129;190;1;land;false;plains;5
13439;79;153;1;land;false;plains;5
13440;63;123;1;land;false;plains;5
13441;68;120;1;land;false;plains;5
13442;112;119;1;land;false;plains;5
13443;69;187;1;land;false;plains;5
13444;104;185;1;land;false;plains;5
13445;59;195;1;land;false;plains;5
13446;70;147;1;land;false;plains;5
13447;66;135;1;land;false;plains;5
13448;66;170;1;land;false;plains;5
13449;128;124;1;land;false;plains;5
13450;93;166;1;land;false;plains;5
13451;92;139;1;land;false;plains;5
13452;93;160;1;land;false;plains;5
13453;117;165;1;land;false;plains;5
13454;122;185;1;land;false;plains;5
13455;111;149;1;land;false;plains;5
13456;128;127;1;land;false;plains;5
13457;122;179;1;land;false;plains;5
13458;102;166;1;land;false;plains;5
13459;73;163;1;land;false;plains;5
13460;86;154;1;land;false;plains;5
13461;123;201;1;land;false;forest;5
13462;167;153;1;land;false;plains;5
13463;134;198;1;land;false;plains;5
13464;110;140;1;land;false;forest;5
13465;142;148;1;land;false;forest;5
13466;122;167;1;land;false;forest;5
13467;160;198;1;land;false;forest;5
13468;134;184;1;land;false;forest;5
13469;164;201;1;land;false;forest;5
13470;119;139;1;land;false;plains;5
13471;111;181;1;land;false;forest;5
13472;150;151;1;land;false;plains;5
13473;135;147;1;land;false;plains;5
13474;116;185;1;land;false;forest;5
13475;117;145;1;land;false;forest;5
13476;93;189;1;land;false;forest;5
13477;130;141;1;land;false;forest;5
13478;140;144;1;land;false;forest;5
13479;124;208;1;land;false;forest;5
13480;108;147;1;land;false;forest;5
13481;125;149;1;land;false;plains;5
13482;95;193;1;land;false;plains;5
13483;131;161;1;land;false;plains;5
13484;114;163;1;land;false;plains;5
13485;241;41;1;land;false;forest;5
13486;237;41;1;land;false;forest;5
13487;217;30;1;land;false;plains;5
13488;221;43;1;land;false;plains;5
13489;239;15;1;land;false;forest;5
13490;224;50;1;land;false;plains;5
13491;216;44;1;land;false;forest;5
13492;218;27;1;land;false;plains;5
13493;233;50;1;land;false;plains;5
13494;253;33;1;land;false;forest;5
13495;227;6;1;land;false;forest;5
13496;242;20;1;land;false;forest;5
13497;218;9;1;land;false;plains;5
13498;252;14;1;land;false;forest;5
13499;97;220;1;land;false;plains;5
13500;68;203;1;land;false;plains;5
13501;64;181;1;land;false;plains;5
13502;95;214;1;land;false;plains;5
13503;132;224;1;land;false;plains;5
13504;86;185;1;land;false;plains;5
13505;63;182;1;land;false;plains;5
13506;71;182;1;land;false;plains;5
13507;139;196;1;land;false;plains;5
13508;65;185;1;land;false;plains;5
13509;99;252;1;land;false;plains;5
13510;105;192;1;land;false;plains;5
13511;130;217;1;land;false;plains;5
13512;116;240;1;land;false;plains;5
13513;69;209;1;land;false;plains;5
13514;89;224;1;land;false;plains;5
13515;97;221;1;land;false;plains;5
13516;100;214;1;land;false;plains;5
13517;86;192;1;land;false;plains;5
13518;115;232;1;land;false;plains;5
13519;134;221;1;land;false;plains;5
13520;84;199;1;land;false;plains;5
13521;110;241;1;land;false;plains;5
13522;86;233;1;land;false;plains;5
13523;78;208;1;land;false;plains;5
13524;87;219;1;land;false;plains;5
13525;134;212;1;land;false;plains;5
13526;114;191;1;land;false;plains;5
13527;68;238;1;land;false;plains;5
13528;83;224;1;land;false;plains;5
13529;78;193;1;land;false;plains;5
13530;116;204;1;land;false;plains;5
13531;121;239;1;land;false;plains;5
13532;110;193;1;land;false;plains;5
13533;64;221;1;land;false;plains;5
13534;80;55;1;land;false;plains;5
13535;81;64;1;land;false;plains;5
13536;93;93;1;land;false;plains;5
13537;124;76;1;land;false;forest;5
13538;99;66;1;land;false;plains;5
13539;136;113;1;land;false;forest;5
13540;147;58;1;land;false;plains;5
13541;77;97;1;land;false;plains;5
13542;150;63;1;land;false;forest;5
13543;107;39;1;land;false;plains;5
13544;143;61;1;land;false;forest;5
13545;116;89;1;land;false;plains;5
13546;128;68;1;land;false;forest;5
13547;75;114;1;land;false;forest;5
13548;130;46;1;land;false;plains;5
13549;126;44;1;land;false;forest;5
13550;96;113;1;land;false;plains;5
13551;9;198;1;land;false;forest;5
13552;16;222;1;land;false;forest;5
13553;51;179;1;land;false;forest;5
13554;13;185;1;land;false;forest;5
13555;38;164;1;land;false;forest;5
13556;18;182;1;land;false;forest;5
13557;46;179;1;land;false;forest;5
13558;34;227;1;land;false;forest;5
13559;57;185;1;land;false;forest;5
13560;38;198;1;land;false;plains;5
13561;58;170;1;land;false;forest;5
13562;24;216;1;land;false;forest;5
13563;6;157;1;land;false;forest;5
13564;1;219;1;land;false;forest;5
13565;18;209;1;land;false;forest;5
13566;10;203;1;land;false;forest;5
13567;7;154;1;land;false;forest;5
13568;40;200;1;land;false;forest;5
13569;57;188;1;land;false;plains;5
13570;20;177;1;land;false;forest;5
13571;7;227;1;land;false;forest;5
13572;27;228;1;land;false;forest;5
13573;51;177;1;land;false;plains;5
13574;13;211;1;land;false;forest;5
13575;31;175;1;land;false;forest;5
13576;52;230;1;land;false;forest;5
13577;43;222;1;land;false;forest;5
13578;42;178;1;land;false;forest;5
13579;58;172;1;land;false;forest;5
13580;10;200;1;land;false;forest;5
13581;127;164;1;land;false;plains;5
13582;113;112;1;land;false;plains;5
13583;120;137;1;land;false;plains;5
13584;119;186;1;land;false;plains;5
13585;189;171;1;land;false;plains;5
13586;136;125;1;land;false;plains;5
13587;149;139;1;land;false;forest;5
13588;186;162;1;land;false;plains;5
13589;154;191;1;land;false;plains;5
13590;142;189;1;land;false;plains;5
13591;138;166;1;land;false;plains;5
13592;146;169;1;land;false;plains;5
13593;132;165;1;land;false;plains;5
13594;163;135;1;land;false;plains;5
13595;191;152;1;land;false;plains;5
13596;172;180;1;land;false;plains;5
13597;179;150;1;land;false;plains;5
13598;160;182;1;land;false;plains;5
13599;151;139;1;land;false;plains;5
13600;133;182;1;land;false;plains;5
13601;128;188;1;land;false;plains;5
13602;184;181;1;land;false;plains;5
13603;216;40;1;land;false;plains;5
13604;228;50;1;land;false;plains;5
13605;168;14;1;land;false;forest;5
13606;173;15;1;land;false;plains;5
13607;203;61;1;land;false;forest;5
13608;210;45;1;land;false;plains;5
13609;176;59;1;land;false;plains;5
13610;226;16;1;land;false;forest;5
13611;166;25;1;land;false;plains;5
13612;206;62;1;land;false;plains;5
13613;190;55;1;land;false;plains;5
13614;232;16;1;land;false;plains;5
13615;217;27;1;land;false;forest;5
13616;229;43;1;land;false;plains;5
13617;204;15;1;land;false;forest;5
13618;207;6;1;land;false;plains;5
13619;243;47;1;land;false;forest;5
13620;187;36;1;land;false;plains;5
13621;208;47;1;land;false;plains;5
13622;236;42;1;land;false;plains;5
13623;223;7;1;land;false;plains;5
13624;179;1;1;land;false;forest;5
13625;184;25;1;land;false;forest;5
13626;237;35;1;land;false;forest;5
13627;167;24;1;land;false;plains;5
13628;220;40;1;land;false;plains;5
13629;185;43;1;land;false;plains;5
13630;187;25;1;land;false;forest;5
13631;181;49;1;land;false;plains;5
13632;165;51;1;land;false;forest;5
13633;201;27;1;land;false;plains;5
13634;181;54;1;land;false;plains;5
13635;184;6;1;land;false;plains;5
13636;193;50;1;land;false;forest;5
13637;174;19;1;land;false;plains;5
13638;236;57;1;land;false;plains;5
13639;208;29;1;land;false;forest;5
13640;235;33;1;land;false;forest;5
13641;168;3;1;land;false;plains;5
13642;180;8;1;land;false;forest;5
13643;92;108;1;land;false;plains;5
13644;55;121;1;land;false;plains;5
13645;73;101;1;land;false;plains;5
13646;105;96;1;land;false;plains;5
13647;61;98;1;land;false;plains;5
13648;67;160;1;land;false;forest;5
13649;47;126;1;land;false;forest;5
13650;102;149;1;land;false;plains;5
13651;86;121;1;land;false;plains;5
13652;108;87;1;land;false;forest;5
13653;48;101;1;land;false;plains;5
13654;64;162;1;land;false;forest;5
13655;83;142;1;land;false;plains;5
13656;77;142;1;land;false;forest;5
13657;93;161;1;land;false;plains;5
13658;48;93;1;land;false;plains;5
13659;91;112;1;land;false;forest;5
13660;45;152;1;land;false;forest;5
13661;152;227;1;land;false;plains;5
13662;150;247;1;land;false;forest;5
13663;159;227;1;land;false;forest;5
13664;150;220;1;land;false;forest;5
13665;130;227;1;land;false;forest;5
13666;96;243;1;land;false;plains;5
13667;151;249;1;land;false;plains;5
13668;136;250;1;land;false;forest;5
13669;140;229;1;land;false;plains;5
13670;153;223;1;land;false;plains;5
13671;107;249;1;land;false;forest;5
13672;120;226;1;land;false;forest;5
13673;158;235;1;land;false;forest;5
13674;88;228;1;land;false;plains;5
13675;145;221;1;land;false;forest;5
13676;98;231;1;land;false;forest;5
13677;102;244;1;land;false;forest;5
13678;125;240;1;land;false;forest;5
13679;112;213;1;land;false;plains;5
13680;154;247;1;land;false;forest;5
13681;94;254;1;land;false;forest;5
13682;88;246;1;land;false;forest;5
13683;42;70;1;land;false;forest;5
13684;18;75;1;land;false;forest;5
13685;7;116;1;land;false;forest;5
13686;37;116;1;land;false;plains;5
13687;3;132;1;land;false;forest;5
13688;53;138;1;land;false;forest;5
13689;48;67;1;land;false;forest;5
13690;7;68;1;land;false;forest;5
13691;21;109;1;land;false;forest;5
13692;28;106;1;land;false;forest;5
13693;16;94;1;land;false;forest;5
13694;7;82;1;land;false;forest;5
13695;31;105;1;land;false;forest;5
13696;47;75;1;land;false;forest;5
13697;13;92;1;land;false;forest;5
13698;52;83;1;land;false;forest;5
13699;26;81;1;land;false;forest;5
13700;10;140;1;land;false;forest;5
13701;5;70;1;land;false;forest;5
13702;32;95;1;land;false;forest;5
13703;7;113;1;land;false;forest;5
13704;29;94;1;land;false;forest;5
13705;12;75;1;land;false;forest;5
13706;36;122;1;land;false;forest;5
13707;48;113;1;land;false;forest;5
13708;18;136;1;land;false;forest;5
13709;53;82;1;land;false;forest;5
13710;43;105;1;land;false;forest;5
13711;14;129;1;land;false;forest;5
13712;8;102;1;land;false;forest;5
13713;48;108;1;land;false;forest;5
13714;90;135;1;land;false;plains;5
13715;143;168;1;land;false;forest;5
13716;97;151;1;land;false;forest;5
13717;98;136;1;land;false;forest;5
13718;90;181;1;land;false;forest;5
13719;85;193;1;land;false;forest;5
13720;91;151;1;land;false;forest;5
13721;96;190;1;land;false;forest;5
13722;93;157;1;land;false;forest;5
13723;80;194;1;land;false;forest;5
13724;146;130;1;land;false;plains;5
13725;147;164;1;land;false;plains;5
13726;153;169;1;land;false;plains;5
13727;120;149;1;land;false;forest;5
13728;148;148;1;land;false;forest;5
13729;87;176;1;land;false;forest;5
13730;116;180;1;land;false;forest;5
13731;125;185;1;land;false;forest;5
13732;138;163;1;land;false;forest;5
13733;133;170;1;land;false;forest;5
13734;158;142;1;land;false;forest;5
13735;152;129;1;land;false;forest;5
13736;119;184;1;land;false;forest;5
13737;94;147;1;land;false;forest;5
13738;137;130;1;land;false;forest;5
13739;153;142;1;land;false;forest;5
13740;125;146;1;land;false;forest;5
13741;119;154;1;land;false;forest;5
13742;89;145;1;land;false;forest;5
13743;135;141;1;land;false;forest;5
13744;135;201;1;land;false;forest;5
13745;116;135;1;land;false;plains;5
13746;114;160;1;land;false;forest;5
13747;83;190;1;land;false;forest;5
13748;134;169;1;land;false;forest;5
13749;148;181;1;land;false;forest;5
13750;116;131;1;land;false;forest;5
13751;152;146;1;land;false;forest;5
13752;92;187;1;land;false;forest;5
13753;147;153;1;land;false;plains;5
13754;133;127;1;land;false;forest;5
13755;144;195;1;land;false;forest;5
13756;88;189;1;land;false;forest;5
13757;139;189;1;land;false;plains;5
13758;150;188;1;land;false;forest;5
13759;80;198;1;land;false;forest;5
13760;144;178;1;land;false;forest;5
13761;158;143;1;land;false;forest;5
13762;143;206;1;land;false;forest;5
13763;139;161;1;land;false;forest;5
13764;122;195;1;land;false;forest;5
13765;193;201;1;land;false;forest;5
13766;171;200;1;land;false;forest;5
13767;163;207;1;land;false;forest;5
13768;141;200;1;land;false;forest;5
13769;127;156;1;land;false;forest;5
13770;150;216;1;land;false;forest;5
13771;180;209;1;land;false;forest;5
13772;189;205;1;land;false;forest;5
13773;144;149;1;land;false;forest;5
13774;165;147;1;land;false;forest;5
13775;130;148;1;land;false;forest;5
13776;169;171;1;land;false;forest;5
13777;163;202;1;land;false;forest;5
13778;135;210;1;land;false;forest;5
13779;192;144;1;land;false;forest;5
13780;160;201;1;land;false;forest;5
13781;122;200;1;land;false;forest;5
13782;113;219;1;land;false;plains;5
13783;149;235;1;land;false;plains;5
13784;127;245;1;land;false;plains;5
13785;132;225;1;land;false;forest;5
13786;107;193;1;land;false;plains;5
13787;127;212;1;land;false;plains;5
13788;144;206;1;land;false;forest;5
13789;152;237;1;land;false;plains;5
13790;142;208;1;land;false;plains;5
13791;149;201;1;land;false;forest;5
13792;129;206;1;land;false;forest;5
13793;181;122;1;land;false;forest;5
13794;107;124;1;land;false;forest;5
13795;152;75;1;land;false;forest;5
13796;178;68;1;land;false;forest;5
13797;109;124;1;land;false;forest;5
13798;109;87;1;land;false;forest;5
13799;116;51;1;land;false;jungle;5
13800;137;64;1;land;false;forest;5
13801;142;66;1;land;false;forest;5
13802;147;125;1;land;false;forest;5
13803;144;87;1;land;false;jungle;5
13804;130;113;1;land;false;plains;5
13805;109;83;1;land;false;forest;5
13806;143;102;1;land;false;forest;5
13807;106;70;1;land;false;plains;5
13808;136;74;1;land;false;forest;5
13809;158;80;1;land;false;forest;5
13810;129;50;1;land;false;forest;5
13811;130;79;1;land;false;forest;5
13812;126;57;1;land;false;jungle;5
13813;137;118;1;land;false;forest;5
13814;136;90;1;land;false;forest;5
13815;114;76;1;land;false;plains;5
13816;111;117;1;land;false;forest;5
13817;167;96;1;land;false;forest;5
13818;28;206;1;land;false;plains;5
13819;35;162;1;land;false;plains;5
13820;23;169;1;land;false;plains;5
13821;7;186;1;land;false;plains;5
13822;20;216;1;land;false;plains;5
13823;11;212;1;land;false;plains;5
13824;31;218;1;land;false;plains;5
13825;7;201;1;land;false;plains;5
13826;30;192;1;land;false;plains;5
13827;26;208;1;land;false;plains;5
13828;22;200;1;land;false;plains;5
13829;10;159;1;land;false;plains;5
13830;46;211;1;land;false;forest;5
13831;44;164;1;land;false;plains;5
13832;10;160;1;land;false;forest;5
13833;35;179;1;land;false;plains;5
13834;2;205;1;land;false;plains;5
13835;11;192;1;land;false;plains;5
13836;25;158;1;land;false;plains;5
13837;20;149;1;land;false;plains;5
13838;19;208;1;land;false;plains;5
13839;21;203;1;land;false;plains;5
13840;20;221;1;land;false;plains;5
13841;7;184;1;land;false;plains;5
13842;40;225;1;land;false;plains;5
13843;30;202;1;land;false;plains;5
13844;56;81;1;land;false;plains;5
13845;68;97;1;land;false;plains;5
13846;75;60;1;land;false;plains;5
13847;21;32;1;land;false;plains;5
13848;50;56;1;land;false;plains;5
13849;71;69;1;land;false;plains;5
13850;64;101;1;land;false;plains;5
13851;47;94;1;land;false;plains;5
13852;26;31;1;land;false;plains;5
13853;45;74;1;land;false;plains;5
13854;29;57;1;land;false;plains;5
13855;95;26;1;land;false;plains;5
13856;51;26;1;land;false;plains;5
13857;164;172;1;land;false;plains;5
13858;163;132;1;land;false;plains;5
13859;150;115;1;land;false;plains;5
13860;163;185;1;land;false;plains;5
13861;135;169;1;land;false;plains;5
13862;160;177;1;land;false;plains;5
13863;132;180;1;land;false;plains;5
13864;166;119;1;land;false;plains;5
13865;144;144;1;land;false;plains;5
13866;184;116;1;land;false;plains;5
13867;161;168;1;land;false;plains;5
13868;151;135;1;land;false;plains;5
13869;120;154;1;land;false;plains;5
13870;162;133;1;land;false;plains;5
13871;186;116;1;land;false;plains;5
13872;189;176;1;land;false;plains;5
13873;119;156;1;land;false;plains;5
13874;153;106;1;land;false;plains;5
13875;181;134;1;land;false;plains;5
13876;140;150;1;land;false;plains;5
13877;150;121;1;land;false;plains;5
13878;161;157;1;land;false;plains;5
13879;171;169;1;land;false;plains;5
13880;139;149;1;land;false;plains;5
13881;174;160;1;land;false;plains;5
13882;144;133;1;land;false;plains;5
13883;22;160;1;land;false;plains;5
13884;17;111;1;land;false;plains;5
13885;2;120;1;land;false;plains;5
13886;8;168;1;land;false;plains;5
13887;20;179;1;land;false;plains;5
13888;40;148;1;land;false;plains;5
13889;24;125;1;land;false;plains;5
13890;25;122;1;land;false;plains;5
13891;11;132;1;land;false;plains;5
13892;0;135;1;land;false;plains;5
13893;3;165;1;land;false;plains;5
13894;27;155;1;land;false;plains;5
13895;22;122;1;land;false;plains;5
13896;29;119;1;land;false;plains;5
13897;30;185;1;land;false;plains;5
13898;11;123;1;land;false;plains;5
13899;21;143;1;land;false;plains;5
13900;39;179;1;land;false;plains;5
13901;24;129;1;land;false;plains;5
13902;38;148;1;land;false;plains;5
13903;35;136;1;land;false;forest;5
13904;25;168;1;land;false;plains;5
13905;39;169;1;land;false;plains;5
13906;35;186;1;land;false;plains;5
13907;7;150;1;land;false;plains;5
13908;13;120;1;land;false;plains;5
13909;10;169;1;land;false;plains;5
13910;36;185;1;land;false;plains;5
13911;41;175;1;land;false;plains;5
13912;0;155;1;land;false;plains;5
13913;29;169;1;land;false;plains;5
13914;10;180;1;land;false;plains;5
13915;30;183;1;land;false;plains;5
13916;87;14;1;land;false;plains;5
13917;108;4;1;land;false;plains;5
13918;34;19;1;land;false;forest;5
13919;47;6;1;land;false;plains;5
13920;67;27;1;lake;false;lakes;5
13921;59;34;1;land;false;plains;5
13922;62;12;1;land;false;plains;5
13923;89;17;1;land;false;plains;5
13924;31;32;1;land;false;plains;5
13925;105;37;1;land;false;forest;5
13926;52;12;1;land;false;plains;5
13927;66;2;1;land;false;plains;5
13928;47;21;1;land;false;plains;5
13929;77;24;1;land;false;plains;5
13930;77;39;1;land;false;plains;5
13931;88;8;1;land;false;plains;5
13932;61;8;1;land;false;plains;5
13933;98;13;1;land;false;plains;5
13934;84;37;1;land;false;plains;5
13935;101;0;1;land;false;plains;5
13936;107;16;1;land;false;plains;5
13937;37;18;1;land;false;plains;5
13938;67;4;1;land;false;plains;5
13939;69;0;1;land;false;plains;5
13940;75;28;1;land;false;plains;5
13941;36;34;1;land;false;plains;5
13942;75;7;1;land;false;forest;5
13943;64;30;1;land;false;plains;5
13944;41;39;1;land;false;plains;5
13945;69;24;1;land;false;plains;5
13946;126;239;1;land;false;plains;5
13947;163;209;1;land;false;plains;5
13948;97;249;1;land;false;plains;5
13949;121;240;1;land;false;plains;5
13950;99;213;1;land;false;plains;5
13951;105;245;1;land;false;forest;5
13952;98;245;1;land;false;forest;5
13953;174;199;1;land;false;plains;5
13954;165;195;1;land;false;plains;5
13955;152;252;1;land;false;plains;5
13956;111;192;1;land;false;plains;5
13957;114;228;1;land;false;plains;5
13958;115;242;1;land;false;plains;5
13959;143;202;1;land;false;plains;5
13960;123;189;1;land;false;plains;5
13961;120;187;1;land;false;plains;5
13962;135;189;1;land;false;plains;5
13963;238;194;1;land;false;forest;5
13964;253;245;1;land;false;forest;5
13965;252;209;1;land;false;plains;5
13966;236;212;1;land;false;forest;5
13967;245;235;1;land;false;forest;5
13968;241;198;1;land;false;forest;5
13969;228;230;1;land;false;forest;5
13970;217;242;1;land;false;forest;5
13971;213;232;1;land;false;forest;5
13972;249;248;1;land;false;forest;5
13973;247;213;1;land;false;forest;5
13974;212;195;1;land;false;forest;5
13975;249;218;1;land;false;forest;5
13976;241;210;1;land;false;plains;5
13977;229;215;1;land;false;plains;5
13978;223;240;1;land;false;plains;5
13979;239;247;1;land;false;forest;5
13980;232;215;1;land;false;forest;5
13981;217;241;1;land;false;plains;5
13982;223;243;1;land;false;plains;5
13983;245;193;1;land;false;plains;5
13984;253;233;1;land;false;plains;5
13985;238;230;1;land;false;forest;5
13986;213;227;1;land;false;forest;5
13987;244;231;1;land;false;forest;5
13988;210;209;1;land;false;forest;5
13989;224;249;1;land;false;forest;5
13990;230;242;1;land;false;plains;5
13991;233;237;1;land;false;forest;5
13992;217;212;1;land;false;forest;5
13993;224;190;1;land;false;plains;5
13994;253;192;1;land;false;forest;5
13995;216;238;1;land;false;plains;5
13996;221;251;1;land;false;plains;5
13997;227;243;1;land;false;forest;5
13998;228;223;1;land;false;forest;5
13999;227;206;1;land;false;plains;5
14000;246;221;1;land;false;forest;5
14001;226;217;1;land;false;forest;5
14002;249;228;1;land;false;forest;5
14003;217;117;1;land;false;forest;5
14004;232;39;1;land;false;plains;5
14005;190;60;1;land;false;forest;5
14006;222;81;1;land;false;forest;5
14007;211;60;1;land;false;plains;5
14008;173;42;1;land;false;forest;5
14009;208;105;1;land;false;forest;5
14010;228;59;1;land;false;forest;5
14011;218;77;1;land;false;plains;5
14012;232;104;1;land;false;forest;5
14013;197;65;1;land;false;forest;5
14014;193;94;1;land;false;forest;5
14015;221;102;1;land;false;plains;5
14016;190;115;1;land;false;forest;5
14017;189;83;1;land;false;forest;5
14018;195;113;1;land;false;plains;5
14019;221;86;1;land;false;forest;5
14020;183;67;1;land;false;forest;5
14021;170;85;1;land;false;forest;5
14022;216;47;1;land;false;forest;5
14023;240;52;1;land;false;plains;5
14024;230;74;1;land;false;forest;5
14025;246;81;1;land;false;forest;5
14026;206;60;1;land;false;plains;5
14027;58;176;1;land;false;forest;5
14028;55;176;1;land;false;forest;5
14029;51;173;1;land;false;forest;5
14030;30;217;1;land;false;forest;5
14031;29;221;1;land;false;forest;5
14032;46;238;1;land;false;forest;5
14033;73;229;1;land;false;forest;5
14034;70;179;1;land;false;forest;5
14035;90;167;1;land;false;forest;5
14036;54;206;1;land;false;forest;5
14037;145;171;1;land;false;plains;5
14038;183;187;1;land;false;forest;5
14039;139;180;1;land;false;plains;5
14040;179;173;1;land;false;forest;5
14041;167;198;1;land;false;plains;5
14042;160;184;1;land;false;forest;5
14043;150;166;1;land;false;forest;5
14044;149;207;1;land;false;plains;5
14045;180;227;1;land;false;forest;5
14046;200;244;1;land;false;plains;5
14047;189;231;1;land;false;forest;5
14048;194;171;1;land;false;forest;5
14049;146;191;1;land;false;forest;5
14050;143;227;1;land;false;forest;5
14051;128;217;1;land;false;forest;5
14052;141;213;1;land;false;forest;5
14053;182;184;1;land;false;forest;5
14054;145;232;1;land;false;plains;5
14055;186;195;1;land;false;forest;5
14056;187;243;1;land;false;forest;5
14057;184;195;1;land;false;plains;5
14058;148;243;1;land;false;forest;5
14059;196;227;1;land;false;plains;5
14060;177;226;1;land;false;forest;5
14061;183;223;1;land;false;plains;5
14062;199;220;1;land;false;plains;5
14063;192;186;1;land;false;plains;5
14064;139;224;1;land;false;plains;5
14065;162;176;1;land;false;forest;5
14066;164;185;1;land;false;forest;5
14067;146;216;1;land;false;forest;5
14068;164;204;1;land;false;forest;5
14069;183;226;1;land;false;forest;5
14070;132;209;1;land;false;plains;5
14071;131;214;1;land;false;forest;5
14072;165;239;1;land;false;plains;5
14073;177;169;1;land;false;forest;5
14074;151;189;1;land;false;forest;5
14075;136;199;1;land;false;plains;5
14076;217;182;1;land;false;plains;5
14077;241;184;1;land;false;forest;5
14078;208;136;1;land;false;plains;5
14079;230;171;1;land;false;plains;5
14080;213;205;1;land;false;forest;5
14081;242;170;1;land;false;forest;5
14082;230;143;1;land;false;plains;5
14083;214;184;1;land;false;plains;5
14084;251;197;1;land;false;forest;5
14085;196;173;1;land;false;plains;5
14086;232;181;1;land;false;forest;5
14087;249;206;1;land;false;forest;5
14088;228;140;1;land;false;plains;5
14089;247;135;1;land;false;plains;5
14090;217;138;1;land;false;plains;5
14091;229;212;1;land;false;forest;5
14092;216;157;1;land;false;plains;5
14093;213;138;1;land;false;plains;5
14094;200;195;1;land;false;plains;5
14095;218;135;1;land;false;forest;5
14096;248;146;1;land;false;plains;5
14097;236;150;1;land;false;plains;5
14098;204;141;1;land;false;plains;5
14099;243;208;1;land;false;plains;5
14100;249;200;1;land;false;plains;5
14101;254;188;1;land;false;plains;5
14102;215;87;1;land;false;plains;5
14103;239;68;1;land;false;forest;5
14104;219;81;1;land;false;forest;5
14105;224;40;1;land;false;plains;5
14106;195;36;1;land;false;forest;5
14107;222;64;1;land;false;plains;5
14108;204;78;1;land;false;plains;5
14109;204;70;1;land;false;plains;5
14110;202;36;1;land;false;forest;5
14111;213;23;1;land;false;plains;5
14112;197;94;1;land;false;plains;5
14113;235;16;1;land;false;plains;5
14114;209;43;1;land;false;plains;5
14115;234;27;1;land;false;forest;5
14116;225;63;1;land;false;forest;5
14117;230;19;1;land;false;plains;5
14118;234;16;1;land;false;plains;5
14119;81;195;1;land;false;forest;5
14120;135;175;1;land;false;plains;5
14121;74;198;1;land;false;forest;5
14122;115;200;1;land;false;forest;5
14123;85;158;1;land;false;forest;5
14124;124;149;1;land;false;plains;5
14125;152;214;1;land;false;forest;5
14126;108;201;1;land;false;plains;5
14127;110;194;1;land;false;plains;5
14128;114;222;1;land;false;forest;5
14129;131;153;1;land;false;forest;5
14130;113;183;1;land;false;plains;5
14131;121;180;1;land;false;forest;5
14132;74;159;1;land;false;plains;5
14133;115;181;1;land;false;plains;5
14134;86;170;1;land;false;plains;5
14135;142;178;1;land;false;forest;5
14136;81;159;1;land;false;plains;5
14137;139;193;1;land;false;forest;5
14138;130;191;1;land;false;forest;5
14139;84;148;1;land;false;forest;5
14140;118;215;1;land;false;forest;5
14141;131;156;1;land;false;forest;5
14142;116;173;1;land;false;plains;5
14143;123;173;1;land;false;plains;5
14144;100;216;1;land;false;plains;5
14145;111;161;1;land;false;forest;5
14146;147;217;1;land;false;forest;5
14147;123;170;1;land;false;forest;5
14148;93;176;1;land;false;plains;5
14149;85;145;1;land;false;forest;5
14150;79;185;1;land;false;forest;5
14151;80;177;1;land;false;forest;5
14152;103;178;1;land;false;plains;5
14153;84;222;1;land;false;forest;5
14154;122;212;1;land;false;forest;5
14155;74;65;1;land;false;forest;5
14156;69;73;1;land;false;forest;5
14157;54;12;1;land;false;plains;5
14158;48;21;1;land;false;forest;5
14159;86;25;1;land;false;forest;5
14160;113;19;1;land;false;forest;5
14161;94;24;1;land;false;forest;5
14162;61;32;1;land;false;forest;5
14163;58;21;1;land;false;forest;5
14164;42;14;1;land;false;forest;5
14165;90;52;1;land;false;forest;5
14166;64;47;1;land;false;forest;5
14167;98;62;1;land;false;forest;5
14168;83;65;1;land;false;forest;5
14169;86;13;1;land;false;forest;5
14170;114;71;1;land;false;forest;5
14171;65;53;1;land;false;forest;5
14172;50;12;1;land;false;forest;5
14173;72;49;1;land;false;forest;5
14174;52;6;1;land;false;forest;5
14175;72;5;1;land;false;forest;5
14176;44;37;1;land;false;forest;5
14177;97;13;1;land;false;forest;5
14178;65;49;1;land;false;forest;5
14179;43;40;1;land;false;jungle;5
14180;68;60;1;land;false;forest;5
14181;97;66;1;land;false;forest;5
14182;89;44;1;land;false;forest;5
14183;106;69;1;land;false;forest;5
14184;99;3;1;land;false;forest;5
14185;68;45;1;land;false;forest;5
14186;55;33;1;land;false;plains;5
14187;112;23;1;land;false;forest;5
14188;41;65;1;land;false;forest;5
14189;84;59;1;land;false;forest;5
14190;84;22;1;land;false;forest;5
14191;112;18;1;land;false;forest;5
14192;113;20;1;land;false;jungle;5
14193;95;71;1;land;false;forest;5
14194;178;20;1;land;false;forest;5
14195;198;43;1;land;false;plains;5
14196;196;8;1;land;false;plains;5
14197;215;56;1;land;false;plains;5
14198;198;1;1;land;false;plains;5
14199;179;35;1;land;false;plains;5
14200;159;25;1;land;false;plains;5
14201;155;64;1;land;false;plains;5
14202;216;13;1;land;false;forest;5
14203;198;27;1;land;false;plains;5
14204;161;46;1;land;false;plains;5
14205;188;48;1;land;false;forest;5
14206;150;57;1;land;false;plains;5
14207;201;9;1;land;false;plains;5
14208;154;18;1;land;false;plains;5
14209;213;14;1;land;false;plains;5
14210;174;21;1;land;false;forest;5
14211;200;21;1;land;false;plains;5
14212;194;5;1;land;false;plains;5
14213;164;17;1;land;false;plains;5
14214;140;49;1;land;false;forest;5
14215;183;19;1;land;false;plains;5
14216;176;14;1;land;false;plains;5
14217;191;12;1;land;false;plains;5
14218;161;1;1;land;false;plains;5
14219;143;13;1;land;false;plains;5
14220;168;19;1;land;false;plains;5
14221;189;21;1;land;false;plains;5
14222;146;43;1;land;false;plains;5
14223;145;68;1;land;false;plains;5
14224;208;53;1;land;false;plains;5
14225;155;48;1;land;false;plains;5
14226;150;56;1;land;false;plains;5
14227;167;42;1;land;false;forest;5
14228;178;18;1;land;false;plains;5
14229;215;29;1;land;false;plains;5
14230;200;33;1;land;false;plains;5
14231;253;25;1;land;false;plains;5
14232;231;27;1;land;false;plains;5
14233;224;18;1;land;false;plains;5
14234;229;3;1;land;false;plains;5
14235;215;14;1;land;false;plains;5
14236;233;6;1;land;false;plains;5
14237;232;1;1;land;false;plains;5
14238;235;7;1;land;false;plains;5
14239;244;2;1;land;false;plains;5
14240;235;1;1;land;false;plains;5
14241;231;38;1;land;false;plains;5
14242;243;6;1;land;false;plains;5
14243;221;39;1;land;false;plains;5
14244;221;24;1;land;false;plains;5
14245;242;26;1;land;false;forest;5
14246;253;35;1;land;false;plains;5
14247;211;27;1;land;false;plains;5
14248;235;41;1;land;false;plains;5
14249;245;33;1;land;false;plains;5
14250;249;34;1;land;false;plains;5
14251;222;30;1;land;false;plains;5
14252;242;37;1;land;false;plains;5
14253;246;30;1;land;false;plains;5
14254;244;43;1;land;false;plains;5
14255;241;17;1;land;false;plains;5
14256;209;17;1;land;false;plains;5
14257;212;38;1;land;false;plains;5
14258;238;28;1;land;false;plains;5
14259;240;9;1;land;false;plains;5
14260;233;43;1;land;false;plains;5
14261;226;17;1;land;false;plains;5
14262;209;24;1;land;false;plains;5
14263;213;1;1;land;false;plains;5
14264;236;31;1;land;false;plains;5
14265;236;23;1;land;false;plains;5
14266;226;14;1;land;false;plains;5
14267;235;13;1;land;false;plains;5
14268;230;42;1;land;false;plains;5
14269;229;18;1;land;false;plains;5
14270;219;9;1;land;false;plains;5
14271;250;6;1;land;false;plains;5
14272;241;30;1;land;false;plains;5
14273;226;3;1;land;false;plains;5
14274;246;20;1;land;false;plains;5
14275;235;6;1;land;false;plains;5
14276;218;8;1;land;false;plains;5
14277;212;25;1;land;false;plains;5
14278;253;30;1;land;false;plains;5
14279;124;157;1;land;false;forest;5
14280;69;148;1;land;false;plains;5
14281;108;165;1;land;false;plains;5
14282;61;124;1;land;false;plains;5
14283;132;123;1;land;false;plains;5
14284;106;122;1;land;false;plains;5
14285;130;116;1;land;false;plains;5
14286;60;115;1;land;false;forest;5
14287;66;88;1;land;false;plains;5
14288;119;90;1;land;false;forest;5
14289;69;139;1;land;false;plains;5
14290;103;124;1;land;false;plains;5
14291;92;149;1;land;false;plains;5
14292;87;164;1;land;false;plains;5
14293;125;92;1;land;false;plains;5
14294;130;132;1;land;false;forest;5
14295;66;94;1;land;false;plains;5
14296;89;147;1;land;false;forest;5
14297;96;111;1;land;false;plains;5
14298;105;94;1;land;false;plains;5
14299;128;107;1;land;false;plains;5
14300;107;160;1;land;false;plains;5
14301;114;157;1;land;false;plains;5
14302;85;103;1;land;false;forest;5
14303;116;91;1;land;false;plains;5
14304;96;152;1;land;false;plains;5
14305;222;102;1;land;false;plains;5
14306;191;95;1;land;false;plains;5
14307;190;168;1;land;false;plains;5
14308;218;153;1;land;false;plains;5
14309;202;143;1;land;false;plains;5
14310;229;113;1;land;false;plains;5
14311;193;140;1;land;false;forest;5
14312;227;157;1;land;false;plains;5
14313;176;163;1;land;false;plains;5
14314;195;153;1;land;false;forest;5
14315;235;166;1;land;false;plains;5
14316;191;91;1;land;false;plains;5
14317;229;99;1;land;false;plains;5
14318;166;100;1;land;false;plains;5
14319;217;135;1;land;false;plains;5
14320;180;130;1;land;false;plains;5
14321;201;167;1;land;false;plains;5
14322;230;112;1;land;false;plains;5
14323;172;128;1;land;false;plains;5
14324;167;116;1;land;false;plains;5
14325;174;135;1;land;false;plains;5
14326;233;116;1;land;false;plains;5
14327;200;162;1;land;false;plains;5
14328;241;164;1;land;false;plains;5
14329;228;158;1;land;false;plains;5
14330;165;132;1;land;false;plains;5
14331;169;157;1;land;false;plains;5
14332;186;108;1;land;false;plains;5
14333;185;149;1;land;false;plains;5
14334;215;97;1;land;false;plains;5
14335;210;102;1;land;false;plains;5
14336;187;95;1;land;false;plains;5
14337;188;130;1;land;false;plains;5
14338;196;163;1;land;false;plains;5
14339;179;133;1;land;false;forest;5
14340;202;110;1;land;false;plains;5
14341;209;156;1;land;false;plains;5
14342;211;164;1;land;false;plains;5
14343;197;129;1;land;false;plains;5
14344;52;118;1;land;false;forest;5
14345;37;109;1;land;false;forest;5
14346;2;122;1;land;false;plains;5
14347;33;98;1;land;false;forest;5
14348;15;113;1;land;false;forest;5
14349;47;118;1;land;false;plains;5
14350;30;103;1;land;false;forest;5
14351;28;115;1;land;false;plains;5
14352;6;94;1;land;false;forest;5
14353;53;59;1;land;false;jungle;5
14354;85;13;1;land;false;forest;5
14355;85;46;1;land;false;forest;5
14356;83;59;1;land;false;forest;5
14357;92;8;1;land;false;forest;5
14358;46;73;1;land;false;forest;5
14359;57;46;1;land;false;forest;5
14360;120;53;1;land;false;forest;5
14361;97;40;1;land;false;jungle;5
14362;100;19;1;land;false;forest;5
14363;61;67;1;land;false;forest;5
14364;90;14;1;land;false;forest;5
14365;46;60;1;land;false;forest;5
14366;69;76;1;land;false;forest;5
14367;98;40;1;land;false;forest;5
14368;75;62;1;land;false;forest;5
14369;91;69;1;land;false;forest;5
14370;88;33;1;land;false;forest;5
14371;63;37;1;land;false;forest;5
14372;50;0;1;land;false;forest;5
14373;45;17;1;land;false;forest;5
14374;63;41;1;land;false;forest;5
14375;112;53;1;land;false;forest;5
14376;98;16;1;land;false;forest;5
14377;105;57;1;land;false;jungle;5
14378;56;33;1;land;false;forest;5
14379;78;71;1;land;false;forest;5
14380;113;22;1;land;false;forest;5
14381;114;5;1;land;false;forest;5
14382;41;21;1;land;false;forest;5
14383;76;24;1;land;false;forest;5
14384;87;32;1;land;false;forest;5
14385;50;60;1;land;false;forest;5
14386;51;69;1;land;false;forest;5
14387;106;67;1;land;false;forest;5
14388;71;37;1;land;false;forest;5
14389;105;30;1;land;false;forest;5
14390;44;63;1;land;false;forest;5
14391;60;21;1;land;false;forest;5
14392;107;5;1;land;false;forest;5
14393;74;15;1;land;false;forest;5
14394;85;21;1;land;false;jungle;5
14395;92;33;1;land;false;forest;5
14396;80;11;1;land;false;forest;5
14397;115;65;1;land;false;forest;5
14398;90;1;1;land;false;forest;5
14399;87;44;1;land;false;forest;5
14400;74;72;1;land;false;forest;5
14401;99;17;1;land;false;forest;5
14402;115;26;1;land;false;forest;5
14403;91;4;1;land;false;forest;5
14404;66;13;1;land;false;forest;5
14405;105;65;1;land;false;forest;5
14406;68;48;1;land;false;jungle;5
14407;94;33;1;land;false;forest;5
14408;54;75;1;land;false;forest;5
14409;82;43;1;land;false;forest;5
14410;88;7;1;land;false;forest;5
14411;117;0;1;land;false;forest;5
14412;114;32;1;land;false;forest;5
14413;103;56;1;land;false;forest;5
14414;58;69;1;land;false;forest;5
14415;117;34;1;land;false;forest;5
14416;100;71;1;land;false;forest;5
14417;100;49;1;land;false;forest;5
14418;96;58;1;land;false;jungle;5
14419;77;71;1;land;false;forest;5
14420;101;20;1;land;false;forest;5
14421;90;40;1;land;false;forest;5
14422;106;30;1;land;false;forest;5
14423;71;26;1;land;false;forest;5
14424;46;19;1;land;false;plains;5
14425;54;24;1;land;false;forest;5
14426;115;3;1;land;false;forest;5
14427;50;9;1;land;false;plains;5
14428;80;17;1;land;false;plains;5
14429;92;40;1;land;false;forest;5
14430;114;139;1;land;false;forest;5
14431;107;153;1;land;false;forest;5
14432;56;153;1;land;false;jungle;5
14433;102;152;1;land;false;forest;5
14434;70;149;1;land;false;plains;5
14435;97;136;1;land;false;jungle;5
14436;108;197;1;land;false;forest;5
14437;65;165;1;land;false;forest;5
14438;114;180;1;land;false;forest;5
14439;81;157;1;land;false;jungle;5
14440;89;158;1;land;false;forest;5
14441;117;206;1;land;false;forest;5
14442;64;177;1;land;false;forest;5
14443;69;178;1;land;false;forest;5
14444;117;189;1;land;false;jungle;5
14445;104;147;1;land;false;forest;5
14446;45;155;1;land;false;jungle;5
14447;50;161;1;land;false;forest;5
14448;168;236;1;land;false;jungle;5
14449;146;249;1;land;false;plains;5
14450;176;240;1;land;false;jungle;5
14451;135;209;1;land;false;forest;5
14452;205;212;1;land;false;jungle;5
14453;151;219;1;land;false;jungle;5
14454;191;231;1;land;false;jungle;5
14455;201;252;1;land;false;forest;5
14456;183;228;1;land;false;forest;5
14457;189;223;1;land;false;jungle;5
14458;203;225;1;land;false;jungle;5
14459;15;216;1;land;false;plains;5
14460;32;219;1;land;false;plains;5
14461;1;248;1;land;false;forest;5
14462;29;225;1;land;false;forest;5
14463;17;201;1;land;false;plains;5
14464;11;227;1;land;false;plains;5
14465;55;241;1;land;false;plains;5
14466;3;249;1;land;false;forest;5
14467;48;216;1;land;false;plains;5
14468;25;251;1;land;false;forest;5
14469;8;200;1;land;false;forest;5
14470;44;250;1;land;false;plains;5
14471;41;241;1;land;false;plains;5
14472;10;246;1;land;false;plains;5
14473;9;223;1;land;false;plains;5
14474;12;66;1;land;false;plains;5
14475;3;62;1;land;false;forest;5
14476;41;118;1;land;false;plains;5
14477;36;107;1;land;false;plains;5
14478;33;108;1;land;false;forest;5
14479;11;127;1;land;false;plains;5
14480;35;80;1;land;false;forest;5
14481;49;104;1;land;false;plains;5
14482;32;111;1;land;false;forest;5
14483;8;122;1;land;false;forest;5
14484;0;120;1;land;false;plains;5
14485;18;62;1;land;false;forest;5
14486;25;94;1;land;false;plains;5
14487;42;118;1;land;false;plains;5
14488;36;70;1;land;false;plains;5
14489;8;117;1;land;false;forest;5
14490;33;129;1;land;false;plains;5
14491;8;120;1;land;false;forest;5
14492;49;75;1;land;false;forest;5
14493;8;110;1;land;false;forest;5
14494;37;59;1;land;false;plains;5
14495;44;134;1;land;false;forest;5
14496;41;122;1;land;false;forest;5
14497;25;70;1;land;false;forest;5
14498;12;92;1;land;false;plains;5
14499;11;91;1;land;false;forest;5
14500;21;91;1;land;false;plains;5
14501;17;63;1;land;false;forest;5
14502;7;115;1;land;false;forest;5
14503;46;92;1;land;false;plains;5
14504;32;70;1;land;false;forest;5
14505;39;83;1;land;false;forest;5
14506;5;71;1;land;false;plains;5
14507;41;71;1;land;false;forest;5
14508;45;119;1;land;false;plains;5
14509;28;62;1;land;false;plains;5
14510;32;115;1;land;false;plains;5
14511;5;73;1;land;false;plains;5
14512;18;125;1;land;false;plains;5
14513;11;72;1;land;false;plains;5
14514;5;72;1;land;false;plains;5
14515;51;75;1;land;false;forest;5
14516;2;98;1;land;false;forest;5
14517;26;111;1;land;false;forest;5
14518;29;114;1;land;false;plains;5
14519;24;60;1;land;false;forest;5
14520;34;121;1;land;false;forest;5
14521;16;97;1;land;false;plains;5
14522;13;89;1;land;false;forest;5
14523;30;136;1;land;false;plains;5
14524;24;120;1;land;false;forest;5
14525;23;125;1;land;false;forest;5
14526;14;125;1;land;false;forest;5
14527;19;81;1;land;false;plains;5
14528;207;233;1;land;false;plains;5
14529;204;242;1;land;false;plains;5
14530;228;221;1;land;false;plains;5
14531;208;212;1;land;false;plains;5
14532;237;216;1;land;false;plains;5
14533;185;234;1;land;false;plains;5
14534;215;187;1;land;false;plains;5
14535;197;211;1;land;false;plains;5
14536;204;189;1;land;false;plains;5
14537;203;249;1;land;false;plains;5
14538;218;204;1;land;false;plains;5
14539;223;218;1;land;false;plains;5
14540;189;185;1;land;false;plains;5
14541;198;189;1;land;false;plains;5
14542;193;239;1;land;false;plains;5
14543;18;168;1;land;false;plains;5
14544;19;199;1;land;false;plains;5
14545;41;194;1;land;false;plains;5
14546;0;199;1;land;false;plains;5
14547;8;193;1;land;false;plains;5
14548;32;228;1;land;false;plains;5
14549;14;154;1;land;false;plains;5
14550;26;223;1;land;false;plains;5
14551;72;202;1;land;false;plains;5
14552;26;155;1;land;false;plains;5
14553;71;183;1;land;false;plains;5
14554;55;164;1;land;false;plains;5
14555;0;212;1;land;false;plains;5
14556;17;170;1;land;false;plains;5
14557;35;180;1;land;false;plains;5
14558;36;165;1;land;false;plains;5
14559;11;198;1;land;false;plains;5
14560;40;156;1;land;false;plains;5
14561;63;224;1;land;false;plains;5
14562;70;185;1;land;false;plains;5
14563;21;185;1;land;false;plains;5
14564;68;168;1;land;false;plains;5
14565;37;159;1;land;false;plains;5
14566;21;181;1;land;false;plains;5
14567;71;190;1;land;false;plains;5
14568;29;193;1;land;false;plains;5
14569;58;227;1;land;false;plains;5
14570;41;196;1;land;false;plains;5
14571;22;210;1;land;false;plains;5
14572;72;184;1;land;false;plains;5
14573;7;218;1;land;false;plains;5
14574;50;189;1;land;false;plains;5
14575;15;160;1;land;false;plains;5
14576;24;163;1;land;false;plains;5
14577;56;201;1;land;false;plains;5
14578;70;195;1;land;false;plains;5
14579;3;178;1;land;false;plains;5
14580;21;188;1;land;false;plains;5
14581;51;157;1;land;false;plains;5
14582;63;216;1;land;false;plains;5
14583;65;222;1;land;false;plains;5
14584;45;211;1;land;false;plains;5
14585;50;227;1;land;false;plains;5
14586;70;187;1;land;false;plains;5
14587;71;187;1;land;false;plains;5
14588;28;213;1;land;false;plains;5
14589;13;218;1;land;false;plains;5
14590;75;170;1;land;false;plains;5
14591;45;191;1;land;false;plains;5
14592;106;218;1;land;false;forest;5
14593;173;163;1;land;false;forest;5
14594;106;223;1;land;false;forest;5
14595;156;209;1;land;false;forest;5
14596;176;160;1;land;false;plains;5
14597;175;159;1;land;false;plains;5
14598;127;175;1;land;false;plains;5
14599;142;219;1;land;false;forest;5
14600;143;209;1;land;false;forest;5
14601;126;219;1;land;false;plains;5
14602;155;225;1;land;false;forest;5
14603;176;168;1;land;false;forest;5
14604;123;47;1;land;false;plains;5
14605;120;48;1;land;false;plains;5
14606;67;3;1;land;false;plains;5
14607;87;53;1;land;false;plains;5
14608;142;45;1;land;false;plains;5
14609;128;51;1;land;false;plains;5
14610;74;44;1;land;false;plains;5
14611;99;67;1;land;false;plains;5
14612;131;81;1;land;false;plains;5
14613;126;21;1;land;false;plains;5
14614;129;73;1;land;false;plains;5
14615;108;48;1;land;false;forest;5
14616;112;22;1;land;false;forest;5
14617;70;4;1;land;false;plains;5
14618;142;73;1;land;false;plains;5
14619;115;37;1;land;false;plains;5
14620;134;16;1;land;false;forest;5
14621;120;60;1;land;false;plains;5
14622;98;72;1;land;false;plains;5
14623;134;63;1;land;false;plains;5
14624;119;29;1;land;false;plains;5
14625;81;51;1;land;false;forest;5
14626;127;57;1;land;false;plains;5
14627;97;24;1;land;false;forest;5
14628;95;60;1;land;false;plains;5
14629;134;64;1;land;false;plains;5
14630;65;77;1;land;false;plains;5
14631;232;26;1;land;false;plains;5
14632;176;17;1;land;false;plains;5
14633;215;23;1;land;false;plains;5
14634;220;59;1;land;false;plains;5
14635;222;35;1;land;false;forest;5
14636;200;54;1;land;false;plains;5
14637;175;25;1;land;false;plains;5
14638;180;23;1;land;false;plains;5
14639;227;55;1;land;false;plains;5
14640;224;27;1;land;false;plains;5
14641;218;15;1;land;false;plains;5
14642;240;84;1;land;false;plains;5
14643;235;39;1;land;false;plains;5
14644;197;28;1;land;false;plains;5
14645;243;50;1;land;false;plains;5
14646;217;39;1;land;false;plains;5
14647;199;80;1;land;false;plains;5
14648;206;26;1;land;false;plains;5
14649;231;49;1;land;false;plains;5
14650;239;78;1;land;false;plains;5
14651;228;9;1;land;false;plains;5
14652;232;18;1;land;false;plains;5
14653;185;23;1;land;false;plains;5
14654;218;7;1;land;false;plains;5
14655;194;61;1;land;false;plains;5
14656;196;39;1;land;false;plains;5
14657;227;74;1;land;false;plains;5
14658;180;82;1;land;false;forest;5
14659;215;50;1;land;false;plains;5
14660;181;19;1;land;false;plains;5
14661;184;32;1;land;false;plains;5
14662;186;78;1;land;false;plains;5
14663;219;54;1;land;false;plains;5
14664;240;7;1;land;false;plains;5
14665;176;9;1;land;false;plains;5
14666;186;15;1;land;false;plains;5
14667;206;67;1;land;false;plains;5
14668;189;44;1;land;false;forest;5
14669;180;7;1;land;false;plains;5
14670;234;34;1;land;false;plains;5
14671;242;39;1;land;false;plains;5
14672;181;34;1;land;false;plains;5
14673;169;62;1;land;false;plains;5
14674;180;75;1;land;false;plains;5
14675;214;63;1;land;false;plains;5
14676;227;9;1;land;false;plains;5
14677;169;51;1;land;false;plains;5
14678;230;7;1;land;false;plains;5
14679;234;22;1;land;false;plains;5
14680;245;81;1;land;false;plains;5
14681;247;13;1;land;false;plains;5
14682;237;4;1;land;false;plains;5
14683;197;66;1;land;false;plains;5
14684;173;13;1;land;false;plains;5
14685;170;41;1;land;false;plains;5
14686;253;106;1;land;false;plains;5
14687;246;142;1;land;false;plains;5
14688;236;140;1;land;false;plains;5
14689;197;152;1;land;false;plains;5
14690;231;110;1;land;false;forest;5
14691;247;164;1;land;false;plains;5
14692;224;163;1;land;false;plains;5
14693;247;115;1;land;false;plains;5
14694;229;145;1;land;false;forest;5
14695;249;175;1;land;false;forest;5
14696;227;111;1;land;false;plains;5
14697;220;155;1;land;false;plains;5
14698;242;111;1;land;false;plains;5
14699;247;139;1;land;false;plains;5
14700;218;131;1;land;false;plains;5
14701;239;155;1;land;false;forest;5
14702;194;162;1;land;false;plains;5
14703;253;172;1;land;false;forest;5
14704;231;109;1;land;false;plains;5
14705;246;106;1;land;false;plains;5
14706;225;135;1;land;false;plains;5
14707;254;161;1;land;false;plains;5
14708;236;174;1;land;false;plains;5
14709;219;116;1;land;false;plains;5
14710;234;141;1;land;false;plains;5
14711;237;165;1;land;false;plains;5
14712;222;121;1;land;false;plains;5
14713;224;167;1;land;false;forest;5
14714;234;177;1;land;false;forest;5
14715;240;114;1;land;false;plains;5
14716;224;149;1;land;false;forest;5
14717;227;174;1;land;false;plains;5
14718;205;168;1;land;false;plains;5
14719;250;126;1;land;false;plains;5
14720;198;110;1;land;false;plains;5
14721;243;143;1;land;false;plains;5
14722;203;162;1;land;false;plains;5
14723;200;102;1;land;false;plains;5
14724;233;140;1;land;false;plains;5
14725;252;162;1;land;false;forest;5
14726;207;111;1;land;false;plains;5
14727;91;188;1;land;false;plains;5
14728;91;156;1;land;false;plains;5
14729;74;143;1;land;false;plains;5
14730;114;210;1;land;false;plains;5
14731;69;221;1;land;false;plains;5
14732;121;181;1;land;false;plains;5
14733;86;189;1;land;false;plains;5
14734;127;185;1;land;false;plains;5
14735;139;166;1;land;false;plains;5
14736;135;185;1;land;false;plains;5
14737;121;217;1;land;false;plains;5
14738;69;160;1;land;false;plains;5
14739;137;183;1;land;false;plains;5
14740;119;209;1;lake;false;lakes;5
14741;76;170;1;lake;false;lakes;5
14742;124;174;1;land;false;plains;5
14743;135;195;1;land;false;plains;5
14744;106;194;1;land;false;plains;5
14745;75;215;1;land;false;plains;5
14746;70;202;1;land;false;plains;5
14747;97;194;1;land;false;plains;5
14748;105;198;1;land;false;plains;5
14749;179;158;1;land;false;plains;5
14750;181;187;1;land;false;plains;5
14751;179;143;1;land;false;plains;5
14752;170;125;1;land;false;plains;5
14753;197;122;1;land;false;plains;5
14754;185;135;1;land;false;plains;5
14755;153;134;1;land;false;plains;5
14756;195;191;1;land;false;plains;5
14757;169;186;1;land;false;plains;5
14758;159;129;1;land;false;plains;5
14759;160;138;1;land;false;plains;5
14760;210;190;1;land;false;plains;5
14761;207;149;1;land;false;plains;5
14762;174;117;1;land;false;plains;5
14763;182;113;1;land;false;plains;5
14764;141;158;1;land;false;plains;5
14765;142;172;1;land;false;plains;5
14766;169;189;1;land;false;plains;5
14767;136;175;1;land;false;plains;5
14768;200;138;1;land;false;plains;5
14769;160;128;1;land;false;plains;5
14770;170;117;1;land;false;plains;5
14771;169;183;1;land;false;plains;5
14772;190;179;1;land;false;plains;5
14773;167;152;1;land;false;plains;5
14774;184;131;1;land;false;plains;5
14775;204;143;1;land;false;plains;5
14776;174;152;1;land;false;plains;5
14777;176;181;1;land;false;plains;5
14778;162;125;1;land;false;plains;5
14779;148;112;1;land;false;plains;5
14780;23;217;1;land;false;forest;5
14781;28;243;1;land;false;plains;5
14782;51;225;1;land;false;plains;5
14783;76;230;1;land;false;plains;5
14784;21;228;1;land;false;plains;5
14785;42;224;1;land;false;plains;5
14786;57;246;1;land;false;plains;5
14787;13;242;1;land;false;plains;5
14788;18;220;1;land;false;plains;5
14789;61;217;1;land;false;plains;5
14790;81;234;1;land;false;plains;5
14791;83;222;1;land;false;plains;5
14792;70;233;1;land;false;plains;5
14793;207;154;1;land;false;plains;5
14794;203;97;1;land;false;plains;5
14795;220;133;1;land;false;forest;5
14796;189;147;1;land;false;plains;5
14797;219;128;1;land;false;plains;5
14798;228;133;1;land;false;plains;5
14799;227;131;1;land;false;forest;5
14800;234;170;1;land;false;plains;5
14801;215;107;1;land;false;plains;5
14802;212;141;1;land;false;forest;5
14803;250;139;1;land;false;plains;5
14804;229;152;1;land;false;forest;5
14805;236;127;1;land;false;plains;5
14806;190;148;1;land;false;forest;5
14807;208;113;1;land;false;plains;5
14808;244;136;1;land;false;forest;5
14809;249;164;1;land;false;plains;5
14810;214;129;1;land;false;forest;5
14811;198;111;1;land;false;forest;5
14812;198;116;1;land;false;forest;5
14813;198;139;1;land;false;plains;5
14814;234;151;1;land;false;plains;5
14815;200;150;1;land;false;plains;5
14816;216;163;1;land;false;plains;5
14817;228;167;1;land;false;plains;5
14818;249;172;1;land;false;plains;5
14819;209;132;1;land;false;plains;5
14820;234;137;1;land;false;forest;5
14821;199;146;1;land;false;plains;5
14822;249;102;1;land;false;plains;5
14823;238;107;1;land;false;plains;5
14824;253;174;1;land;false;plains;5
14825;249;144;1;land;false;forest;5
14826;240;163;1;land;false;forest;5
14827;208;140;1;land;false;forest;5
14828;222;137;1;land;false;plains;5
14829;224;151;1;land;false;plains;5
14830;240;148;1;land;false;plains;5
14831;250;115;1;land;false;plains;5
14832;236;159;1;land;false;forest;5
14833;250;123;1;land;false;plains;5
14834;248;130;1;land;false;forest;5
14835;242;113;1;land;false;plains;5
14836;160;117;1;land;false;plains;5
14837;149;69;1;land;false;plains;5
14838;111;77;1;land;false;forest;5
14839;131;106;1;land;false;plains;5
14840;147;102;1;land;false;plains;5
14841;113;136;1;land;false;plains;5
14842;170;130;1;land;false;plains;5
14843;114;92;1;land;false;plains;5
14844;131;115;1;land;false;forest;5
14845;133;137;1;land;false;plains;5
14846;150;132;1;land;false;forest;5
14847;181;121;1;land;false;plains;5
14848;124;143;1;land;false;plains;5
14849;106;108;1;land;false;plains;5
14850;118;105;1;land;false;plains;5
14851;157;123;1;land;false;plains;5
14852;131;122;1;land;false;forest;5
14853;126;143;1;land;false;plains;5
14854;116;101;1;land;false;plains;5
14855;179;78;1;land;false;forest;5
14856;222;223;1;land;false;forest;5
14857;213;250;1;land;false;plains;5
14858;245;198;1;land;false;forest;5
14859;254;247;1;land;false;plains;5
14860;247;203;1;land;false;plains;5
14861;222;228;1;land;false;plains;5
14862;213;240;1;land;false;plains;5
14863;217;201;1;land;false;forest;5
14864;233;192;1;land;false;plains;5
14865;252;238;1;land;false;plains;5
14866;242;158;1;land;false;forest;5
14867;215;191;1;land;false;forest;5
14868;222;155;1;land;false;forest;5
14869;236;184;1;land;false;forest;5
14870;234;193;1;land;false;forest;5
14871;202;182;1;land;false;plains;5
14872;210;206;1;land;false;forest;5
14873;228;197;1;land;false;forest;5
14874;115;154;1;land;false;forest;5
14875;106;181;1;land;false;forest;5
14876;128;142;1;land;false;forest;5
14877;75;167;1;land;false;forest;5
14878;119;138;1;land;false;forest;5
14879;60;195;1;land;false;forest;5
14880;107;174;1;land;false;forest;5
14881;124;180;1;land;false;plains;5
14882;67;200;1;land;false;forest;5
14883;97;137;1;land;false;plains;5
14884;72;155;1;land;false;forest;5
14885;55;170;1;land;false;forest;5
14886;125;152;1;land;false;forest;5
14887;109;203;1;land;false;forest;5
14888;114;158;1;land;false;plains;5
14889;93;140;1;land;false;forest;5
14890;55;136;1;land;false;plains;5
14891;59;149;1;land;false;forest;5
14892;89;149;1;land;false;forest;5
14893;75;196;1;land;false;forest;5
14894;78;191;1;land;false;forest;5
14895;121;201;1;land;false;forest;5
14896;83;205;1;land;false;forest;5
14897;60;172;1;land;false;forest;5
14898;122;137;1;land;false;plains;5
14899;93;201;1;land;false;forest;5
14900;116;189;1;land;false;plains;5
14901;54;171;1;land;false;forest;5
14902;34;136;1;land;false;plains;5
14903;16;184;1;land;false;plains;5
14904;52;155;1;land;false;plains;5
14905;36;194;1;land;false;forest;5
14906;19;144;1;land;false;plains;5
14907;38;188;1;land;false;forest;5
14908;71;152;1;land;false;forest;5
14909;29;153;1;land;false;forest;5
14910;67;186;1;land;false;forest;5
14911;37;140;1;land;false;forest;5
14912;20;178;1;land;false;plains;5
14913;40;190;1;land;false;plains;5
14914;53;134;1;land;false;plains;5
14915;75;180;1;land;false;forest;5
14916;28;169;1;land;false;forest;5
14917;79;126;1;land;false;forest;5
14918;90;155;1;land;false;plains;5
14919;49;144;1;land;false;forest;5
14920;21;156;1;land;false;plains;5
14921;51;162;1;land;false;forest;5
14922;63;196;1;land;false;plains;5
14923;82;157;1;land;false;forest;5
14924;24;158;1;land;false;forest;5
14925;196;40;1;land;false;forest;5
14926;206;52;1;land;false;forest;5
14927;136;45;1;land;false;forest;5
14928;172;13;1;land;false;forest;5
14929;138;35;1;land;false;forest;5
14930;207;36;1;land;false;forest;5
14931;191;51;1;land;false;forest;5
14932;201;59;1;land;false;forest;5
14933;199;14;1;land;false;forest;5
14934;152;211;1;land;false;plains;1
14935;114;243;1;land;false;plains;1
14936;140;250;1;land;false;plains;1
14937;106;241;1;land;false;plains;1
14938;97;214;1;land;false;plains;1
14939;113;241;1;land;false;plains;1
14940;108;219;1;land;false;plains;1
14941;99;215;1;land;false;plains;1
14942;125;237;1;land;false;plains;1
14943;105;253;1;land;false;plains;1
14944;85;225;1;land;false;plains;1
14945;103;226;1;land;false;plains;1
14946;87;238;1;land;false;plains;1
14947;142;226;1;land;false;plains;1
14948;161;232;1;land;false;plains;1
14949;142;239;1;land;false;plains;1
14950;88;225;1;land;false;plains;1
14951;140;233;1;land;false;plains;1
14952;121;220;1;land;false;plains;1
14953;86;235;1;land;false;plains;1
14954;146;239;1;land;false;plains;1
14955;147;238;1;land;false;plains;1
14956;121;232;1;land;false;plains;1
14957;93;253;1;land;false;plains;1
14958;152;232;1;land;false;plains;1
14959;162;250;1;land;false;plains;1
14960;166;138;1;land;false;plains;1
14961;186;104;1;land;false;plains;1
14962;197;98;1;land;false;forest;1
14963;207;87;1;land;false;forest;1
14964;184;95;1;land;false;plains;1
14965;157;125;1;land;false;forest;1
14966;175;109;1;land;false;forest;1
14967;172;66;1;land;false;plains;1
14968;183;64;1;land;false;forest;1
14969;175;116;1;land;false;plains;1
14970;193;114;1;land;false;forest;1
14971;172;127;1;land;false;plains;1
14972;175;97;1;land;false;plains;1
14973;170;71;1;land;false;forest;1
14974;209;75;1;land;false;plains;1
14975;177;120;1;land;false;plains;1
14976;227;62;1;land;false;plains;1
14977;224;69;1;land;false;plains;1
14978;216;65;1;land;false;plains;1
14979;235;131;1;land;false;forest;1
14980;167;133;1;land;false;plains;1
14981;201;69;1;land;false;forest;1
14982;186;124;1;land;false;forest;1
14983;170;97;1;land;false;forest;1
14984;192;88;1;land;false;forest;1
14985;175;127;1;land;false;plains;1
14986;232;90;1;land;false;plains;1
14987;228;79;1;land;false;plains;1
14988;208;80;1;land;false;forest;1
14989;222;134;1;land;false;forest;1
14990;166;103;1;land;false;forest;1
14991;228;113;1;land;false;forest;1
14992;221;137;1;land;false;plains;1
14993;212;64;1;land;false;forest;1
14994;230;98;1;land;false;plains;1
14995;232;121;1;land;false;forest;1
14996;216;112;1;land;false;plains;1
14997;197;85;1;land;false;forest;1
14998;209;117;1;land;false;forest;1
14999;221;85;1;land;false;plains;1
15000;202;92;1;land;false;forest;1
15001;168;92;1;land;false;plains;1
15002;222;80;1;land;false;plains;1
15003;221;106;1;land;false;plains;1
15004;157;62;1;land;false;plains;1
15005;210;104;1;land;false;forest;1
15006;199;133;1;land;false;forest;1
15007;163;91;1;land;false;forest;1
15008;196;53;1;land;false;plains;1
15009;223;52;1;land;false;plains;1
15010;212;28;1;land;false;plains;1
15011;196;25;1;land;false;forest;1
15012;241;23;1;land;false;plains;1
15013;241;55;1;land;false;plains;1
15014;202;30;1;land;false;plains;1
15015;246;34;1;land;false;plains;1
15016;217;25;1;land;false;plains;1
15017;251;65;1;land;false;plains;1
15018;203;45;1;land;false;forest;1
15019;246;3;1;land;false;plains;1
15020;235;30;1;land;false;plains;1
15021;253;39;1;land;false;plains;1
15022;231;57;1;land;false;plains;1
15023;214;42;1;land;false;plains;1
15024;208;4;1;land;false;plains;1
15025;207;9;1;land;false;forest;1
15026;249;37;1;land;false;plains;1
15027;202;43;1;land;false;forest;1
15028;196;6;1;land;false;forest;1
15029;247;67;1;land;false;plains;1
15030;237;50;1;land;false;plains;1
15031;237;52;1;land;false;plains;1
15032;211;6;1;land;false;forest;1
15033;228;27;1;land;false;plains;1
15034;213;63;1;land;false;plains;1
15035;222;12;1;land;false;plains;1
15036;212;27;1;land;false;plains;1
15037;210;33;1;land;false;plains;1
15038;204;5;1;land;false;plains;1
15039;198;67;1;land;false;forest;1
15040;244;5;1;land;false;forest;1
15041;253;14;1;land;false;plains;1
15042;233;3;1;land;false;plains;1
15043;236;64;1;land;false;plains;1
15044;195;0;1;land;false;forest;1
15045;210;24;1;land;false;forest;1
15046;253;57;1;land;false;forest;1
15047;242;29;1;land;false;plains;1
15048;220;56;1;land;false;forest;1
15049;231;17;1;land;false;plains;1
15050;83;116;1;land;false;forest;1
15051;8;125;1;land;false;forest;1
15052;19;140;1;land;false;plains;1
15053;63;157;1;land;false;plains;1
15054;29;175;1;land;false;forest;1
15055;53;105;1;land;false;forest;1
15056;45;166;1;land;false;forest;1
15057;51;161;1;land;false;plains;1
15058;38;105;1;land;false;forest;1
15059;73;113;1;land;false;plains;1
15060;67;133;1;land;false;forest;1
15061;17;161;1;land;false;forest;1
15062;50;149;1;land;false;forest;1
15063;36;133;1;land;false;forest;1
15064;31;98;1;land;false;forest;1
15065;89;128;1;land;false;forest;1
15066;55;144;1;land;false;forest;1
15067;44;166;1;land;false;forest;1
15068;41;107;1;land;false;forest;1
15069;15;147;1;land;false;forest;1
15070;28;177;1;land;false;forest;1
15071;61;113;1;land;false;forest;1
15072;64;119;1;land;false;forest;1
15073;51;103;1;land;false;forest;1
15074;60;133;1;land;false;forest;1
15075;90;158;1;land;false;forest;1
15076;42;142;1;land;false;forest;1
15077;15;99;1;land;false;plains;1
15078;24;133;1;land;false;forest;1
15079;88;140;1;land;false;forest;1
15080;45;115;1;land;false;forest;1
15081;84;166;1;land;false;forest;1
15082;48;144;1;land;false;forest;1
15083;73;132;1;land;false;forest;1
15084;50;150;1;land;false;forest;1
15085;81;110;1;land;false;plains;1
15086;57;151;1;land;false;forest;1
15087;72;177;1;land;false;forest;1
15088;69;177;1;land;false;forest;1
15089;53;164;1;land;false;forest;1
15090;47;164;1;land;false;forest;1
15091;111;105;1;land;false;plains;1
15092;140;107;1;land;false;plains;1
15093;136;122;1;land;false;forest;1
15094;141;110;1;land;false;plains;1
15095;149;47;1;land;false;forest;1
15096;109;78;1;land;false;forest;1
15097;135;54;1;land;false;plains;1
15098;142;43;1;land;false;plains;1
15099;142;88;1;land;false;forest;1
15100;136;68;1;land;false;plains;1
15101;139;93;1;land;false;forest;1
15102;166;120;1;land;false;plains;1
15103;182;83;1;land;false;forest;1
15104;135;114;1;land;false;forest;1
15105;156;79;1;land;false;plains;1
15106;136;79;1;land;false;forest;1
15107;114;81;1;land;false;plains;1
15108;167;106;1;land;false;forest;1
15109;157;98;1;land;false;plains;1
15110;111;64;1;land;false;forest;1
15111;161;74;1;land;false;plains;1
15112;105;66;1;land;false;forest;1
15113;176;46;1;land;false;plains;1
15114;150;85;1;land;false;plains;1
15115;147;114;1;land;false;forest;1
15116;127;91;1;land;false;forest;1
15117;119;55;1;land;false;plains;1
15118;145;53;1;land;false;plains;1
15119;129;65;1;land;false;plains;1
15120;195;91;1;land;false;plains;1
15121;203;71;1;land;false;plains;1
15122;151;124;1;land;false;plains;1
15123;218;110;1;land;false;plains;1
15124;217;100;1;land;false;plains;1
15125;192;131;1;land;false;plains;1
15126;155;118;1;land;false;plains;1
15127;202;78;1;land;false;plains;1
15128;210;82;1;land;false;plains;1
15129;214;117;1;land;false;plains;1
15130;172;86;1;land;false;plains;1
15131;177;133;1;land;false;plains;1
15132;199;120;1;land;false;plains;1
15133;188;67;1;land;false;plains;1
15134;205;70;1;land;false;plains;1
15135;161;127;1;land;false;plains;1
15136;221;62;1;land;false;plains;1
15137;181;112;1;land;false;forest;1
15138;155;123;1;land;false;plains;1
15139;205;112;1;land;false;plains;1
15140;153;82;1;land;false;plains;1
15141;210;86;1;land;false;plains;1
15142;164;120;1;land;false;plains;1
15143;153;100;1;land;false;plains;1
15144;145;64;1;land;false;plains;1
15145;223;105;1;land;false;forest;1
15146;172;90;1;land;false;plains;1
15147;61;62;1;land;false;plains;1
15148;115;45;1;land;false;plains;1
15149;92;31;1;land;false;plains;1
15150;83;81;1;land;false;forest;1
15151;72;100;1;land;false;plains;1
15152;85;31;1;land;false;plains;1
15153;71;73;1;land;false;forest;1
15154;93;68;1;land;false;plains;1
15155;60;84;1;land;false;plains;1
15156;71;104;1;land;false;plains;1
15157;71;67;1;land;false;forest;1
15158;119;95;1;land;false;forest;1
15159;55;102;1;land;false;plains;1
15160;67;52;1;land;false;forest;1
15161;123;48;1;land;false;plains;1
15162;86;62;1;land;false;plains;1
15163;110;61;1;land;false;forest;1
15164;107;36;1;land;false;forest;1
15165;108;62;1;land;false;forest;1
15166;129;62;1;land;false;forest;1
15167;71;51;1;land;false;plains;1
15168;66;96;1;land;false;plains;1
15169;65;74;1;land;false;plains;1
15170;70;23;1;land;false;forest;1
15171;113;70;1;land;false;plains;1
15172;106;100;1;land;false;plains;1
15173;55;24;1;land;false;plains;1
15174;60;82;1;land;false;forest;1
15175;73;38;1;land;false;forest;1
15176;90;76;1;land;false;forest;1
15177;123;103;1;land;false;forest;1
15178;61;99;1;land;false;plains;1
15179;86;103;1;land;false;forest;1
15180;119;54;1;land;false;forest;1
15181;88;26;1;land;false;forest;1
15182;93;72;1;land;false;forest;1
15183;82;102;1;land;false;plains;1
15184;64;76;1;land;false;forest;1
15185;68;66;1;land;false;plains;1
15186;115;102;1;land;false;plains;1
15187;104;90;1;land;false;forest;1
15188;61;57;1;land;false;plains;1
15189;129;59;1;land;false;forest;1
15190;57;71;1;land;false;plains;1
15191;61;91;1;land;false;forest;1
15192;74;26;1;land;false;plains;1
15193;57;101;1;land;false;forest;1
15194;76;90;1;land;false;plains;1
15195;84;80;1;land;false;plains;1
15196;95;69;1;land;false;plains;1
15197;64;85;1;land;false;plains;1
15198;62;70;1;land;false;forest;1
15199;65;103;1;land;false;forest;1
15200;81;67;1;land;false;plains;1
15201;53;81;1;land;false;forest;1
15202;55;43;1;land;false;forest;1
15203;103;68;1;land;false;forest;1
15204;129;64;1;land;false;forest;1
15205;109;26;1;land;false;forest;1
15206;115;59;1;land;false;plains;1
15207;104;83;1;land;false;plains;1
15208;126;82;1;land;false;plains;1
15209;119;62;1;land;false;plains;1
15210;70;26;1;land;false;plains;1
15211;109;84;1;land;false;plains;1
15212;79;77;1;land;false;plains;1
15213;90;64;1;land;false;forest;1
15214;86;28;1;land;false;forest;1
15215;68;68;1;land;false;forest;1
15216;84;72;1;land;false;plains;1
15217;116;35;1;land;false;forest;1
15218;98;64;1;land;false;plains;1
15219;106;41;1;land;false;forest;1
15220;123;24;1;land;false;forest;1
15221;89;79;1;land;false;forest;1
15222;128;27;1;land;false;plains;1
15223;126;81;1;land;false;forest;1
15224;73;96;1;land;false;plains;1
15225;117;102;1;land;false;plains;1
15226;125;59;1;land;false;plains;1
15227;122;64;1;land;false;forest;1
15228;80;56;1;land;false;plains;1
15229;62;100;1;land;false;forest;1
15230;119;32;1;land;false;plains;1
15231;86;32;1;land;false;forest;1
15232;50;29;1;land;false;plains;1
15233;76;126;1;land;false;plains;1
15234;89;177;1;land;false;plains;1
15235;100;189;1;land;false;plains;1
15236;98;137;1;land;false;plains;1
15237;145;147;1;land;false;plains;1
15238;107;138;1;land;false;plains;1
15239;151;141;1;land;false;plains;1
15240;82;153;1;land;false;plains;1
15241;76;160;1;land;false;plains;1
15242;144;172;1;land;false;plains;1
15243;120;160;1;land;false;plains;1
15244;107;169;1;land;false;plains;1
15245;129;165;1;land;false;plains;1
15246;105;150;1;land;false;plains;1
15247;91;126;1;land;false;plains;1
15248;76;163;1;land;false;plains;1
15249;87;193;1;land;false;plains;1
15250;133;196;1;land;false;plains;1
15251;146;123;1;land;false;plains;1
15252;10;157;1;land;false;plains;1
15253;38;123;1;land;false;plains;1
15254;8;115;1;land;false;plains;1
15255;52;153;1;land;false;plains;1
15256;22;136;1;land;false;plains;1
15257;57;112;1;land;false;plains;1
15258;42;95;1;land;false;plains;1
15259;12;150;1;land;false;plains;1
15260;2;116;1;land;false;plains;1
15261;31;126;1;land;false;desert;1
15262;4;122;1;land;false;plains;1
15263;0;156;1;land;false;plains;1
15264;37;145;1;land;false;plains;1
15265;66;144;1;land;false;plains;1
15266;58;93;1;land;false;plains;1
15267;2;147;1;land;false;plains;1
15268;29;151;1;land;false;desert;1
15269;66;150;1;land;false;plains;1
15270;19;156;1;land;false;desert;1
15271;69;146;1;land;false;plains;1
15272;3;118;1;land;false;plains;1
15273;27;146;1;land;false;plains;1
15274;40;117;1;land;false;plains;1
15275;37;143;1;land;false;plains;1
15276;58;142;1;land;false;plains;1
15277;71;166;1;land;false;desert;1
15278;45;169;1;land;false;plains;1
15279;47;91;1;land;false;plains;1
15280;22;130;1;land;false;plains;1
15281;30;132;1;land;false;plains;1
15282;32;133;1;land;false;plains;1
15283;67;151;1;land;false;plains;1
15284;38;136;1;land;false;plains;1
15285;70;133;1;land;false;plains;1
15286;41;120;1;land;false;plains;1
15287;45;134;1;land;false;plains;1
15288;8;157;1;land;false;plains;1
15289;63;137;1;land;false;plains;1
15290;41;165;1;land;false;desert;1
15291;27;117;1;land;false;forest;1
15292;15;97;1;land;false;plains;1
15293;27;100;1;land;false;plains;1
15294;44;142;1;land;false;plains;1
15295;195;185;1;land;false;plains;1
15296;253;215;1;land;false;plains;1
15297;231;187;1;land;false;forest;1
15298;250;157;1;land;false;forest;1
15299;246;180;1;land;false;plains;1
15300;247;202;1;land;false;plains;1
15301;228;169;1;land;false;plains;1
15302;254;214;1;land;false;plains;1
15303;235;214;1;land;false;plains;1
15304;218;182;1;land;false;forest;1
15305;207;195;1;land;false;plains;1
15306;234;207;1;land;false;plains;1
15307;235;229;1;land;false;plains;1
15308;239;232;1;land;false;plains;1
15309;224;207;1;land;false;plains;1
15310;188;191;1;land;false;plains;1
15311;188;163;1;land;false;plains;1
15312;236;225;1;land;false;plains;1
15313;238;212;1;land;false;plains;1
15314;235;232;1;land;false;plains;1
15315;196;194;1;land;false;forest;1
15316;223;192;1;land;false;plains;1
15317;247;228;1;land;false;plains;1
15318;218;161;1;land;false;plains;1
15319;249;234;1;land;false;plains;1
15320;247;179;1;land;false;plains;1
15321;209;232;1;land;false;plains;1
15322;204;200;1;land;false;plains;1
15323;232;233;1;land;false;plains;1
15324;252;181;1;land;false;plains;1
15325;229;164;1;land;false;plains;1
15326;126;53;1;land;false;forest;1
15327;127;70;1;land;false;forest;1
15328;146;126;1;land;false;forest;1
15329;170;121;1;land;false;plains;1
15330;137;101;1;land;false;forest;1
15331;156;123;1;land;false;forest;1
15332;135;97;1;land;false;forest;1
15333;188;125;1;land;false;forest;1
15334;124;46;1;land;false;forest;1
15335;143;53;1;land;false;plains;1
15336;172;78;1;land;false;forest;1
15337;173;85;1;land;false;plains;1
15338;175;130;1;land;false;forest;1
15339;129;127;1;land;false;forest;1
15340;114;152;1;land;false;forest;1
15341;135;183;1;land;false;plains;1
15342;124;205;1;land;false;forest;1
15343;144;151;1;land;false;plains;1
15344;134;159;1;land;false;forest;1
15345;141;205;1;land;false;forest;1
15346;161;131;1;land;false;plains;1
15347;153;186;1;land;false;forest;1
15348;153;154;1;land;false;plains;1
15349;125;147;1;land;false;plains;1
15350;164;183;1;land;false;plains;1
15351;110;177;1;land;false;forest;1
15352;180;183;1;land;false;plains;1
15353;140;160;1;land;false;plains;1
15354;168;194;1;land;false;plains;1
15355;120;192;1;land;false;forest;1
15356;138;200;1;land;false;forest;1
15357;159;153;1;land;false;plains;1
15358;114;192;1;land;false;plains;1
15359;119;157;1;land;false;plains;1
15360;145;132;1;land;false;forest;1
15361;149;194;1;land;false;forest;1
15362;107;162;1;land;false;plains;1
15363;119;134;1;land;false;forest;1
15364;148;135;1;land;false;plains;1
15365;117;142;1;land;false;plains;1
15366;229;26;1;land;false;plains;1
15367;225;0;1;land;false;plains;1
15368;252;47;1;land;false;plains;1
15369;223;49;1;land;false;plains;1
15370;212;22;1;land;false;plains;1
15371;211;33;1;land;false;forest;1
15372;220;58;1;land;false;forest;1
15373;248;31;1;land;false;plains;1
15374;208;21;1;land;false;forest;1
15375;210;47;1;land;false;plains;1
15376;254;12;1;land;false;plains;1
15377;247;57;1;land;false;forest;1
15378;212;50;1;land;false;plains;1
15379;216;4;1;land;false;plains;1
15380;212;3;1;land;false;plains;1
15381;223;23;1;land;false;forest;1
15382;91;130;1;land;false;plains;1
15383;107;137;1;land;false;plains;1
15384;104;149;1;land;false;plains;1
15385;93;131;1;land;false;plains;1
15386;94;112;1;land;false;forest;1
15387;131;183;1;land;false;forest;1
15388;85;173;1;land;false;plains;1
15389;90;175;1;land;false;forest;1
15390;104;160;1;land;false;plains;1
15391;111;166;1;land;false;forest;1
15392;135;142;1;land;false;plains;1
15393;106;165;1;land;false;plains;1
15394;67;135;1;land;false;plains;1
15395;118;165;1;land;false;plains;1
15396;103;167;1;land;false;plains;1
15397;129;154;1;land;false;forest;1
15398;102;174;1;land;false;plains;1
15399;110;134;1;land;false;plains;1
15400;138;170;1;land;false;forest;1
15401;140;153;1;land;false;plains;1
15402;132;168;1;land;false;plains;1
15403;98;108;1;land;false;plains;1
15404;123;117;1;land;false;plains;1
15405;104;142;1;land;false;plains;1
15406;88;179;1;land;false;forest;1
15407;119;187;1;land;false;plains;1
15408;142;134;1;land;false;forest;1
15409;69;185;1;land;false;plains;1
15410;112;110;1;land;false;plains;1
15411;79;147;1;land;false;forest;1
15412;93;136;1;land;false;plains;1
15413;110;132;1;land;false;plains;1
15414;101;118;1;land;false;plains;1
15415;137;132;1;land;false;forest;1
15416;128;130;1;land;false;plains;1
15417;136;160;1;land;false;plains;1
15418;88;159;1;land;false;forest;1
15419;65;125;1;land;false;forest;1
15420;96;124;1;land;false;plains;1
15421;116;142;1;land;false;plains;1
15422;86;169;1;land;false;forest;1
15423;126;135;1;land;false;plains;1
15424;89;183;1;land;false;plains;1
15425;103;187;1;land;false;plains;1
15426;124;184;1;land;false;plains;1
15427;137;149;1;land;false;plains;1
15428;116;108;1;land;false;forest;1
15429;113;163;1;land;false;plains;1
15430;110;162;1;land;false;plains;1
15431;101;133;1;land;false;forest;1
15432;132;109;1;land;false;plains;1
15433;112;155;1;land;false;forest;1
15434;127;120;1;land;false;plains;1
15435;65;156;1;land;false;forest;1
15436;74;133;1;land;false;plains;1
15437;64;165;1;land;false;forest;1
15438;89;167;1;land;false;plains;1
15439;93;138;1;land;false;plains;1
15440;66;119;1;land;false;plains;1
15441;77;122;1;land;false;plains;1
15442;40;138;1;land;false;plains;1
15443;59;129;1;land;false;plains;1
15444;102;112;1;land;false;plains;1
15445;56;155;1;land;false;plains;1
15446;72;133;1;land;false;plains;1
15447;92;172;1;land;false;plains;1
15448;31;141;1;land;false;plains;1
15449;90;108;1;land;false;plains;1
15450;48;135;1;land;false;forest;1
15451;44;158;1;land;false;plains;1
15452;59;166;1;land;false;plains;1
15453;99;165;1;land;false;plains;1
15454;42;112;1;land;false;forest;1
15455;102;142;1;land;false;plains;1
15456;95;168;1;land;false;forest;1
15457;65;154;1;land;false;plains;1
15458;95;113;1;land;false;plains;1
15459;62;153;1;land;false;forest;1
15460;51;101;1;land;false;plains;1
15461;30;129;1;land;false;plains;1
15462;47;124;1;land;false;plains;1
15463;86;172;1;land;false;plains;1
15464;48;129;1;land;false;plains;1
15465;51;141;1;land;false;forest;1
15466;36;142;1;land;false;plains;1
15467;72;108;1;land;false;plains;1
15468;24;109;1;land;false;plains;1
15469;96;115;1;land;false;forest;1
15470;59;173;1;land;false;forest;1
15471;75;142;1;land;false;plains;1
15472;46;119;1;land;false;forest;1
15473;27;210;1;land;false;plains;1
15474;71;177;1;land;false;plains;1
15475;73;190;1;land;false;plains;1
15476;26;219;1;land;false;plains;1
15477;25;199;1;land;false;plains;1
15478;20;215;1;land;false;plains;1
15479;1;196;1;land;false;plains;1
15480;60;187;1;land;false;plains;1
15481;17;184;1;land;false;plains;1
15482;23;189;1;land;false;plains;1
15483;39;176;1;land;false;plains;1
15484;11;225;1;land;false;plains;1
15485;18;232;1;land;false;plains;1
15486;58;182;1;land;false;plains;1
15487;53;208;1;land;false;plains;1
15488;35;212;1;land;false;plains;1
15489;58;204;1;land;false;plains;1
15490;41;181;1;land;false;plains;1
15491;30;241;1;land;false;plains;1
15492;15;202;1;land;false;plains;1
15493;25;220;1;land;false;plains;1
15494;56;246;1;land;false;forest;1
15495;65;202;1;land;false;plains;1
15496;13;201;1;land;false;plains;1
15497;18;218;1;land;false;plains;1
15498;50;237;1;land;false;forest;1
15499;48;211;1;land;false;plains;1
15500;27;173;1;land;false;plains;1
15501;48;230;1;land;false;plains;1
15502;6;208;1;land;false;plains;1
15503;6;199;1;land;false;plains;1
15504;68;204;1;land;false;plains;1
15505;5;209;1;land;false;plains;1
15506;48;209;1;land;false;plains;1
15507;41;236;1;land;false;plains;1
15508;64;249;1;land;false;plains;1
15509;47;244;1;land;false;plains;1
15510;36;230;1;land;false;plains;1
15511;50;233;1;land;false;plains;1
15512;11;200;1;land;false;plains;1
15513;43;232;1;land;false;plains;1
15514;66;188;1;land;false;plains;1
15515;35;224;1;land;false;plains;1
15516;16;224;1;land;false;plains;1
15517;49;234;1;land;false;plains;1
15518;78;240;1;land;false;plains;1
15519;5;171;1;land;false;plains;1
15520;46;245;1;land;false;plains;1
15521;29;195;1;land;false;plains;1
15522;39;234;1;land;false;plains;1
15523;44;199;1;land;false;plains;1
15524;78;206;1;land;false;plains;1
15525;59;191;1;land;false;plains;1
15526;24;217;1;land;false;plains;1
15527;46;232;1;land;false;plains;1
15528;28;251;1;land;false;plains;1
15529;67;171;1;land;false;plains;1
15530;17;187;1;land;false;plains;1
15531;32;251;1;land;false;plains;1
15532;7;176;1;land;false;plains;1
15533;33;220;1;land;false;plains;1
15534;29;215;1;land;false;plains;1
15535;24;210;1;land;false;plains;1
15536;52;239;1;land;false;plains;1
15537;19;200;1;land;false;plains;1
15538;32;226;1;land;false;plains;1
15539;47;182;1;land;false;plains;1
15540;45;235;1;land;false;plains;1
15541;45;207;1;land;false;plains;1
15542;69;252;1;land;false;plains;1
15543;13;233;1;land;false;plains;1
15544;43;224;1;land;false;plains;1
15545;6;246;1;land;false;plains;1
15546;14;246;1;land;false;plains;1
15547;2;196;1;land;false;plains;1
15548;9;250;1;land;false;plains;1
15549;10;227;1;land;false;plains;1
15550;14;198;1;land;false;plains;1
15551;40;232;1;land;false;plains;1
15552;112;95;1;land;false;plains;1
15553;159;50;1;land;false;plains;1
15554;174;88;1;land;false;plains;1
15555;111;111;1;land;false;plains;1
15556;150;97;1;land;false;plains;1
15557;145;74;1;land;false;plains;1
15558;180;98;1;land;false;plains;1
15559;143;78;1;land;false;plains;1
15560;169;66;1;land;false;plains;1
15561;162;104;1;land;false;plains;1
15562;138;41;1;land;false;plains;1
15563;188;69;1;land;false;plains;1
15564;143;79;1;land;false;plains;1
15565;152;110;1;land;false;plains;1
15566;169;68;1;land;false;forest;1
15567;112;79;1;land;false;plains;1
15568;186;72;1;land;false;plains;1
15569;170;37;1;land;false;plains;1
15570;145;89;1;land;false;plains;1
15571;143;36;1;land;false;plains;1
15572;123;32;1;land;false;forest;1
15573;153;67;1;land;false;forest;1
15574;166;91;1;land;false;plains;1
15575;152;49;1;land;false;forest;1
15576;146;54;1;land;false;plains;1
15577;186;76;1;land;false;plains;1
15578;155;100;1;land;false;plains;1
15579;166;95;1;land;false;plains;1
15580;178;96;1;land;false;plains;1
15581;152;54;1;land;false;plains;1
15582;158;36;1;land;false;plains;1
15583;117;88;1;land;false;plains;1
15584;167;220;1;land;false;plains;1
15585;184;233;1;land;false;plains;1
15586;130;238;1;land;false;plains;1
15587;161;254;1;land;false;plains;1
15588;135;233;1;land;false;plains;1
15589;194;250;1;land;false;plains;1
15590;187;216;1;land;false;plains;1
15591;159;214;1;land;false;plains;1
15592;182;218;1;land;false;plains;1
15593;184;232;1;land;false;plains;1
15594;194;249;1;land;false;plains;1
15595;163;238;1;land;false;plains;1
15596;164;218;1;land;false;plains;1
15597;178;218;1;land;false;plains;1
15598;145;210;1;land;false;plains;1
15599;172;213;1;land;false;plains;1
15600;153;253;1;land;false;plains;1
15601;128;235;1;land;false;plains;1
15602;121;254;1;land;false;plains;1
15603;124;248;1;land;false;plains;1
15604;163;213;1;land;false;plains;1
15605;180;247;1;land;false;plains;1
15606;181;223;1;land;false;plains;1
15607;192;230;1;land;false;plains;1
15608;180;195;1;land;false;plains;1
15609;169;192;1;land;false;plains;1
15610;202;232;1;land;false;forest;1
15611;201;176;1;land;false;plains;1
15612;214;235;1;land;false;plains;1
15613;198;163;1;land;false;forest;1
15614;231;240;1;land;false;forest;1
15615;219;187;1;land;false;plains;1
15616;234;213;1;land;false;forest;1
15617;241;224;1;land;false;plains;1
15618;207;173;1;land;false;forest;1
15619;253;217;1;land;false;plains;1
15620;221;234;1;land;false;plains;1
15621;218;223;1;land;false;plains;1
15622;215;179;1;land;false;plains;1
15623;204;225;1;land;false;plains;1
15624;237;217;1;land;false;plains;1
15625;252;186;1;land;false;plains;1
15626;225;192;1;land;false;plains;1
15627;229;201;1;land;false;plains;1
15628;216;237;1;land;false;plains;1
15629;193;206;1;land;false;plains;1
15630;252;246;1;land;false;plains;1
15631;204;192;1;land;false;forest;1
15632;253;170;1;land;false;plains;1
15633;223;179;1;land;false;forest;1
15634;240;170;1;land;false;plains;1
15635;203;214;1;land;false;forest;1
15636;214;208;1;land;false;plains;1
15637;249;246;1;land;false;plains;1
15638;232;222;1;land;false;plains;1
15639;199;233;1;land;false;plains;1
15640;249;196;1;land;false;desert;1
15641;208;177;1;land;false;plains;1
15642;210;217;1;land;false;plains;1
15643;195;238;1;land;false;plains;1
15644;237;197;1;land;false;plains;1
15645;220;176;1;land;false;plains;1
15646;218;189;1;land;false;plains;1
15647;246;198;1;land;false;forest;1
15648;245;244;1;land;false;plains;1
15649;216;183;1;land;false;plains;1
15650;236;227;1;land;false;plains;1
15651;209;203;1;land;false;forest;1
15652;214;242;1;land;false;plains;1
15653;236;198;1;land;false;plains;1
15654;237;201;1;land;false;plains;1
15655;202;229;1;land;false;plains;1
15656;226;220;1;land;false;plains;1
15657;254;227;1;land;false;forest;1
15658;223;231;1;land;false;plains;1
15659;215;170;1;land;false;plains;1
15660;194;212;1;land;false;plains;1
15661;227;198;1;land;false;plains;1
15662;221;246;1;land;false;plains;1
15663;251;232;1;land;false;plains;1
15664;222;233;1;land;false;plains;1
15665;225;202;1;land;false;forest;1
15666;217;200;1;land;false;plains;1
15667;216;179;1;land;false;forest;1
15668;227;191;1;land;false;plains;1
15669;217;243;1;land;false;plains;1
15670;238;199;1;land;false;plains;1
15671;213;192;1;land;false;plains;1
15672;223;209;1;land;false;forest;1
15673;219;208;1;land;false;plains;1
15674;156;162;1;land;false;plains;1
15675;194;199;1;land;false;forest;1
15676;151;182;1;land;false;forest;1
15677;198;208;1;land;false;plains;1
15678;188;157;1;land;false;plains;1
15679;176;190;1;land;false;forest;1
15680;192;179;1;land;false;forest;1
15681;175;201;1;land;false;plains;1
15682;167;187;1;land;false;plains;1
15683;156;172;1;land;false;plains;1
15684;162;188;1;land;false;plains;1
15685;157;216;1;land;false;forest;1
15686;191;213;1;land;false;forest;1
15687;214;174;1;land;false;forest;1
15688;166;201;1;land;false;plains;1
15689;218;173;1;land;false;plains;1
15690;214;178;1;land;false;forest;1
15691;150;161;1;land;false;plains;1
15692;170;209;1;land;false;plains;1
15693;168;218;1;land;false;plains;1
15694;179;207;1;land;false;plains;1
15695;212;167;1;land;false;forest;1
15696;185;209;1;land;false;plains;1
15697;229;232;1;land;false;plains;1
15698;174;167;1;land;false;forest;1
15699;153;211;1;land;false;plains;1
15700;211;215;1;land;false;plains;1
15701;190;190;1;land;false;plains;1
15702;179;228;1;land;false;plains;1
15703;209;186;1;land;false;plains;1
15704;173;191;1;land;false;plains;1
15705;159;172;1;land;false;plains;1
15706;218;157;1;land;false;plains;1
15707;156;165;1;land;false;plains;1
15708;161;192;1;land;false;plains;1
15709;178;221;1;land;false;forest;1
15710;222;191;1;land;false;forest;1
15711;171;193;1;land;false;plains;1
15712;216;192;1;land;false;plains;1
15713;158;224;1;land;false;plains;1
15714;229;172;1;land;false;plains;1
15715;207;222;1;land;false;plains;1
15716;176;233;1;land;false;plains;1
15717;112;44;1;land;false;forest;1
15718;92;79;1;land;false;plains;1
15719;94;81;1;land;false;plains;1
15720;53;32;1;land;false;plains;1
15721;67;73;1;land;false;forest;1
15722;75;76;1;land;false;forest;1
15723;82;55;1;land;false;plains;1
15724;114;45;1;land;false;forest;1
15725;104;63;1;land;false;forest;1
15726;60;73;1;land;false;forest;1
15727;118;77;1;land;false;plains;1
15728;97;47;1;land;false;forest;1
15729;63;73;1;land;false;plains;1
15730;60;16;1;land;false;plains;1
15731;62;64;1;land;false;plains;1
15732;99;11;1;land;false;plains;1
15733;68;14;1;land;false;plains;1
15734;72;53;1;land;false;plains;1
15735;115;49;1;land;false;forest;1
15736;120;9;1;land;false;forest;1
15737;77;68;1;land;false;plains;1
15738;46;14;1;land;false;plains;1
15739;119;82;1;land;false;plains;1
15740;125;31;1;land;false;forest;1
15741;89;43;1;land;false;plains;1
15742;74;86;1;land;false;forest;1
15743;58;58;1;land;false;plains;1
15744;62;30;1;land;false;forest;1
15745;98;43;1;land;false;forest;1
15746;71;22;1;land;false;plains;1
15747;74;59;1;land;false;plains;1
15748;115;48;1;land;false;forest;1
15749;107;71;1;land;false;forest;1
15750;80;9;1;land;false;plains;1
15751;106;76;1;land;false;forest;1
15752;61;22;1;land;false;plains;1
15753;74;48;1;land;false;plains;1
15754;117;79;1;land;false;plains;1
15755;77;65;1;land;false;plains;1
15756;66;83;1;land;false;plains;1
15757;74;13;1;land;false;plains;1
15758;106;26;1;land;false;plains;1
15759;64;27;1;land;false;plains;1
15760;110;81;1;land;false;forest;1
15761;20;232;1;land;false;plains;1
15762;55;183;1;land;false;plains;1
15763;17;212;1;land;false;plains;1
15764;70;220;1;land;false;plains;1
15765;15;174;1;land;false;plains;1
15766;60;179;1;land;false;plains;1
15767;62;186;1;land;false;plains;1
15768;41;160;1;lake;false;lakes;1
15769;60;233;1;land;false;plains;1
15770;60;194;1;land;false;plains;1
15771;21;233;1;land;false;plains;1
15772;32;208;1;land;false;forest;1
15773;68;180;1;lake;false;lakes;1
15774;38;229;1;land;false;plains;1
15775;19;198;1;land;false;plains;1
15776;13;175;1;land;false;plains;1
15777;1;189;1;land;false;plains;1
15778;28;211;1;land;false;plains;1
15779;113;118;1;land;false;plains;1
15780;172;113;1;land;false;plains;1
15781;153;117;1;land;false;forest;1
15782;110;110;1;land;false;forest;1
15783;120;112;1;land;false;forest;1
15784;98;159;1;land;false;forest;1
15785;102;126;1;land;false;plains;1
15786;162;116;1;land;false;plains;1
15787;115;136;1;land;false;plains;1
15788;102;160;1;land;false;forest;1
15789;134;150;1;land;false;plains;1
15790;172;146;1;land;false;forest;1
15791;158;117;1;land;false;forest;1
15792;128;115;1;land;false;plains;1
15793;149;116;1;land;false;forest;1
15794;138;154;1;land;false;plains;1
15795;150;36;1;land;false;plains;1
15796;168;29;1;land;false;plains;1
15797;120;8;1;land;false;plains;1
15798;117;10;1;land;false;plains;1
15799;180;26;1;land;false;plains;1
15800;147;2;1;land;false;plains;1
15801;182;11;1;land;false;plains;1
15802;184;12;1;land;false;plains;1
15803;128;19;1;land;false;plains;1
15804;137;5;1;land;false;plains;1
15805;109;8;1;land;false;plains;1
15806;162;24;1;land;false;plains;1
15807;144;29;1;land;false;plains;1
15808;175;18;1;land;false;plains;1
15809;136;22;1;land;false;plains;1
15810;235;125;1;land;false;plains;1
15811;227;140;1;land;false;plains;1
15812;239;90;1;land;false;plains;1
15813;196;129;1;land;false;plains;1
15814;252;115;1;land;false;plains;1
15815;231;143;1;land;false;plains;1
15816;238;98;1;land;false;plains;1
15817;214;140;1;land;false;plains;1
15818;226;83;1;land;false;plains;1
15819;212;151;1;land;false;plains;1
15820;233;114;1;land;false;plains;1
15821;212;95;1;land;false;plains;1
15822;231;151;1;land;false;plains;1
15823;232;91;1;land;false;plains;1
15824;239;126;1;land;false;plains;1
15825;221;153;1;land;false;plains;1
15826;251;97;1;land;false;plains;1
15827;236;80;1;land;false;plains;1
15828;214;144;1;land;false;plains;1
15829;212;91;1;land;false;plains;1
15830;213;106;1;land;false;plains;1
15831;232;111;1;land;false;plains;1
15832;206;91;1;land;false;plains;1
15833;242;138;1;land;false;plains;1
15834;238;127;1;land;false;plains;1
15835;214;160;1;land;false;plains;1
15836;234;107;1;land;false;plains;1
15837;229;149;1;land;false;plains;1
15838;202;88;1;land;false;plains;1
15839;231;147;1;land;false;plains;1
15840;238;112;1;land;false;plains;1
15841;202;129;1;land;false;plains;1
15842;218;136;1;land;false;plains;1
15843;249;97;1;land;false;plains;1
15844;202;157;1;land;false;plains;1
15845;239;158;1;land;false;plains;1
15846;238;87;1;land;false;plains;1
15847;236;154;1;land;false;plains;1
15848;232;157;1;land;false;plains;1
15849;250;97;1;land;false;plains;1
15850;211;122;1;land;false;plains;1
15851;227;82;1;land;false;plains;1
15852;246;158;1;land;false;plains;1
15853;202;87;1;land;false;plains;1
15854;204;110;1;land;false;plains;1
15855;232;87;1;land;false;plains;1
15856;234;146;1;land;false;plains;1
15857;218;158;1;land;false;plains;1
15858;233;152;1;land;false;plains;1
15859;234;157;1;land;false;plains;1
15860;243;117;1;land;false;plains;1
15861;246;103;1;land;false;plains;1
15862;234;149;1;land;false;plains;1
15863;242;88;1;land;false;plains;1
15864;224;132;1;land;false;plains;1
15865;186;84;1;land;false;plains;1
15866;195;130;1;land;false;plains;1
15867;190;98;1;land;false;plains;1
15868;212;106;1;land;false;desert;1
15869;177;74;1;land;false;plains;1
15870;180;138;1;land;false;plains;1
15871;180;89;1;land;false;plains;1
15872;178;93;1;land;false;plains;1
15873;162;129;1;land;false;desert;1
15874;228;109;1;land;false;plains;1
15875;225;89;1;land;false;plains;1
15876;165;75;1;land;false;plains;1
15877;176;105;1;land;false;plains;1
15878;187;112;1;land;false;plains;1
15879;163;102;1;land;false;plains;1
15880;162;59;1;land;false;plains;1
15881;172;42;1;land;false;plains;1
15882;176;93;1;land;false;plains;1
15883;148;94;1;land;false;plains;1
15884;157;47;1;land;false;plains;1
15885;164;83;1;land;false;plains;1
15886;174;75;1;land;false;plains;1
15887;181;56;1;land;false;plains;1
15888;154;36;1;land;false;plains;1
15889;130;94;1;land;false;plains;1
15890;147;63;1;land;false;plains;1
15891;189;106;1;land;false;plains;1
15892;134;50;1;land;false;plains;1
15893;180;29;1;land;false;plains;1
15894;154;48;1;land;false;plains;1
15895;174;85;1;land;false;plains;1
15896;177;98;1;land;false;forest;1
15897;210;136;1;land;false;forest;1
15898;214;125;1;land;false;forest;1
15899;208;76;1;land;false;forest;1
15900;156;98;1;land;false;forest;1
15901;147;97;1;land;false;forest;1
15902;154;64;1;land;false;forest;1
15903;159;131;1;land;false;forest;1
15904;151;73;1;land;false;forest;1
15905;183;88;1;land;false;forest;1
15906;179;141;1;land;false;forest;1
15907;184;142;1;land;false;forest;1
15908;176;119;1;land;false;plains;1
15909;192;75;1;land;false;plains;1
15910;214;97;1;land;false;forest;1
15911;204;112;1;land;false;forest;1
15912;174;103;1;land;false;forest;1
15913;179;119;1;land;false;forest;1
15914;177;121;1;land;false;forest;1
15915;221;121;1;land;false;forest;1
15916;203;120;1;land;false;forest;1
15917;143;91;1;land;false;forest;1
15918;158;130;1;land;false;plains;1
15919;175;142;1;land;false;forest;1
15920;175;135;1;land;false;forest;1
15921;160;130;1;land;false;forest;1
15922;156;93;1;land;false;forest;1
15923;180;110;1;land;false;forest;1
15924;189;138;1;land;false;forest;1
15925;205;114;1;land;false;forest;1
15926;254;92;1;land;false;forest;1
15927;220;111;1;land;false;plains;1
15928;206;105;1;land;false;forest;1
15929;212;128;1;land;false;forest;1
15930;245;98;1;land;false;forest;1
15931;254;93;1;land;false;forest;1
15932;207;131;1;land;false;forest;1
15933;251;108;1;land;false;forest;1
15934;191;84;1;land;false;forest;1
15935;198;134;1;land;false;plains;1
15936;201;97;1;land;false;forest;1
15937;207;133;1;land;false;forest;1
15938;224;95;1;land;false;forest;1
15939;208;155;1;land;false;forest;1
15940;215;111;1;land;false;forest;1
15941;215;84;1;land;false;forest;1
15942;226;78;1;land;false;forest;1
15943;184;115;1;land;false;plains;1
15944;246;133;1;land;false;forest;1
15945;189;115;1;land;false;forest;1
15946;239;122;1;land;false;plains;1
15947;191;80;1;land;false;forest;1
15948;225;128;1;land;false;forest;1
15949;29;104;1;land;false;plains;1
15950;40;71;1;land;false;plains;1
15951;24;91;1;land;false;plains;1
15952;14;89;1;land;false;plains;1
15953;20;107;1;land;false;plains;1
15954;48;99;1;land;false;plains;1
15955;45;58;1;land;false;plains;1
15956;8;34;1;land;false;plains;1
15957;40;105;1;land;false;plains;1
15958;43;89;1;land;false;plains;1
15959;7;33;1;land;false;plains;1
15960;51;36;1;land;false;plains;1
15961;81;3;1;land;false;forest;1
15962;79;20;1;land;false;forest;1
15963;36;16;1;land;false;forest;1
15964;46;22;1;land;false;forest;1
15965;89;21;1;land;false;forest;1
15966;112;42;1;land;false;forest;1
15967;59;22;1;land;false;forest;1
15968;61;18;1;land;false;forest;1
15969;62;15;1;land;false;forest;1
15970;49;19;1;land;false;forest;1
15971;101;39;1;land;false;forest;1
15972;110;24;1;land;false;forest;1
15973;55;23;1;land;false;forest;1
15974;100;29;1;land;false;forest;1
15975;52;1;1;land;false;plains;1
15976;111;12;1;land;false;forest;1
15977;109;29;1;land;false;plains;1
15978;60;9;1;land;false;forest;1
15979;56;39;1;land;false;forest;1
15980;41;3;1;land;false;forest;1
15981;35;7;1;land;false;forest;1
15982;52;10;1;land;false;forest;1
15983;50;11;1;land;false;forest;1
15984;98;18;1;land;false;plains;1
15985;63;22;1;land;false;forest;1
15986;110;7;1;land;false;forest;1
15987;86;35;1;land;false;forest;1
15988;77;36;1;land;false;forest;1
15989;77;14;1;land;false;forest;1
15990;67;8;1;land;false;forest;1
15991;103;1;1;land;false;forest;1
15992;65;17;1;land;false;forest;1
15993;87;35;1;land;false;forest;1
15994;87;20;1;land;false;plains;1
15995;39;4;1;land;false;forest;1
15996;98;41;1;land;false;forest;1
15997;78;7;1;land;false;plains;1
15998;41;15;1;land;false;plains;1
15999;64;29;1;land;false;forest;1
16000;44;40;1;land;false;forest;1
16001;67;14;1;land;false;forest;1
16002;71;41;1;land;false;plains;1
16003;95;22;1;land;false;forest;1
16004;46;4;1;land;false;forest;1
16005;90;19;1;land;false;forest;1
16006;111;2;1;land;false;plains;1
16007;18;201;1;land;false;plains;1
16008;35;190;1;land;false;plains;1
16009;42;186;1;land;false;plains;1
16010;33;190;1;land;false;plains;1
16011;25;143;1;land;false;plains;1
16012;30;179;1;land;false;plains;1
16013;33;164;1;land;false;plains;1
16014;19;181;1;land;false;plains;1
16015;23;162;1;land;false;plains;1
16016;34;152;1;land;false;plains;1
16017;33;196;1;land;false;plains;1
16018;41;156;1;land;false;plains;1
16019;3;160;1;land;false;plains;1
16020;44;215;1;land;false;plains;1
16021;28;174;1;land;false;plains;1
16022;26;200;1;land;false;plains;1
16023;32;206;1;land;false;plains;1
16024;24;155;1;land;false;plains;1
16025;26;188;1;land;false;plains;1
16026;38;159;1;land;false;plains;1
16027;17;190;1;land;false;plains;1
16028;41;168;1;land;false;plains;1
16029;23;163;1;land;false;plains;1
16030;40;207;1;land;false;plains;1
16031;32;217;1;land;false;plains;1
16032;4;143;1;land;false;plains;1
16033;39;170;1;land;false;plains;1
16034;34;148;1;land;false;plains;1
16035;18;193;1;land;false;plains;1
16036;4;146;1;land;false;plains;1
16037;2;163;1;land;false;plains;1
16038;26;158;1;land;false;plains;1
16039;21;150;1;land;false;plains;1
16040;206;150;1;land;false;forest;1
16041;223;205;1;land;false;forest;1
16042;250;184;1;land;false;forest;1
16043;192;153;1;land;false;plains;1
16044;251;158;1;land;false;plains;1
16045;239;193;1;land;false;plains;1
16046;224;179;1;land;false;plains;1
16047;242;197;1;land;false;forest;1
16048;233;210;1;land;false;plains;1
16049;237;187;1;land;false;forest;1
16050;221;211;1;land;false;plains;1
16051;254;193;1;land;false;plains;1
16052;199;199;1;land;false;plains;1
16053;250;206;1;land;false;plains;1
16054;253;149;1;land;false;plains;1
16055;225;181;1;land;false;plains;1
16056;243;169;1;land;false;forest;1
16057;223;141;1;land;false;plains;1
16058;234;148;1;land;false;forest;1
16059;210;199;1;land;false;forest;1
16060;252;133;1;land;false;plains;1
16061;197;161;1;land;false;forest;1
16062;221;190;1;land;false;forest;1
16063;210;164;1;land;false;plains;1
16064;201;158;1;land;false;plains;1
16065;248;195;1;land;false;plains;1
16066;206;153;1;land;false;plains;1
16067;207;199;1;land;false;plains;1
16068;229;158;1;land;false;plains;1
16069;198;187;1;land;false;plains;1
16070;189;189;1;land;false;plains;1
16071;216;206;1;land;false;forest;1
16072;248;157;1;land;false;plains;1
16073;219;165;1;land;false;plains;1
16074;148;108;1;land;false;plains;1
16075;103;82;1;land;false;plains;1
16076;90;99;1;land;false;plains;1
16077;118;76;1;land;false;plains;1
16078;119;107;1;land;false;plains;1
16079;149;122;1;land;false;plains;1
16080;80;82;1;land;false;plains;1
16081;87;87;1;land;false;plains;1
16082;117;67;1;land;false;plains;1
16083;141;118;1;land;false;desert;1
16084;127;63;1;land;false;plains;1
16085;135;133;1;land;false;plains;1
16086;96;137;1;land;false;plains;1
16087;85;139;1;land;false;plains;1
16088;135;120;1;land;false;desert;1
16089;84;136;1;land;false;plains;1
16090;96;132;1;land;false;plains;1
16091;76;60;1;land;false;plains;1
16092;108;122;1;land;false;desert;1
16093;127;80;1;land;false;plains;1
16094;117;109;1;land;false;plains;1
16095;78;100;1;land;false;plains;1
16096;145;92;1;land;false;desert;1
16097;89;73;1;land;false;plains;1
16098;132;89;1;land;false;plains;1
16099;129;82;1;land;false;plains;1
16100;93;139;1;land;false;plains;1
16101;118;81;1;land;false;desert;1
16102;77;72;1;land;false;desert;1
16103;121;63;1;land;false;desert;1
16104;85;79;1;land;false;desert;1
16105;143;68;1;land;false;plains;1
16106;117;122;1;land;false;desert;1
16107;110;130;1;land;false;desert;1
16108;148;87;1;land;false;plains;1
16109;79;130;1;land;false;plains;1
16110;113;90;1;land;false;plains;1
16111;78;89;1;land;false;plains;1
16112;154;76;1;land;false;desert;1
16113;79;136;1;land;false;plains;1
16114;107;114;1;land;false;desert;1
16115;42;92;1;land;false;plains;1
16116;25;56;1;land;false;plains;1
16117;79;80;1;land;false;plains;1
16118;55;81;1;land;false;plains;1
16119;13;51;1;land;false;forest;1
16120;15;68;1;land;false;plains;1
16121;34;73;1;land;false;plains;1
16122;7;41;1;land;false;plains;1
16123;50;49;1;land;false;plains;1
16124;34;65;1;land;false;forest;1
16125;56;50;1;land;false;plains;1
16126;38;50;1;land;false;plains;1
16127;54;48;1;land;false;plains;1
16128;2;82;1;land;false;plains;1
16129;26;38;1;land;false;plains;1
16130;51;42;1;land;false;plains;1
16131;9;109;1;land;false;forest;1
16132;61;75;1;land;false;plains;1
16133;6;79;1;land;false;plains;1
16134;67;109;1;land;false;plains;1
16135;48;79;1;land;false;plains;1
16136;67;71;1;land;false;plains;1
16137;11;86;1;land;false;plains;1
16138;57;56;1;land;false;plains;1
16139;30;94;1;land;false;plains;1
16140;215;30;1;land;false;forest;1
16141;205;39;1;land;false;forest;1
16142;176;19;1;land;false;forest;1
16143;229;62;1;land;false;plains;1
16144;218;66;1;land;false;forest;1
16145;193;72;1;land;false;plains;1
16146;202;31;1;land;false;plains;1
16147;207;66;1;land;false;plains;1
16148;201;52;1;land;false;forest;1
16149;195;76;1;land;false;plains;1
16150;214;43;1;land;false;plains;1
16151;236;54;1;land;false;forest;1
16152;231;85;1;land;false;forest;1
16153;242;47;1;land;false;forest;1
16154;175;59;1;land;false;plains;1
16155;223;45;1;land;false;plains;1
16156;219;86;1;land;false;forest;1
16157;184;53;1;land;false;forest;1
16158;190;29;1;land;false;plains;1
16159;211;57;1;land;false;plains;1
16160;219;52;1;land;false;forest;1
16161;231;48;1;land;false;plains;1
16162;187;80;1;land;false;forest;1
16163;184;49;1;land;false;plains;1
16164;215;70;1;land;false;plains;1
16165;234;28;1;land;false;forest;1
16166;251;39;1;land;false;forest;1
16167;191;73;1;land;false;forest;1
16168;206;18;1;land;false;forest;1
16169;69;207;1;land;false;plains;1
16170;54;246;1;land;false;plains;1
16171;34;240;1;land;false;forest;1
16172;78;223;1;land;false;plains;1
16173;4;222;1;land;false;plains;1
16174;48;225;1;land;false;plains;1
16175;66;251;1;land;false;plains;1
16176;40;228;1;land;false;plains;1
16177;64;252;1;land;false;plains;1
16178;17;238;1;land;false;plains;1
16179;82;234;1;land;false;plains;1
16180;32;213;1;land;false;plains;1
16181;82;223;1;land;false;plains;1
16182;62;241;1;land;false;plains;1
16183;68;252;1;land;false;plains;1
16184;72;210;1;land;false;plains;1
16185;37;211;1;land;false;plains;1
16186;81;213;1;land;false;forest;1
16187;65;211;1;land;false;plains;1
16188;29;233;1;land;false;plains;1
16189;36;219;1;land;false;plains;1
16190;13;239;1;land;false;plains;1
16191;23;241;1;land;false;plains;1
16192;76;228;1;land;false;forest;1
16193;82;220;1;land;false;plains;1
16194;17;241;1;land;false;plains;1
16195;81;232;1;land;false;plains;1
16196;18;217;1;land;false;plains;1
16197;54;211;1;land;false;plains;1
16198;74;238;1;land;false;plains;1
16199;21;212;1;land;false;plains;1
16200;36;233;1;land;false;plains;1
16201;33;242;1;land;false;plains;1
16202;10;236;1;land;false;plains;1
16203;65;229;1;land;false;forest;1
16204;23;243;1;land;false;plains;1
16205;32;218;1;land;false;plains;1
16206;24;235;1;land;false;plains;1
16207;57;206;1;land;false;plains;1
16208;61;219;1;land;false;plains;1
16209;70;225;1;land;false;forest;1
16210;43;218;1;land;false;forest;1
16211;15;221;1;land;false;plains;1
16212;30;239;1;land;false;plains;1
16213;49;220;1;land;false;plains;1
16214;7;242;1;land;false;plains;1
16215;77;254;1;land;false;plains;1
16216;62;243;1;land;false;plains;1
16217;33;245;1;land;false;plains;1
16218;43;228;1;land;false;plains;1
16219;35;219;1;land;false;plains;1
16220;56;240;1;land;false;plains;1
16221;8;218;1;land;false;plains;1
16222;28;217;1;land;false;plains;1
16223;68;229;1;land;false;plains;1
16224;32;238;1;land;false;plains;1
16225;81;224;1;land;false;plains;1
16226;101;122;1;land;false;plains;1
16227;98;118;1;land;false;forest;1
16228;73;98;1;land;false;plains;1
16229;78;53;1;land;false;forest;1
16230;39;86;1;land;false;forest;1
16231;81;63;1;land;false;forest;1
16232;209;139;1;land;false;forest;1
16233;165;160;1;land;false;forest;1
16234;141;117;1;land;false;plains;1
16235;141;149;1;land;false;forest;1
16236;183;183;1;land;false;forest;1
16237;175;138;1;land;false;forest;1
16238;171;183;1;land;false;plains;1
16239;152;159;1;land;false;plains;1
16240;188;158;1;land;false;forest;1
16241;203;166;1;land;false;forest;1
16242;206;149;1;land;false;forest;1
16243;168;177;1;land;false;forest;1
16244;190;145;1;land;false;forest;1
16245;157;161;1;land;false;forest;1
16246;197;126;1;land;false;forest;1
16247;184;172;1;land;false;plains;1
16248;172;156;1;land;false;plains;1
16249;176;182;1;land;false;forest;1
16250;181;141;1;land;false;plains;1
16251;211;186;1;land;false;forest;1
16252;186;114;1;land;false;plains;1
16253;174;136;1;land;false;plains;1
16254;180;139;1;land;false;plains;1
16255;146;107;1;land;false;forest;1
16256;177;126;1;land;false;plains;1
16257;177;153;1;land;false;forest;1
16258;209;161;1;land;false;plains;1
16259;141;124;1;land;false;forest;1
16260;158;116;1;land;false;plains;1
16261;146;163;1;land;false;plains;1
16262;172;124;1;land;false;forest;1
16263;165;165;1;land;false;forest;1
16264;192;147;1;land;false;plains;1
16265;152;184;1;land;false;forest;1
16266;194;165;1;land;false;plains;1
16267;157;126;1;land;false;forest;1
16268;184;138;1;land;false;plains;1
16269;25;172;1;land;false;plains;1
16270;46;155;1;land;false;plains;1
16271;54;181;1;land;false;plains;1
16272;17;146;1;land;false;plains;1
16273;11;112;1;land;false;plains;1
16274;23;180;1;land;false;plains;1
16275;55;134;1;land;false;plains;1
16276;4;144;1;land;false;desert;1
16277;64;123;1;land;false;plains;1
16278;17;156;1;land;false;plains;1
16279;27;188;1;land;false;plains;1
16280;21;167;1;land;false;plains;1
16281;32;150;1;land;false;desert;1
16282;37;154;1;land;false;plains;1
16283;7;189;1;land;false;plains;1
16284;32;146;1;land;false;plains;1
16285;2;114;1;land;false;plains;1
16286;16;174;1;land;false;plains;1
16287;46;124;1;land;false;desert;1
16288;4;182;1;land;false;plains;1
16289;36;176;1;land;false;plains;1
16290;17;124;1;land;false;plains;1
16291;6;182;1;land;false;plains;1
16292;1;157;1;land;false;plains;1
16293;8;187;1;land;false;plains;1
16294;54;138;1;land;false;plains;1
16295;34;169;1;land;false;plains;1
16296;43;133;1;land;false;plains;1
16297;195;141;1;land;false;plains;4
16298;218;73;1;land;false;plains;4
16299;237;139;1;land;false;plains;4
16300;227;148;1;land;false;plains;4
16301;226;137;1;land;false;plains;4
16302;193;90;1;land;false;plains;4
16303;219;110;1;land;false;plains;4
16304;252;97;1;land;false;plains;4
16305;208;84;1;land;false;plains;4
16306;191;148;1;land;false;plains;4
16307;229;94;1;land;false;plains;4
16308;224;140;1;land;false;plains;4
16309;243;150;1;land;false;plains;4
16310;218;96;1;land;false;plains;4
16311;214;142;1;land;false;plains;4
16312;243;99;1;land;false;plains;4
16313;254;141;1;land;false;plains;4
16314;220;134;1;land;false;plains;4
16315;218;85;1;land;false;plains;4
16316;184;80;1;land;false;plains;4
16317;118;98;1;land;false;plains;4
16318;187;108;1;land;false;plains;4
16319;116;93;1;land;false;plains;4
16320;174;101;1;land;false;plains;4
16321;129;101;1;land;false;plains;4
16322;152;101;1;land;false;plains;4
16323;165;102;1;land;false;plains;4
16324;127;114;1;land;false;plains;4
16325;129;71;1;land;false;plains;4
16326;184;120;1;land;false;plains;4
16327;148;58;1;land;false;plains;4
16328;144;78;1;land;false;plains;4
16329;116;102;1;land;false;plains;4
16330;163;118;1;land;false;plains;4
16331;167;119;1;land;false;plains;4
16332;144;82;1;land;false;plains;4
16333;169;90;1;land;false;plains;4
16334;180;58;1;land;false;plains;4
16335;160;95;1;land;false;plains;4
16336;127;122;1;land;false;plains;4
16337;188;60;1;land;false;plains;4
16338;165;95;1;land;false;plains;4
16339;164;47;1;land;false;plains;4
16340;176;83;1;land;false;plains;4
16341;162;69;1;land;false;plains;4
16342;123;223;1;land;false;plains;4
16343;134;217;1;land;false;plains;4
16344;109;239;1;land;false;plains;4
16345;144;235;1;land;false;forest;4
16346;91;251;1;land;false;forest;4
16347;147;218;1;land;false;plains;4
16348;111;246;1;land;false;plains;4
16349;138;214;1;land;false;plains;4
16350;147;235;1;land;false;plains;4
16351;136;254;1;land;false;plains;4
16352;105;212;1;land;false;forest;4
16353;129;216;1;land;false;forest;4
16354;158;211;1;land;false;forest;4
16355;138;220;1;land;false;forest;4
16356;166;215;1;land;false;plains;4
16357;147;228;1;land;false;forest;4
16358;102;215;1;land;false;plains;4
16359;137;226;1;land;false;plains;4
16360;164;221;1;land;false;forest;4
16361;132;253;1;land;false;forest;4
16362;126;211;1;land;false;plains;4
16363;98;217;1;land;false;plains;4
16364;118;214;1;land;false;plains;4
16365;115;240;1;land;false;forest;4
16366;156;225;1;land;false;plains;4
16367;142;241;1;land;false;plains;4
16368;89;229;1;land;false;plains;4
16369;116;217;1;land;false;forest;4
16370;93;229;1;land;false;forest;4
16371;144;248;1;land;false;plains;4
16372;165;227;1;land;false;plains;4
16373;144;221;1;land;false;forest;4
16374;96;248;1;land;false;forest;4
16375;183;44;1;land;false;plains;4
16376;148;38;1;land;false;plains;4
16377;183;36;1;land;false;plains;4
16378;147;29;1;land;false;plains;4
16379;193;13;1;land;false;plains;4
16380;182;41;1;land;false;plains;4
16381;169;8;1;land;false;plains;4
16382;176;4;1;land;false;plains;4
16383;196;37;1;land;false;plains;4
16384;194;15;1;land;false;plains;4
16385;201;16;1;land;false;plains;4
16386;194;2;1;land;false;plains;4
16387;164;15;1;land;false;plains;4
16388;136;42;1;land;false;plains;4
16389;188;18;1;land;false;plains;4
16390;157;28;1;land;false;plains;4
16391;151;38;1;land;false;plains;4
16392;202;1;1;land;false;plains;4
16393;150;25;1;land;false;plains;4
16394;137;9;1;land;false;plains;4
16395;146;24;1;land;false;plains;4
16396;152;18;1;land;false;plains;4
16397;137;28;1;land;false;forest;4
16398;202;28;1;land;false;plains;4
16399;148;19;1;land;false;plains;4
16400;190;37;1;land;false;plains;4
16401;14;237;1;land;false;forest;4
16402;70;210;1;land;false;forest;4
16403;79;207;1;land;false;forest;4
16404;19;222;1;land;false;forest;4
16405;86;193;1;land;false;plains;4
16406;37;227;1;land;false;plains;4
16407;60;196;1;land;false;forest;4
16408;24;250;1;land;false;plains;4
16409;33;201;1;land;false;plains;4
16410;73;195;1;land;false;forest;4
16411;28;241;1;land;false;forest;4
16412;61;204;1;land;false;forest;4
16413;64;218;1;land;false;plains;5
16414;30;212;1;land;false;forest;4
16415;60;235;1;land;false;forest;4
16416;11;222;1;land;false;forest;4
16417;38;236;1;land;false;forest;4
16418;82;182;1;land;false;plains;4
16419;76;217;1;land;false;forest;4
16420;50;216;1;land;false;plains;4
16421;63;250;1;land;false;forest;4
16422;41;206;1;land;false;forest;4
16423;58;250;1;land;false;forest;4
16424;81;214;1;land;false;plains;4
16425;82;215;1;land;false;forest;4
16426;20;240;1;land;false;forest;4
16427;4;206;1;land;false;plains;4
16428;43;179;1;land;false;plains;4
16429;20;192;1;land;false;plains;4
16430;5;184;1;land;false;plains;4
16431;25;242;1;land;false;plains;4
16432;5;212;1;land;false;plains;4
16433;42;226;1;land;false;plains;4
16434;3;224;1;land;false;plains;4
16435;10;205;1;land;false;plains;4
16436;9;189;1;land;false;plains;4
16437;143;216;1;land;false;plains;4
16438;172;204;1;land;false;plains;4
16439;180;198;1;land;false;plains;4
16440;187;214;1;land;false;plains;4
16441;183;208;1;land;false;plains;4
16442;152;180;1;land;false;plains;4
16443;213;169;1;land;false;plains;4
16444;180;168;1;land;false;plains;4
16445;203;164;1;land;false;plains;4
16446;175;155;1;land;false;plains;4
16447;170;191;1;land;false;plains;4
16448;178;145;1;land;false;plains;4
16449;191;154;1;land;false;plains;4
16450;211;146;1;land;false;desert;4
16451;209;163;1;land;false;plains;4
16452;211;171;1;land;false;plains;4
16453;157;207;1;land;false;plains;4
16454;186;204;1;land;false;plains;4
16455;181;219;1;land;false;plains;4
16456;152;162;1;land;false;plains;4
16457;161;213;1;land;false;plains;4
16458;209;196;1;land;false;plains;4
16459;192;222;1;land;false;plains;4
16460;159;165;1;land;false;plains;4
16461;210;175;1;land;false;plains;4
16462;180;144;1;land;false;forest;4
16463;160;181;1;land;false;plains;4
16464;189;163;1;land;false;plains;4
16465;182;206;1;land;false;plains;4
16466;48;55;1;land;false;plains;4
16467;38;57;1;land;false;plains;4
16468;50;31;1;land;false;plains;4
16469;73;34;1;land;false;forest;4
16470;58;73;1;land;false;plains;4
16471;96;64;1;land;false;forest;4
16472;27;61;1;land;false;forest;4
16473;40;83;1;land;false;plains;4
16474;27;75;1;land;false;plains;4
16475;90;33;1;land;false;plains;4
16476;40;22;1;land;false;plains;4
16477;62;80;1;land;false;plains;4
16478;77;45;1;land;false;forest;4
16479;48;32;1;land;false;plains;4
16480;92;70;1;land;false;plains;4
16481;26;16;1;land;false;plains;4
16482;88;70;1;land;false;forest;4
16483;60;41;1;land;false;forest;4
16484;67;33;1;land;false;plains;4
16485;51;24;1;land;false;plains;4
16486;44;41;1;land;false;plains;4
16487;47;70;1;land;false;forest;4
16488;94;39;1;land;false;plains;4
16489;65;44;1;land;false;forest;4
16490;26;43;1;land;false;plains;4
16491;63;39;1;land;false;plains;4
16492;116;141;1;land;false;plains;4
16493;127;123;1;land;false;forest;4
16494;157;175;1;land;false;forest;4
16495;160;140;1;land;false;plains;4
16496;119;196;1;land;false;plains;4
16497;121;174;1;land;false;plains;4
16498;126;150;1;land;false;forest;4
16499;125;128;1;land;false;forest;4
16500;154;190;1;land;false;forest;4
16501;122;152;1;land;false;forest;4
16502;149;182;1;land;false;forest;4
16503;89;187;1;land;false;plains;4
16504;121;143;1;land;false;forest;4
16505;122;164;1;land;false;forest;4
16506;161;143;1;land;false;forest;4
16507;98;155;1;land;false;forest;4
16508;88;144;1;land;false;plains;4
16509;142;191;1;land;false;forest;4
16510;132;137;1;land;false;forest;4
16511;144;166;1;land;false;forest;4
16512;98;125;1;land;false;forest;4
16513;133;129;1;land;false;forest;4
16514;131;202;1;land;false;forest;4
16515;114;177;1;land;false;forest;4
16516;127;145;1;land;false;plains;4
16517;118;166;1;land;false;forest;4
16518;87;146;1;land;false;forest;4
16519;159;143;1;land;false;forest;4
16520;133;150;1;land;false;forest;4
16521;154;160;1;land;false;forest;4
16522;158;200;1;land;false;forest;4
16523;161;140;1;land;false;forest;4
16524;124;166;1;land;false;forest;4
16525;102;150;1;land;false;forest;4
16526;118;158;1;land;false;forest;4
16527;151;132;1;land;false;plains;4
16528;99;162;1;land;false;plains;4
16529;180;4;1;land;false;plains;4
16530;155;28;1;land;false;plains;4
16531;113;7;1;land;false;plains;4
16532;186;24;1;land;false;plains;4
16533;126;3;1;land;false;plains;4
16534;148;3;1;land;false;plains;4
16535;185;6;1;land;false;plains;4
16536;134;0;1;land;false;plains;4
16537;190;39;1;land;false;plains;4
16538;189;19;1;land;false;plains;4
16539;135;7;1;land;false;plains;4
16540;115;11;1;land;false;plains;4
16541;169;20;1;land;false;plains;4
16542;130;39;1;land;false;plains;4
16543;123;9;1;land;false;plains;4
16544;145;19;1;land;false;plains;4
16545;127;26;1;land;false;plains;4
16546;145;33;1;land;false;plains;4
16547;130;1;1;land;false;plains;4
16548;175;29;1;land;false;plains;4
16549;122;19;1;land;false;plains;4
16550;144;26;1;land;false;plains;4
16551;129;26;1;land;false;plains;4
16552;135;32;1;land;false;plains;4
16553;130;33;1;land;false;plains;4
16554;136;6;1;land;false;plains;4
16555;130;8;1;land;false;plains;4
16556;120;37;1;land;false;plains;4
16557;155;14;1;land;false;plains;4
16558;158;31;1;land;false;plains;4
16559;125;18;1;land;false;plains;4
16560;80;222;1;land;false;plains;4
16561;92;234;1;land;false;plains;4
16562;118;210;1;land;false;plains;4
16563;111;228;1;land;false;plains;4
16564;116;246;1;land;false;plains;4
16565;110;226;1;land;false;plains;4
16566;113;235;1;land;false;plains;4
16567;84;234;1;land;false;plains;4
16568;127;217;1;land;false;plains;4
16569;86;251;1;land;false;plains;4
16570;109;237;1;land;false;plains;4
16571;74;226;1;land;false;plains;4
16572;75;237;1;land;false;plains;4
16573;93;231;1;land;false;plains;4
16574;119;253;1;land;false;plains;4
16575;95;246;1;land;false;plains;4
16576;100;212;1;land;false;plains;4
16577;136;216;1;land;false;plains;4
16578;107;223;1;land;false;plains;4
16579;132;232;1;land;false;plains;4
16580;151;222;1;land;false;plains;4
16581;148;226;1;land;false;plains;4
16582;122;219;1;land;false;plains;4
16583;137;254;1;land;false;plains;4
16584;102;219;1;land;false;plains;4
16585;93;250;1;land;false;plains;4
16586;112;212;1;land;false;plains;4
16587;126;221;1;land;false;plains;4
16588;83;247;1;land;false;plains;4
16589;145;227;1;land;false;plains;4
16590;107;254;1;land;false;plains;4
16591;133;210;1;land;false;plains;4
16592;145;220;1;land;false;plains;4
16593;74;230;1;land;false;plains;4
16594;122;223;1;land;false;plains;4
16595;117;211;1;land;false;plains;4
16596;216;64;1;land;false;forest;4
16597;205;69;1;land;false;plains;4
16598;205;46;1;land;false;plains;4
16599;226;12;1;land;false;forest;4
16600;244;60;1;land;false;plains;4
16601;244;33;1;land;false;plains;4
16602;225;70;1;land;false;plains;4
16603;246;16;1;land;false;forest;4
16604;204;44;1;land;false;plains;4
16605;254;6;1;land;false;forest;4
16606;247;30;1;land;false;plains;4
16607;234;60;1;land;false;forest;4
16608;217;31;1;land;false;plains;4
16609;250;15;1;land;false;forest;4
16610;206;35;1;land;false;plains;4
16611;28;24;1;land;false;desert;4
16612;47;31;1;land;false;plains;4
16613;1;34;1;land;false;plains;4
16614;48;23;1;land;false;plains;4
16615;59;4;1;land;false;desert;4
16616;44;71;1;land;false;plains;4
16617;28;79;1;land;false;plains;4
16618;6;76;1;land;false;desert;4
16619;21;24;1;land;false;plains;4
16620;5;11;1;land;false;desert;4
16621;4;36;1;land;false;plains;4
16622;5;31;1;land;false;plains;4
16623;24;25;1;land;false;plains;4
16624;48;25;1;land;false;desert;4
16625;4;79;1;land;false;plains;4
16626;39;71;1;land;false;desert;4
16627;11;57;1;land;false;desert;4
16628;55;79;1;land;false;plains;4
16629;49;49;1;land;false;plains;4
16630;25;11;1;land;false;plains;4
16631;43;29;1;land;false;plains;4
16632;31;35;1;land;false;desert;4
16633;16;59;1;land;false;desert;4
16634;28;81;1;land;false;plains;4
16635;27;76;1;land;false;plains;4
16636;34;60;1;land;false;plains;4
16637;57;21;1;land;false;plains;4
16638;18;61;1;land;false;desert;4
16639;15;82;1;land;false;plains;4
16640;58;44;1;land;false;plains;4
16641;31;29;1;land;false;desert;4
16642;30;16;1;land;false;desert;4
16643;17;64;1;land;false;plains;4
16644;26;20;1;land;false;plains;4
16645;63;5;1;land;false;plains;4
16646;33;64;1;land;false;plains;4
16647;32;68;1;land;false;plains;4
16648;41;60;1;land;false;plains;4
16649;49;53;1;land;false;desert;4
16650;12;55;1;land;false;desert;4
16651;42;24;1;land;false;plains;4
16652;12;53;1;land;false;plains;4
16653;19;5;1;land;false;plains;4
16654;8;69;1;land;false;plains;4
16655;23;32;1;land;false;plains;4
16656;178;38;1;land;false;forest;4
16657;160;5;1;land;false;forest;4
16658;192;51;1;land;false;forest;4
16659;173;3;1;land;false;forest;4
16660;233;35;1;land;false;forest;4
16661;203;39;1;land;false;plains;4
16662;187;41;1;land;false;forest;4
16663;167;37;1;land;false;forest;4
16664;216;19;1;land;false;forest;4
16665;237;3;1;land;false;forest;4
16666;161;13;1;land;false;plains;4
16667;222;16;1;land;false;forest;4
16668;239;4;1;land;false;plains;4
16669;217;29;1;land;false;plains;4
16670;211;12;1;land;false;plains;4
16671;184;8;1;land;false;plains;4
16672;214;19;1;land;false;forest;4
16673;171;29;1;land;false;forest;4
16674;194;12;1;land;false;plains;4
16675;234;46;1;land;false;plains;4
16676;237;2;1;land;false;plains;4
16677;200;3;1;land;false;forest;4
16678;168;54;1;land;false;plains;4
16679;231;51;1;land;false;plains;4
16680;191;23;1;land;false;plains;4
16681;235;14;1;land;false;forest;4
16682;169;26;1;land;false;plains;4
16683;155;10;1;land;false;plains;4
16684;181;45;1;land;false;plains;4
16685;195;17;1;land;false;plains;4
16686;176;16;1;land;false;plains;4
16687;221;28;1;land;false;plains;4
16688;164;31;1;land;false;plains;4
16689;153;6;1;land;false;plains;4
16690;201;23;1;land;false;plains;4
16691;208;23;1;land;false;plains;4
16692;141;20;1;land;false;plains;4
16693;169;33;1;land;false;plains;4
16694;183;0;1;land;false;plains;4
16695;162;28;1;land;false;plains;4
16696;155;12;1;land;false;plains;4
16697;189;24;1;land;false;plains;4
16698;158;38;1;land;false;plains;4
16699;220;23;1;land;false;forest;4
16700;190;7;1;land;false;plains;4
16701;204;36;1;land;false;plains;4
16702;191;6;1;land;false;plains;4
16703;218;17;1;land;false;plains;4
16704;146;35;1;land;false;plains;4
16705;213;27;1;land;false;plains;4
16706;197;16;1;land;false;forest;4
16707;207;26;1;land;false;plains;4
16708;212;30;1;land;false;plains;4
16709;215;21;1;land;false;plains;4
16710;150;4;1;land;false;plains;4
16711;143;9;1;land;false;plains;4
16712;210;37;1;land;false;plains;4
16713;209;47;1;land;false;plains;4
16714;174;33;1;land;false;plains;4
16715;159;37;1;land;false;plains;4
16716;221;17;1;land;false;plains;4
16717;182;8;1;land;false;plains;4
16718;209;15;1;land;false;plains;4
16719;163;6;1;land;false;plains;4
16720;145;49;1;land;false;plains;4
16721;146;11;1;land;false;plains;4
16722;163;20;1;land;false;plains;4
16723;153;46;1;land;false;plains;4
16724;200;15;1;land;false;plains;4
16725;165;17;1;land;false;plains;4
16726;152;24;1;land;false;plains;4
16727;163;0;1;land;false;plains;4
16728;212;5;1;land;false;plains;4
16729;195;43;1;land;false;plains;4
16730;197;48;1;land;false;plains;4
16731;160;16;1;land;false;plains;4
16732;174;34;1;land;false;plains;4
16733;168;11;1;land;false;plains;4
16734;178;0;1;land;false;plains;4
16735;144;7;1;land;false;plains;4
16736;210;10;1;land;false;plains;4
16737;168;15;1;land;false;plains;4
16738;154;47;1;land;false;plains;4
16739;146;0;1;land;false;plains;4
16740;207;7;1;land;false;plains;4
16741;214;12;1;land;false;plains;4
16742;162;2;1;land;false;plains;4
16743;197;11;1;land;false;plains;4
16744;191;29;1;land;false;plains;4
16745;146;28;1;land;false;plains;4
16746;202;32;1;land;false;plains;4
16747;177;36;1;land;false;plains;4
16748;174;8;1;land;false;plains;4
16749;150;35;1;land;false;plains;4
16750;144;49;1;land;false;plains;4
16751;153;4;1;land;false;plains;4
16752;219;37;1;land;false;plains;4
16753;180;32;1;land;false;plains;4
16754;148;11;1;land;false;plains;4
16755;162;10;1;land;false;plains;4
16756;162;20;1;land;false;plains;4
16757;167;29;1;land;false;plains;4
16758;196;44;1;land;false;plains;4
16759;211;34;1;land;false;plains;4
16760;181;5;1;land;false;plains;4
16761;185;44;1;land;false;plains;4
16762;244;57;1;land;false;plains;4
16763;186;59;1;land;false;plains;4
16764;191;0;1;land;false;plains;4
16765;197;10;1;land;false;plains;4
16766;216;14;1;land;false;plains;4
16767;217;16;1;land;false;plains;4
16768;213;38;1;land;false;plains;4
16769;200;57;1;land;false;plains;4
16770;240;5;1;land;false;plains;4
16771;200;46;1;land;false;plains;4
16772;6;204;1;land;false;plains;4
16773;4;198;1;land;false;plains;4
16774;24;190;1;land;false;plains;4
16775;65;188;1;land;false;plains;4
16776;37;182;1;land;false;plains;4
16777;2;248;1;land;false;plains;4
16778;31;180;1;land;false;plains;4
16779;26;252;1;land;false;plains;4
16780;62;251;1;land;false;plains;4
16781;52;220;1;land;false;plains;4
16782;58;193;1;land;false;plains;4
16783;8;216;1;land;false;plains;4
16784;13;178;1;land;false;plains;4
16785;2;210;1;land;false;plains;4
16786;10;186;1;land;false;plains;4
16787;59;223;1;land;false;plains;4
16788;37;253;1;land;false;plains;4
16789;58;197;1;land;false;plains;4
16790;59;190;1;land;false;plains;4
16791;23;200;1;land;false;plains;4
16792;13;207;1;land;false;plains;4
16793;12;217;1;land;false;plains;4
16794;48;182;1;land;false;plains;4
16795;10;219;1;land;false;plains;4
16796;4;253;1;land;false;plains;4
16797;25;206;1;land;false;plains;4
16798;26;182;1;land;false;plains;4
16799;51;209;1;land;false;plains;4
16800;25;225;1;land;false;plains;4
16801;188;185;1;land;false;plains;4
16802;183;146;1;land;false;plains;4
16803;151;167;1;land;false;plains;4
16804;131;145;1;land;false;plains;4
16805;171;205;1;land;false;plains;4
16806;123;209;1;land;false;plains;4
16807;133;204;1;land;false;plains;4
16808;181;137;1;land;false;plains;4
16809;186;134;1;land;false;plains;4
16810;190;153;1;land;false;plains;4
16811;159;135;1;land;false;plains;4
16812;184;134;1;land;false;plains;4
16813;132;153;1;land;false;plains;4
16814;131;150;1;land;false;plains;4
16815;174;162;1;land;false;plains;4
16816;143;139;1;land;false;plains;4
16817;184;144;1;land;false;plains;4
16818;199;188;1;land;false;plains;4
16819;126;190;1;land;false;plains;4
16820;157;183;1;land;false;plains;4
16821;193;150;1;land;false;plains;4
16822;168;208;1;land;false;plains;4
16823;134;173;1;land;false;plains;4
16824;140;155;1;land;false;plains;4
16825;140;213;1;land;false;plains;4
16826;141;173;1;land;false;plains;4
16827;184;151;1;land;false;plains;4
16828;186;155;1;land;false;forest;4
16829;187;182;1;land;false;plains;4
16830;155;158;1;land;false;plains;4
16831;130;134;1;land;false;plains;4
16832;180;142;1;land;false;plains;4
16833;194;169;1;land;false;plains;4
16834;123;202;1;land;false;plains;4
16835;210;26;1;land;false;plains;4
16836;194;19;1;land;false;plains;4
16837;217;32;1;land;false;plains;4
16838;211;8;1;land;false;plains;4
16839;194;33;1;land;false;plains;4
16840;227;17;1;land;false;plains;4
16841;198;51;1;land;false;plains;4
16842;208;9;1;land;false;plains;4
16843;224;41;1;land;false;plains;4
16844;236;2;1;land;false;forest;4
16845;194;41;1;land;false;plains;4
16846;213;24;1;land;false;forest;4
16847;203;54;1;land;false;plains;4
16848;248;7;1;land;false;plains;4
16849;207;57;1;land;false;plains;4
16850;196;24;1;land;false;plains;4
16851;227;10;1;land;false;forest;4
16852;252;5;1;land;false;plains;4
16853;239;50;1;land;false;plains;4
16854;249;40;1;land;false;plains;4
16855;239;56;1;land;false;forest;4
16856;29;124;1;land;false;forest;4
16857;64;97;1;land;false;plains;4
16858;17;132;1;land;false;forest;4
16859;4;125;1;land;false;plains;4
16860;18;160;1;land;false;plains;4
16861;45;136;1;land;false;forest;4
16862;69;101;1;land;false;forest;4
16863;21;97;1;land;false;forest;4
16864;69;116;1;land;false;forest;4
16865;54;118;1;land;false;forest;4
16866;78;131;1;land;false;plains;4
16867;63;127;1;land;false;plains;4
16868;30;141;1;land;false;forest;4
16869;70;153;1;land;false;forest;4
16870;18;154;1;land;false;forest;4
16871;106;220;1;land;false;plains;4
16872;151;232;1;land;false;plains;4
16873;150;228;1;land;false;plains;4
16874;143;252;1;land;false;plains;4
16875;133;241;1;land;false;plains;4
16876;134;243;1;land;false;plains;4
16877;178;225;1;land;false;plains;4
16878;171;246;1;land;false;plains;4
16879;164;251;1;land;false;plains;4
16880;161;253;1;land;false;plains;4
16881;152;247;1;land;false;plains;4
16882;105;229;1;land;false;plains;4
16883;106;254;1;land;false;plains;4
16884;108;214;1;land;false;plains;4
16885;106;249;1;land;false;plains;4
16886;168;230;1;land;false;plains;4
16887;123;232;1;land;false;plains;4
16888;106;221;1;land;false;plains;4
16889;163;217;1;land;false;plains;4
16890;111;252;1;land;false;plains;4
16891;106;215;1;land;false;plains;4
16892;124;224;1;land;false;plains;4
16893;131;229;1;land;false;plains;4
16894;182;228;1;land;false;plains;4
16895;162;237;1;land;false;plains;4
16896;175;230;1;land;false;plains;4
16897;146;234;1;land;false;plains;4
16898;162;224;1;land;false;plains;4
16899;165;213;1;land;false;plains;4
16900;144;230;1;land;false;plains;4
16901;146;225;1;land;false;plains;4
16902;122;230;1;land;false;plains;4
16903;179;220;1;land;false;plains;4
16904;149;225;1;land;false;plains;4
16905;179;244;1;land;false;plains;4
16906;144;228;1;land;false;plains;4
16907;146;243;1;land;false;plains;4
16908;123;251;1;land;false;plains;4
16909;141;225;1;land;false;plains;4
16910;107;247;1;land;false;plains;4
16911;107;239;1;land;false;plains;4
16912;169;241;1;land;false;plains;4
16913;168;233;1;land;false;plains;4
16914;112;231;1;land;false;plains;4
16915;117;243;1;land;false;plains;4
16916;113;215;1;land;false;plains;4
16917;131;237;1;land;false;plains;4
16918;182;226;1;land;false;plains;4
16919;156;235;1;land;false;plains;4
16920;179;221;1;land;false;plains;4
16921;126;232;1;land;false;plains;4
16922;169;222;1;land;false;plains;4
16923;114;231;1;land;false;plains;4
16924;165;254;1;land;false;plains;4
16925;173;233;1;land;false;plains;4
16926;110;214;1;land;false;plains;4
16927;162;228;1;land;false;plains;4
16928;20;82;1;land;false;desert;4
16929;43;50;1;land;false;plains;4
16930;29;49;1;land;false;desert;4
16931;24;16;1;land;false;desert;4
16932;68;42;1;land;false;plains;4
16933;34;55;1;land;false;plains;4
16934;39;44;1;land;false;desert;4
16935;52;81;1;land;false;desert;4
16936;48;59;1;land;false;plains;4
16937;38;84;1;land;false;desert;4
16938;44;42;1;land;false;plains;4
16939;16;8;1;land;false;plains;4
16940;0;85;1;land;false;plains;4
16941;1;58;1;land;false;plains;4
16942;21;58;1;land;false;desert;4
16943;31;46;1;land;false;plains;4
16944;32;21;1;land;false;plains;4
16945;4;23;1;land;false;plains;4
16946;44;48;1;land;false;plains;4
16947;5;14;1;land;false;plains;4
16948;19;40;1;land;false;plains;4
16949;25;34;1;land;false;plains;4
16950;1;67;1;land;false;plains;4
16951;8;76;1;land;false;plains;4
16952;48;78;1;land;false;plains;4
16953;75;49;1;land;false;plains;4
16954;11;84;1;land;false;plains;4
16955;23;19;1;land;false;plains;4
16956;51;43;1;land;false;desert;4
16957;45;59;1;land;false;plains;4
16958;66;36;1;land;false;plains;4
16959;35;9;1;land;false;plains;4
16960;33;32;1;land;false;plains;4
16961;15;37;1;land;false;plains;4
16962;54;21;1;land;false;plains;4
16963;3;65;1;land;false;desert;4
16964;9;51;1;land;false;desert;4
16965;51;16;1;land;false;plains;4
16966;5;50;1;land;false;plains;4
16967;32;64;1;land;false;desert;4
16968;56;52;1;land;false;plains;4
16969;20;73;1;land;false;plains;4
16970;75;70;1;land;false;desert;4
16971;212;82;1;land;false;plains;4
16972;211;115;1;land;false;plains;4
16973;251;82;1;land;false;desert;4
16974;249;78;1;land;false;plains;4
16975;225;76;1;land;false;plains;4
16976;212;154;1;land;false;plains;4
16977;243;106;1;land;false;plains;4
16978;247;95;1;land;false;plains;4
16979;232;113;1;land;false;plains;4
16980;251;145;1;land;false;plains;4
16981;216;97;1;land;false;plains;4
16982;254;144;1;land;false;plains;4
16983;222;124;1;land;false;plains;4
16984;213;120;1;land;false;plains;4
16985;232;151;1;land;false;plains;4
16986;225;119;1;land;false;plains;4
16987;254;135;1;land;false;plains;4
16988;254;77;1;land;false;plains;4
16989;239;103;1;land;false;plains;4
16990;227;139;1;land;false;plains;4
16991;237;152;1;land;false;plains;4
16992;252;110;1;land;false;plains;4
16993;234;135;1;land;false;plains;4
16994;225;155;1;land;false;plains;4
16995;212;97;1;land;false;plains;4
16996;239;134;1;land;false;desert;4
16997;233;96;1;land;false;plains;4
16998;218;138;1;land;false;plains;4
16999;230;126;1;land;false;plains;4
17000;247;109;1;land;false;plains;4
17001;236;112;1;land;false;plains;4
17002;209;128;1;land;false;plains;4
17003;252;145;1;land;false;plains;4
17004;230;105;1;land;false;plains;4
17005;250;110;1;land;false;plains;4
17006;232;79;1;land;false;plains;4
17007;212;108;1;land;false;plains;4
17008;55;98;1;land;false;desert;4
17009;67;22;1;land;false;plains;4
17010;52;43;1;land;false;plains;4
17011;66;65;1;land;false;desert;4
17012;81;93;1;land;false;desert;4
17013;100;26;1;land;false;plains;4
17014;45;75;1;land;false;plains;4
17015;86;24;1;land;false;plains;4
17016;114;22;1;land;false;plains;4
17017;55;83;1;land;false;plains;4
17018;99;35;1;land;false;plains;4
17019;65;78;1;land;false;plains;4
17020;90;74;1;land;false;desert;4
17021;102;101;1;land;false;plains;4
17022;56;25;1;land;false;desert;4
17023;53;26;1;land;false;desert;4
17024;52;35;1;land;false;plains;4
17025;80;98;1;land;false;desert;4
17026;74;88;1;land;false;plains;4
17027;72;38;1;land;false;plains;4
17028;47;64;1;land;false;plains;4
17029;76;71;1;land;false;desert;4
17030;119;22;1;land;false;plains;4
17031;79;25;1;land;false;plains;4
17032;75;31;1;land;false;plains;4
17033;118;71;1;land;false;plains;4
17034;101;97;1;land;false;plains;4
17035;113;51;1;land;false;plains;4
17036;44;58;1;land;false;plains;4
17037;90;93;1;land;false;plains;4
17038;45;49;1;land;false;plains;4
17039;70;74;1;land;false;plains;4
17040;68;50;1;land;false;plains;4
17041;51;49;1;land;false;plains;4
17042;111;47;1;land;false;plains;4
17043;91;82;1;land;false;plains;4
17044;108;26;1;land;false;plains;4
17045;93;95;1;land;false;plains;4
17046;67;26;1;land;false;plains;4
17047;55;61;1;land;false;plains;4
17048;68;57;1;land;false;plains;4
17049;59;36;1;land;false;plains;4
17050;99;63;1;land;false;plains;4
17051;118;59;1;land;false;plains;4
17052;73;50;1;land;false;plains;4
17053;93;73;1;land;false;plains;4
17054;93;46;1;land;false;plains;4
17055;58;39;1;land;false;desert;4
17056;159;175;1;land;false;plains;4
17057;150;129;1;land;false;plains;4
17058;144;140;1;land;false;plains;4
17059;152;147;1;land;false;plains;4
17060;125;131;1;land;false;plains;4
17061;181;142;1;land;false;plains;4
17062;187;136;1;land;false;plains;4
17063;176;201;1;land;false;plains;4
17064;131;186;1;land;false;plains;4
17065;125;141;1;land;false;plains;4
17066;125;165;1;land;false;plains;4
17067;115;208;1;land;false;plains;4
17068;130;136;1;land;false;plains;4
17069;110;137;1;land;false;plains;4
17070;136;134;1;land;false;plains;4
17071;146;134;1;land;false;plains;4
17072;151;176;1;land;false;forest;4
17073;142;141;1;land;false;plains;4
17074;126;148;1;land;false;plains;4
17075;176;206;1;land;false;plains;4
17076;163;151;1;land;false;plains;4
17077;123;172;1;land;false;plains;4
17078;187;169;1;land;false;plains;4
17079;146;182;1;land;false;plains;4
17080;134;157;1;land;false;plains;4
17081;115;128;1;land;false;plains;4
17082;191;54;1;land;false;plains;4
17083;202;20;1;land;false;plains;4
17084;247;34;1;land;false;plains;4
17085;233;16;1;land;false;forest;4
17086;203;14;1;land;false;plains;4
17087;244;25;1;land;false;plains;4
17088;226;44;1;land;false;plains;4
17089;220;24;1;land;false;plains;4
17090;221;3;1;land;false;plains;4
17091;246;47;1;land;false;plains;4
17092;220;41;1;land;false;plains;4
17093;219;16;1;land;false;plains;4
17094;211;0;1;land;false;plains;4
17095;192;45;1;land;false;plains;4
17096;242;9;1;land;false;plains;4
17097;191;60;1;land;false;plains;4
17098;203;43;1;land;false;plains;4
17099;217;12;1;land;false;plains;4
17100;191;46;1;land;false;plains;4
17101;196;47;1;land;false;plains;4
17102;253;0;1;land;false;plains;4
17103;252;20;1;land;false;plains;4
17104;239;49;1;land;false;plains;4
17105;233;45;1;land;false;plains;4
17106;236;30;1;land;false;plains;4
17107;193;19;1;land;false;plains;4
17108;192;53;1;land;false;plains;4
17109;225;10;1;land;false;plains;4
17110;211;21;1;land;false;forest;4
17111;221;59;1;land;false;plains;4
17112;217;52;1;land;false;plains;4
17113;193;33;1;land;false;plains;4
17114;193;47;1;land;false;plains;4
17115;248;8;1;land;false;plains;4
17116;203;42;1;land;false;plains;4
17117;82;141;1;land;false;plains;4
17118;87;114;1;land;false;plains;4
17119;64;118;1;land;false;plains;4
17120;109;158;1;land;false;plains;4
17121;107;164;1;land;false;plains;4
17122;103;113;1;land;false;forest;4
17123;77;158;1;land;false;plains;4
17124;107;131;1;land;false;plains;4
17125;69;122;1;land;false;plains;4
17126;84;110;1;land;false;plains;4
17127;91;162;1;land;false;plains;4
17128;117;111;1;land;false;forest;4
17129;79;166;1;land;false;plains;4
17130;75;122;1;land;false;forest;4
17131;42;156;1;land;false;plains;4
17132;68;153;1;land;false;plains;4
17133;105;172;1;land;false;plains;4
17134;179;16;1;land;false;plains;4
17135;172;21;1;land;false;forest;4
17136;158;6;1;land;false;plains;4
17137;164;6;1;land;false;plains;4
17138;228;24;1;land;false;forest;4
17139;176;24;1;land;false;forest;4
17140;150;28;1;land;false;plains;4
17141;224;21;1;land;false;forest;4
17142;227;25;1;land;false;plains;4
17143;213;13;1;land;false;forest;4
17144;177;42;1;land;false;forest;4
17145;180;21;1;land;false;forest;4
17146;162;34;1;land;false;jungle;4
17147;180;18;1;land;false;forest;4
17148;219;5;1;land;false;forest;4
17149;152;5;1;land;false;forest;4
17150;168;41;1;land;false;plains;4
17151;161;16;1;land;false;plains;4
17152;157;29;1;land;false;forest;4
17153;60;175;1;land;false;plains;4
17154;97;142;1;land;false;plains;4
17155;66;176;1;land;false;plains;4
17156;92;127;1;land;false;plains;4
17157;69;170;1;land;false;plains;4
17158;108;172;1;land;false;plains;4
17159;79;148;1;land;false;plains;4
17160;83;161;1;land;false;plains;4
17161;75;146;1;land;false;plains;4
17162;77;156;1;land;false;forest;4
17163;84;107;1;land;false;plains;4
17164;116;163;1;land;false;plains;4
17165;65;155;1;land;false;plains;4
17166;106;171;1;land;false;plains;4
17167;60;134;1;land;false;plains;4
17168;109;104;1;land;false;plains;4
17169;112;162;1;land;false;plains;4
17170;98;109;1;land;false;plains;4
17171;63;118;1;land;false;plains;4
17172;116;148;1;land;false;plains;4
17173;121;110;1;land;false;plains;4
17174;95;105;1;land;false;plains;4
17175;96;157;1;land;false;plains;4
17176;94;133;1;land;false;plains;4
17177;74;134;1;land;false;plains;4
17178;112;161;1;land;false;plains;4
17179;108;145;1;land;false;plains;4
17180;81;158;1;land;false;plains;4
17181;108;164;1;land;false;plains;4
17182;55;149;1;land;false;plains;4
17183;88;171;1;land;false;plains;4
17184;102;121;1;land;false;plains;4
17185;92;111;1;land;false;plains;4
17186;78;149;1;land;false;plains;4
17187;103;130;1;land;false;plains;4
17188;58;109;1;land;false;plains;4
17189;65;131;1;land;false;plains;4
17190;88;145;1;land;false;plains;4
17191;99;157;1;land;false;plains;4
17192;55;135;1;land;false;plains;4
17193;113;156;1;land;false;plains;4
17194;85;108;1;land;false;plains;4
17195;123;164;1;land;false;plains;4
17196;69;113;1;land;false;plains;4
17197;17;103;1;land;false;plains;4
17198;27;90;1;land;false;plains;4
17199;25;91;1;land;false;plains;4
17200;7;142;1;land;false;plains;4
17201;6;101;1;land;false;plains;4
17202;43;151;1;land;false;plains;4
17203;14;132;1;land;false;plains;4
17204;0;77;1;land;false;plains;4
17205;12;100;1;land;false;plains;4
17206;38;122;1;land;false;plains;4
17207;24;104;1;land;false;plains;4
17208;43;115;1;land;false;plains;4
17209;44;120;1;land;false;plains;4
17210;37;104;1;land;false;plains;4
17211;3;101;1;land;false;plains;4
17212;44;83;1;land;false;plains;4
17213;8;85;1;land;false;plains;4
17214;32;136;1;land;false;plains;4
17215;28;119;1;land;false;plains;4
17216;35;143;1;land;false;plains;4
17217;6;125;1;land;false;plains;4
17218;39;88;1;land;false;plains;4
17219;16;151;1;land;false;plains;4
17220;27;135;1;land;false;plains;4
17221;5;93;1;land;false;plains;4
17222;7;138;1;land;false;plains;4
17223;44;80;1;land;false;plains;4
17224;43;126;1;land;false;plains;4
17225;5;130;1;land;false;plains;4
17226;23;100;1;land;false;plains;4
17227;32;143;1;land;false;plains;4
17228;29;110;1;land;false;plains;4
17229;116;85;1;land;false;plains;4
17230;142;48;1;land;false;plains;4
17231;174;65;1;land;false;plains;4
17232;135;45;1;land;false;plains;4
17233;143;64;1;land;false;plains;4
17234;109;108;1;land;false;plains;4
17235;122;98;1;land;false;plains;4
17236;148;47;1;land;false;plains;4
17237;167;94;1;land;false;plains;4
17238;170;59;1;land;false;plains;4
17239;136;105;1;land;false;plains;4
17240;154;84;1;land;false;plains;4
17241;161;70;1;land;false;plains;4
17242;119;110;1;land;false;plains;4
17243;109;99;1;land;false;plains;4
17244;174;81;1;land;false;plains;4
17245;99;92;1;land;false;forest;4
17246;113;98;1;land;false;forest;4
17247;155;43;1;land;false;plains;4
17248;133;108;1;land;false;plains;4
17249;103;88;1;land;false;plains;4
17250;107;72;1;land;false;plains;4
17251;163;80;1;land;false;plains;4
17252;109;64;1;land;false;plains;4
17253;160;69;1;land;false;plains;4
17254;123;38;1;land;false;plains;4
17255;135;85;1;land;false;forest;4
17256;149;92;1;land;false;plains;4
17257;104;100;1;land;false;plains;4
17258;148;60;1;land;false;plains;4
17259;125;89;1;land;false;plains;4
17260;102;62;1;land;false;plains;4
17261;173;99;1;land;false;forest;4
17262;112;64;1;land;false;plains;4
17263;118;79;1;land;false;plains;4
17264;145;100;1;land;false;plains;4
17265;118;88;1;land;false;forest;4
17266;165;98;1;land;false;plains;4
17267;136;53;1;land;false;plains;4
17268;168;81;1;land;false;plains;4
17269;107;78;1;land;false;forest;4
17270;141;101;1;land;false;plains;4
17271;137;43;1;land;false;plains;4
17272;172;82;1;land;false;plains;4
17273;106;45;1;land;false;plains;4
17274;176;90;1;land;false;plains;4
17275;138;60;1;land;false;plains;4
17276;171;111;1;land;false;plains;4
17277;141;44;1;land;false;plains;4
17278;103;76;1;land;false;plains;4
17279;124;53;1;land;false;plains;4
17280;135;48;1;land;false;plains;4
17281;110;108;1;land;false;plains;4
17282;166;92;1;land;false;forest;4
17283;155;59;1;land;false;plains;4
17284;244;212;1;land;false;plains;4
17285;247;207;1;land;false;plains;4
17286;239;202;1;land;false;plains;4
17287;243;232;1;land;false;plains;4
17288;250;216;1;land;false;plains;4
17289;229;169;1;land;false;plains;4
17290;235;226;1;land;false;plains;4
17291;214;186;1;land;false;plains;4
17292;253;181;1;land;false;plains;4
17293;230;223;1;land;false;plains;4
17294;233;161;1;land;false;plains;4
17295;226;181;1;land;false;plains;4
17296;228;210;1;land;false;plains;4
17297;253;162;1;land;false;plains;4
17298;212;221;1;land;false;plains;4
17299;219;176;1;land;false;plains;4
17300;226;224;1;land;false;plains;4
17301;224;157;1;land;false;plains;4
17302;229;166;1;land;false;plains;4
17303;229;206;1;land;false;plains;4
17304;221;162;1;land;false;plains;4
17305;245;177;1;land;false;plains;4
17306;212;194;1;land;false;plains;4
17307;243;163;1;land;false;plains;4
17308;230;178;1;land;false;plains;4
17309;127;183;1;land;false;plains;4
17310;123;185;1;land;false;plains;4
17311;88;177;1;land;false;plains;4
17312;147;148;1;land;false;plains;4
17313;149;163;1;land;false;plains;4
17314;80;114;1;land;false;plains;4
17315;97;167;1;land;false;plains;4
17316;115;159;1;land;false;plains;4
17317;102;158;1;land;false;plains;4
17318;122;113;1;land;false;plains;4
17319;92;147;1;land;false;plains;4
17320;119;178;1;land;false;plains;4
17321;125;161;1;land;false;plains;4
17322;121;186;1;land;false;plains;4
17323;86;143;1;land;false;forest;4
17324;112;121;1;land;false;plains;4
17325;144;126;1;land;false;plains;4
17326;139;175;1;land;false;plains;4
17327;104;130;1;land;false;plains;4
17328;144;138;1;land;false;plains;4
17329;114;167;1;land;false;plains;4
17330;121;178;1;land;false;plains;4
17331;89;114;1;land;false;plains;4
17332;148;132;1;land;false;plains;4
17333;172;31;1;land;false;forest;4
17334;184;26;1;land;false;forest;4
17335;161;21;1;land;false;plains;4
17336;212;36;1;land;false;plains;4
17337;166;8;1;land;false;forest;4
17338;191;33;1;land;false;plains;4
17339;200;26;1;land;false;forest;4
17340;161;23;1;land;false;plains;4
17341;201;31;1;land;false;forest;4
17342;207;31;1;land;false;forest;4
17343;196;30;1;land;false;plains;4
17344;147;25;1;land;false;forest;4
17345;176;27;1;land;false;forest;4
17346;145;18;1;land;false;plains;4
17347;141;14;1;land;false;forest;4
17348;182;9;1;land;false;forest;4
17349;204;16;1;land;false;forest;4
17350;154;16;1;land;false;forest;4
17351;150;6;1;land;false;forest;4
17352;201;21;1;land;false;plains;4
17353;183;37;1;land;false;forest;4
17354;185;3;1;land;false;plains;4
17355;200;31;1;land;false;forest;4
17356;197;44;1;land;false;plains;4
17357;194;20;1;land;false;forest;4
17358;209;26;1;land;false;plains;4
17359;249;12;1;land;false;forest;4
17360;188;2;1;land;false;forest;4
17361;235;38;1;land;false;forest;4
17362;244;22;1;land;false;forest;4
17363;182;21;1;land;false;forest;4
17364;231;6;1;land;false;forest;4
17365;228;36;1;land;false;plains;4
17366;180;16;1;land;false;forest;4
17367;190;1;1;land;false;forest;4
17368;247;23;1;land;false;forest;4
17369;244;32;1;land;false;forest;4
17370;252;27;1;land;false;forest;4
17371;245;28;1;land;false;forest;4
17372;204;20;1;land;false;forest;4
17373;36;138;1;land;false;plains;4
17374;40;158;1;land;false;plains;4
17375;57;160;1;land;false;plains;4
17376;60;101;1;land;false;plains;4
17377;60;105;1;land;false;plains;4
17378;47;140;1;land;false;plains;4
17379;100;122;1;land;false;plains;4
17380;46;141;1;land;false;plains;4
17381;75;137;1;land;false;plains;4
17382;42;165;1;land;false;plains;4
17383;100;142;1;land;false;plains;4
17384;97;130;1;land;false;plains;4
17385;71;160;1;land;false;plains;4
17386;51;114;1;land;false;plains;4
17387;33;130;1;land;false;plains;4
17388;108;139;1;land;false;plains;4
17389;41;129;1;land;false;plains;4
17390;47;131;1;land;false;plains;4
17391;96;169;1;land;false;plains;4
17392;32;173;1;land;false;plains;4
17393;96;109;1;land;false;plains;4
17394;64;153;1;land;false;plains;4
17395;103;147;1;land;false;plains;4
17396;83;158;1;land;false;plains;4
17397;54;153;1;land;false;plains;4
17398;71;173;1;land;false;plains;4
17399;55;120;1;land;false;plains;4
17400;66;127;1;land;false;plains;4
17401;51;132;1;land;false;plains;4
17402;36;134;1;land;false;plains;4
17403;78;139;1;land;false;plains;4
17404;75;119;1;land;false;plains;4
17405;30;113;1;land;false;plains;4
17406;108;114;1;land;false;plains;4
17407;84;164;1;land;false;plains;4
17408;65;139;1;land;false;plains;4
17409;76;101;1;land;false;plains;4
17410;29;128;1;land;false;plains;4
17411;103;144;1;land;false;plains;4
17412;82;195;1;land;false;plains;4
17413;71;216;1;land;false;plains;4
17414;78;224;1;land;false;plains;4
17415;59;210;1;land;false;forest;4
17416;86;220;1;land;false;plains;4
17417;118;247;1;land;false;plains;4
17418;80;228;1;land;false;forest;4
17419;69;253;1;land;false;plains;4
17420;103;206;1;land;false;plains;4
17421;124;247;1;land;false;plains;4
17422;74;216;1;land;false;plains;4
17423;34;96;1;land;false;plains;4
17424;48;123;1;land;false;plains;4
17425;70;108;1;land;false;plains;4
17426;72;140;1;land;false;plains;4
17427;27;116;1;land;false;plains;4
17428;41;92;1;land;false;plains;4
17429;21;121;1;land;false;plains;4
17430;7;126;1;land;false;plains;4
17431;32;158;1;land;false;plains;4
17432;3;153;1;land;false;plains;4
17433;16;115;1;land;false;plains;4
17434;71;138;1;land;false;plains;4
17435;45;106;1;land;false;plains;4
17436;62;163;1;land;false;plains;4
17437;60;147;1;land;false;plains;4
17438;6;160;1;land;false;plains;4
17439;7;107;1;land;false;plains;4
17440;45;163;1;land;false;plains;4
17441;41;96;1;land;false;plains;4
17442;66;99;1;land;false;plains;4
17443;45;154;1;land;false;plains;4
17444;68;105;1;land;false;plains;4
17445;57;118;1;land;false;plains;4
17446;50;127;1;land;false;plains;4
17447;49;112;1;land;false;plains;4
17448;34;125;1;land;false;plains;4
17449;14;107;1;land;false;plains;4
17450;39;150;1;land;false;plains;4
17451;31;125;1;land;false;plains;4
17452;58;122;1;land;false;plains;4
17453;5;164;1;land;false;plains;4
17454;71;134;1;land;false;plains;4
17455;72;101;1;land;false;plains;4
17456;0;142;1;land;false;plains;4
17457;72;95;1;land;false;plains;4
17458;46;160;1;land;false;plains;4
17459;49;137;1;land;false;plains;4
17460;88;242;1;land;false;plains;4
17461;54;227;1;land;false;plains;4
17462;29;220;1;land;false;plains;4
17463;78;232;1;land;false;plains;4
17464;94;232;1;land;false;plains;4
17465;52;205;1;land;false;plains;4
17466;55;208;1;land;false;plains;4
17467;76;229;1;land;false;plains;4
17468;44;242;1;land;false;plains;4
17469;32;241;1;land;false;plains;4
17470;36;179;1;land;false;plains;4
17471;78;189;1;land;false;plains;4
17472;95;223;1;land;false;plains;4
17473;61;215;1;land;false;plains;4
17474;46;189;1;land;false;plains;4
17475;75;205;1;land;false;plains;4
17476;38;195;1;land;false;plains;4
17477;67;199;1;land;false;plains;4
17478;20;252;1;land;false;plains;4
17479;81;207;1;land;false;plains;4
17480;68;201;1;land;false;plains;4
17481;28;210;1;land;false;plains;4
17482;72;200;1;land;false;plains;4
17483;24;246;1;land;false;plains;4
17484;28;193;1;land;false;plains;4
17485;32;211;1;land;false;plains;4
17486;46;185;1;land;false;plains;4
17487;83;230;1;land;false;plains;4
17488;64;182;1;land;false;plains;4
17489;75;187;1;land;false;plains;4
17490;52;229;1;land;false;plains;4
17491;232;74;1;land;false;plains;4
17492;200;140;1;land;false;plains;4
17493;206;114;1;land;false;plains;4
17494;228;102;1;land;false;plains;4
17495;249;131;1;land;false;plains;4
17496;230;71;1;land;false;forest;4
17497;234;123;1;land;false;plains;4
17498;204;69;1;land;false;forest;4
17499;199;82;1;land;false;plains;4
17500;218;89;1;land;false;plains;4
17501;247;77;1;land;false;plains;4
17502;247;104;1;land;false;forest;4
17503;237;87;1;land;false;plains;4
17504;215;96;1;land;false;plains;4
17505;214;107;1;land;false;plains;4
17506;218;69;1;land;false;plains;4
17507;222;104;1;land;false;plains;4
17508;169;15;1;land;false;plains;4
17509;171;49;1;land;false;plains;4
17510;168;24;1;land;false;plains;4
17511;189;16;1;land;false;plains;4
17512;194;34;1;land;false;plains;4
17513;198;36;1;land;false;plains;4
17514;215;11;1;land;false;plains;4
17515;199;26;1;land;false;plains;4
17516;238;3;1;land;false;plains;4
17517;197;13;1;land;false;plains;4
17518;176;39;1;land;false;plains;4
17519;208;36;1;land;false;plains;4
17520;196;18;1;land;false;plains;4
17521;193;14;1;land;false;plains;4
17522;196;50;1;land;false;plains;4
17523;193;20;1;land;false;plains;4
17524;231;5;1;land;false;plains;4
17525;173;21;1;land;false;plains;4
17526;209;16;1;land;false;plains;4
17527;246;8;1;land;false;plains;4
17528;242;5;1;land;false;plains;4
17529;183;32;1;land;false;plains;4
17530;186;48;1;land;false;plains;4
17531;189;18;1;land;false;plains;4
17532;229;50;1;land;false;plains;4
17533;206;13;1;land;false;plains;4
17534;215;20;1;land;false;plains;4
17535;166;45;1;land;false;plains;4
17536;216;11;1;land;false;plains;4
17537;187;5;1;land;false;plains;4
17538;203;33;1;land;false;plains;4
17539;184;40;1;land;false;plains;4
17540;199;10;1;land;false;plains;4
17541;202;23;1;land;false;plains;4
17542;187;12;1;land;false;plains;4
17543;199;31;1;land;false;plains;4
17544;215;49;1;land;false;plains;4
17545;17;167;1;land;false;plains;4
17546;31;95;1;land;false;forest;4
17547;75;157;1;land;false;plains;4
17548;62;164;1;land;false;forest;4
17549;89;152;1;land;false;forest;4
17550;82;106;1;land;false;forest;4
17551;94;170;1;land;false;forest;4
17552;53;116;1;land;false;forest;4
17553;26;118;1;land;false;forest;4
17554;29;98;1;land;false;plains;4
17555;29;129;1;land;false;forest;4
17556;90;129;1;land;false;forest;4
17557;90;152;1;land;false;forest;4
17558;21;108;1;land;false;plains;4
17559;79;151;1;land;false;forest;4
17560;19;126;1;land;false;forest;4
17561;48;170;1;land;false;plains;4
17562;43;144;1;land;false;forest;4
17563;70;141;1;land;false;forest;4
17564;29;97;1;land;false;forest;4
17565;84;150;1;land;false;forest;4
17566;47;160;1;land;false;forest;4
17567;17;165;1;land;false;forest;4
17568;60;148;1;land;false;forest;4
17569;48;171;1;land;false;forest;4
17570;51;116;1;land;false;plains;4
17571;144;98;1;land;false;forest;4
17572;99;40;1;land;false;forest;4
17573;81;102;1;land;false;plains;4
17574;134;59;1;land;false;plains;4
17575;133;91;1;land;false;forest;4
17576;125;98;1;land;false;forest;4
17577;140;100;1;land;false;plains;4
17578;88;96;1;land;false;forest;4
17579;126;71;1;land;false;plains;4
17580;122;28;1;land;false;plains;4
17581;98;30;1;land;false;plains;4
17582;111;29;1;land;false;forest;4
17583;83;61;1;land;false;forest;4
17584;114;85;1;land;false;plains;4
17585;109;75;1;land;false;forest;4
17586;101;103;1;land;false;forest;4
17587;96;60;1;land;false;plains;4
17588;93;60;1;land;false;plains;4
17589;86;53;1;land;false;forest;4
17590;87;54;1;land;false;forest;4
17591;120;66;1;land;false;plains;4
17592;154;106;1;land;false;forest;4
17593;154;43;1;land;false;plains;4
17594;115;61;1;land;false;forest;4
17595;111;50;1;land;false;forest;4
17596;127;106;1;land;false;plains;4
17597;196;56;1;land;false;plains;4
17598;128;108;1;land;false;forest;4
17599;170;53;1;land;false;forest;4
17600;133;97;1;land;false;forest;4
17601;186;89;1;land;false;plains;4
17602;135;67;1;land;false;forest;4
17603;132;78;1;land;false;plains;4
17604;121;65;1;land;false;forest;4
17605;166;67;1;land;false;plains;4
17606;192;54;1;land;false;forest;4
17607;169;75;1;land;false;plains;4
17608;133;73;1;land;false;forest;4
17609;163;95;1;land;false;plains;4
17610;127;65;1;land;false;plains;4
17611;133;69;1;land;false;forest;4
17612;185;73;1;land;false;forest;4
17613;154;97;1;land;false;forest;4
17614;143;106;1;land;false;forest;4
17615;135;102;1;land;false;plains;4
17616;159;104;1;land;false;plains;4
17617;161;50;1;land;false;plains;4
17618;160;113;1;land;false;plains;4
17619;146;87;1;land;false;forest;4
17620;143;105;1;land;false;forest;4
17621;140;103;1;land;false;forest;4
17622;186;100;1;land;false;forest;4
17623;192;1;1;land;false;forest;4
17624;205;28;1;land;false;plains;4
17625;173;41;1;land;false;forest;4
17626;208;2;1;land;false;plains;4
17627;248;15;1;land;false;forest;4
17628;173;33;1;land;false;plains;4
17629;184;13;1;land;false;plains;4
17630;186;18;1;land;false;forest;4
17631;178;23;1;land;false;forest;4
17632;209;52;1;land;false;plains;4
17633;183;16;1;land;false;plains;4
17634;203;47;1;land;false;plains;4
17635;189;13;1;land;false;plains;4
17636;193;2;1;land;false;forest;4
17637;202;4;1;land;false;plains;4
17638;231;22;1;land;false;plains;4
17639;229;40;1;land;false;forest;4
17640;232;8;1;land;false;plains;4
17641;206;4;1;land;false;plains;4
17642;197;18;1;land;false;forest;4
17643;204;9;1;land;false;plains;4
17644;131;25;1;land;false;forest;4
17645;149;29;1;land;false;forest;4
17646;194;37;1;land;false;forest;4
17647;142;5;1;land;false;forest;4
17648;162;14;1;land;false;forest;4
17649;193;10;1;land;false;forest;4
17650;146;21;1;land;false;forest;4
17651;142;34;1;land;false;forest;4
17652;149;20;1;land;false;forest;4
17653;137;24;1;land;false;forest;4
17654;195;33;1;land;false;plains;4
17655;160;9;1;land;false;forest;4
17656;135;39;1;land;false;forest;4
17657;195;26;1;land;false;forest;4
17658;210;0;1;land;false;forest;4
17659;154;11;1;land;false;forest;4
17660;132;35;1;land;false;forest;4
17661;201;34;1;land;false;forest;4
17662;186;29;1;land;false;forest;4
17663;208;8;1;land;false;plains;4
17664;195;20;1;land;false;plains;4
17665;203;20;1;land;false;forest;4
17666;206;19;1;land;false;forest;4
17667;168;2;1;land;false;forest;4
17668;199;32;1;land;false;forest;4
17669;22;127;1;land;false;plains;4
17670;78;112;1;land;false;plains;4
17671;28;158;1;land;false;plains;4
17672;60;131;1;land;false;plains;4
17673;13;136;1;land;false;plains;4
17674;51;154;1;land;false;plains;4
17675;41;123;1;land;false;plains;4
17676;34;161;1;land;false;plains;4
17677;52;135;1;land;false;plains;4
17678;24;126;1;land;false;plains;4
17679;26;121;1;land;false;plains;4
17680;77;121;1;land;false;plains;4
17681;70;137;1;land;false;plains;4
17682;28;162;1;land;false;plains;4
17683;28;140;1;land;false;plains;4
17684;47;137;1;land;false;plains;4
17685;48;168;1;land;false;plains;4
17686;84;162;1;land;false;plains;4
17687;63;166;1;land;false;plains;4
17688;75;103;1;land;false;plains;4
17689;18;166;1;land;false;plains;4
17690;88;105;1;land;false;plains;4
17691;83;125;1;land;false;plains;4
17692;72;125;1;land;false;plains;4
17693;66;98;1;land;false;plains;4
17694;179;57;1;land;false;plains;4
17695;144;127;1;land;false;plains;4
17696;186;118;1;land;false;forest;4
17697;214;79;1;land;false;plains;4
17698;190;68;1;land;false;plains;4
17699;144;58;1;land;false;forest;4
17700;180;123;1;land;false;forest;4
17701;207;100;1;land;false;plains;4
17702;202;120;1;land;false;forest;4
17703;207;50;1;land;false;plains;4
17704;213;107;1;land;false;plains;4
17705;217;90;1;land;false;plains;4
17706;214;86;1;land;false;jungle;4
17707;210;87;1;land;false;forest;4
17708;204;106;1;land;false;forest;4
17709;145;125;1;land;false;forest;4
17710;200;99;1;land;false;forest;4
17711;153;127;1;land;false;jungle;4
17712;194;96;1;land;false;plains;4
17713;215;106;1;land;false;forest;4
17714;175;49;1;land;false;forest;4
17715;182;124;1;land;false;forest;4
17716;203;88;1;land;false;forest;4
17717;172;75;1;land;false;plains;4
17718;148;51;1;land;false;plains;4
17719;204;53;1;land;false;forest;4
17720;167;108;1;land;false;forest;4
17721;167;107;1;land;false;plains;4
17722;199;54;1;land;false;forest;4
17723;187;111;1;land;false;plains;4
17724;171;88;1;land;false;forest;4
17725;182;77;1;land;false;plains;4
17726;221;88;1;land;false;forest;4
17727;187;68;1;land;false;forest;4
17728;158;60;1;land;false;forest;4
17729;188;73;1;land;false;forest;4
17730;179;196;1;land;false;forest;4
17731;171;152;1;land;false;forest;4
17732;192;146;1;land;false;forest;4
17733;190;166;1;land;false;plains;4
17734;147;188;1;land;false;plains;4
17735;177;198;1;land;false;forest;4
17736;158;151;1;land;false;plains;4
17737;195;148;1;land;false;plains;4
17738;207;148;1;land;false;plains;4
17739;159;180;1;land;false;forest;4
17740;133;173;1;land;false;plains;4
17741;134;197;1;land;false;forest;4
17742;139;152;1;land;false;forest;4
17743;183;206;1;land;false;plains;4
17744;133;161;1;land;false;plains;4
17745;209;194;1;land;false;forest;4
17746;140;143;1;land;false;forest;4
17747;186;172;1;land;false;plains;4
17748;130;156;1;land;false;plains;4
17749;196;157;1;land;false;forest;4
17750;140;206;1;land;false;forest;4
17751;154;154;1;land;false;plains;4
17752;147;196;1;land;false;forest;4
17753;196;202;1;land;false;forest;4
17754;189;60;1;land;false;plains;4
17755;168;128;1;land;false;forest;4
17756;183;65;1;land;false;plains;4
17757;216;84;1;land;false;plains;4
17758;174;64;1;land;false;forest;4
17759;210;97;1;land;false;plains;4
17760;164;58;1;land;false;plains;4
17761;205;106;1;land;false;plains;4
17762;222;116;1;land;false;plains;4
17763;199;70;1;land;false;forest;4
17764;179;114;1;land;false;forest;4
17765;181;129;1;land;false;plains;4
17766;213;70;1;land;false;plains;4
17767;150;105;1;land;false;plains;4
17768;224;109;1;land;false;plains;4
17769;229;121;1;land;false;plains;4
17770;193;117;1;land;false;forest;4
17771;185;77;1;land;false;plains;4
17772;183;158;1;land;false;plains;4
17773;175;133;1;land;false;plains;4
17774;207;197;1;land;false;plains;4
17775;171;199;1;land;false;plains;4
17776;148;172;1;land;false;plains;4
17777;212;159;1;land;false;plains;4
17778;213;207;1;land;false;plains;4
17779;179;132;1;land;false;plains;4
17780;164;167;1;land;false;plains;4
17781;180;160;1;land;false;plains;4
17782;160;152;1;land;false;plains;4
17783;209;172;1;land;false;plains;4
17784;204;138;1;land;false;plains;4
17785;150;179;1;land;false;plains;4
17786;192;173;1;land;false;plains;4
17787;177;180;1;land;false;plains;4
17788;202;141;1;land;false;plains;4
17789;152;136;1;land;false;plains;4
17790;63;24;1;land;false;plains;4
17791;63;35;1;land;false;plains;4
17792;0;62;1;land;false;plains;4
17793;31;34;1;land;false;plains;4
17794;6;61;1;land;false;plains;4
17795;26;1;1;land;false;plains;4
17796;13;1;1;land;false;plains;4
17797;47;11;1;land;false;plains;4
17798;51;53;1;land;false;plains;4
17799;44;25;1;land;false;plains;4
17800;7;44;1;land;false;plains;4
17801;30;31;1;land;false;plains;4
17802;65;29;1;land;false;plains;4
17803;15;15;1;land;false;plains;4
17804;44;13;1;land;false;plains;4
17805;70;112;1;land;false;plains;4
17806;40;116;1;land;false;plains;4
17807;87;147;1;land;false;plains;4
17808;99;155;1;land;false;plains;4
17809;102;127;1;land;false;plains;4
17810;56;118;1;land;false;plains;4
17811;67;125;1;land;false;plains;4
17812;48;126;1;land;false;plains;4
17813;48;165;1;land;false;plains;4
17814;56;144;1;land;false;plains;4
17815;94;115;1;land;false;plains;4
17816;33;142;1;land;false;plains;4
17817;83;113;1;land;false;plains;4
17818;64;127;1;land;false;plains;4
17819;88;138;1;land;false;plains;4
17820;97;111;1;land;false;plains;4
17821;33;152;1;land;false;plains;4
17822;104;126;1;land;false;plains;4
17823;74;157;1;land;false;plains;4
17824;79;101;1;land;false;plains;4
17825;39;129;1;land;false;plains;4
17826;53;158;1;land;false;plains;4
17827;42;98;1;land;false;plains;4
17828;47;132;1;land;false;plains;4
17829;41;112;1;land;false;plains;4
17830;37;114;1;land;false;plains;4
17831;72;141;1;land;false;plains;4
17832;96;110;1;land;false;plains;4
17833;48;155;1;land;false;plains;4
17834;107;107;1;land;false;plains;4
17835;66;140;1;land;false;plains;4
17836;81;139;1;land;false;plains;4
17837;61;165;1;land;false;plains;4
17838;70;100;1;land;false;plains;4
17839;84;101;1;land;false;plains;4
17840;108;166;1;land;false;plains;4
17841;35;165;1;land;false;forest;4
17842;97;166;1;land;false;plains;4
17843;67;147;1;land;false;plains;4
17844;99;150;1;land;false;plains;4
17845;56;149;1;land;false;plains;4
17846;85;169;1;land;false;plains;4
17847;89;154;1;land;false;plains;4
17848;58;137;1;land;false;plains;4
17849;102;136;1;land;false;plains;4
17850;101;146;1;land;false;plains;4
17851;76;162;1;land;false;plains;4
17852;86;161;1;land;false;plains;4
17853;56;128;1;land;false;plains;4
17854;87;118;1;land;false;plains;4
17855;70;163;1;land;false;plains;4
17856;84;152;1;land;false;plains;4
17857;222;115;1;land;false;plains;4
17858;182;62;1;land;false;plains;4
17859;164;99;1;land;false;plains;4
17860;167;123;1;land;false;plains;4
17861;165;116;1;land;false;plains;4
17862;210;124;1;land;false;plains;4
17863;178;62;1;land;false;plains;4
17864;195;117;1;land;false;plains;4
17865;214;124;1;land;false;plains;4
17866;215;83;1;land;false;plains;4
17867;225;51;1;land;false;plains;4
17868;212;77;1;land;false;plains;4
17869;191;68;1;land;false;plains;4
17870;205;78;1;land;false;plains;4
17871;177;87;1;land;false;plains;4
17872;178;125;1;land;false;forest;4
17873;169;118;1;land;false;forest;4
17874;227;87;1;land;false;plains;4
17875;217;63;1;land;false;plains;4
17876;194;70;1;land;false;plains;4
17877;218;104;1;land;false;plains;4
17878;241;86;1;land;false;plains;4
17879;222;84;1;land;false;plains;4
17880;239;73;1;land;false;plains;4
17881;183;54;1;land;false;plains;4
17882;131;58;1;land;false;plains;4
17883;134;49;1;land;false;plains;4
17884;118;70;1;land;false;plains;4
17885;86;93;1;land;false;plains;4
17886;84;30;1;land;false;plains;4
17887;106;24;1;land;false;plains;4
17888;123;51;1;land;false;forest;4
17889;78;60;1;land;false;plains;4
17890;100;57;1;land;false;plains;4
17891;123;65;1;land;false;plains;4
17892;74;37;1;land;false;plains;4
17893;79;38;1;land;false;plains;4
17894;120;32;1;land;false;plains;4
17895;108;85;1;land;false;plains;4
17896;131;53;1;land;false;plains;4
17897;96;35;1;land;false;plains;4
17898;111;73;1;land;false;plains;4
17899;79;32;1;land;false;plains;4
17900;108;24;1;land;false;plains;4
17901;119;42;1;land;false;plains;4
17902;111;41;1;land;false;plains;4
17903;114;82;1;land;false;plains;4
17904;119;92;1;land;false;plains;4
17905;115;88;1;land;false;plains;4
17906;138;86;1;land;false;plains;4
17907;122;80;1;land;false;plains;4
17908;123;42;1;land;false;plains;4
17909;136;64;1;land;false;plains;4
17910;78;55;1;land;false;forest;4
17911;132;72;1;land;false;plains;4
17912;117;60;1;land;false;plains;4
17913;138;59;1;land;false;plains;4
17914;121;172;1;land;false;plains;4
17915;171;162;1;land;false;forest;4
17916;168;190;1;land;false;forest;4
17917;186;166;1;land;false;plains;4
17918;194;180;1;land;false;plains;4
17919;127;209;1;land;false;forest;4
17920;192;159;1;land;false;forest;4
17921;184;157;1;land;false;plains;4
17922;168;227;1;land;false;plains;4
17923;156;180;1;land;false;plains;4
17924;179;157;1;land;false;forest;4
17925;148;219;1;land;false;forest;4
17926;150;196;1;land;false;forest;4
17927;199;191;1;land;false;forest;4
17928;127;159;1;land;false;plains;4
17929;143;223;1;land;false;plains;4
17930;194;208;1;land;false;plains;4
17931;182;157;1;land;false;plains;4
17932;191;130;1;land;false;plains;4
17933;176;140;1;land;false;plains;4
17934;224;129;1;land;false;plains;4
17935;207;122;1;land;false;plains;4
17936;188;147;1;land;false;plains;4
17937;233;158;1;land;false;plains;4
17938;220;81;1;land;false;plains;4
17939;180;108;1;land;false;plains;4
17940;242;147;1;land;false;plains;4
17941;231;130;1;land;false;plains;4
17942;226;113;1;land;false;plains;4
17943;237;129;1;land;false;plains;4
17944;205;157;1;land;false;forest;4
17945;223;84;1;land;false;plains;4
17946;177;132;1;land;false;forest;4
17947;203;83;1;land;false;plains;4
17948;251;104;1;land;false;plains;4
17949;248;148;1;land;false;plains;4
17950;227;116;1;land;false;plains;4
17951;206;124;1;land;false;plains;4
17952;250;79;1;land;false;plains;4
17953;248;147;1;land;false;plains;4
17954;194;83;1;land;false;plains;4
17955;176;104;1;land;false;plains;4
17956;183;149;1;land;false;plains;4
17957;187;147;1;land;false;plains;4
17958;249;114;1;land;false;plains;4
17959;242;140;1;land;false;plains;4
17960;248;109;1;land;false;plains;4
17961;187;101;1;land;false;plains;4
17962;171;98;1;land;false;plains;4
17963;179;87;1;land;false;plains;4
17964;205;124;1;land;false;plains;4
17965;141;144;1;land;false;plains;4
17966;134;117;1;land;false;plains;4
17967;183;142;1;land;false;plains;4
17968;204;114;1;land;false;plains;4
17969;208;69;1;land;false;plains;4
17970;193;71;1;land;false;plains;4
17971;137;71;1;land;false;plains;4
17972;147;134;1;land;false;plains;4
17973;158;87;1;land;false;plains;4
17974;143;126;1;land;false;plains;4
17975;163;128;1;land;false;plains;4
17976;160;115;1;land;false;plains;4
17977;176;75;1;land;false;plains;4
17978;145;70;1;land;false;plains;4
17979;201;66;1;land;false;plains;4
17980;154;75;1;land;false;plains;4
17981;166;133;1;land;false;plains;4
17982;150;82;1;land;false;plains;4
17983;170;76;1;land;false;plains;4
17984;179;73;1;land;false;plains;4
17985;184;111;1;land;false;plains;4
17986;168;79;1;land;false;plains;4
17987;148;84;1;land;false;plains;4
17988;131;90;1;land;false;plains;4
17989;138;109;1;land;false;plains;4
17990;168;95;1;land;false;plains;4
17991;142;92;1;land;false;plains;4
17992;179;125;1;land;false;plains;4
17993;154;123;1;land;false;plains;4
17994;189;103;1;land;false;plains;4
17995;195;109;1;land;false;forest;4
17996;187;125;1;land;false;plains;4
17997;148;93;1;land;false;plains;4
17998;198;87;1;land;false;plains;4
17999;200;133;1;land;false;plains;4
18000;172;108;1;land;false;plains;4
18001;181;94;1;land;false;plains;4
18002;183;108;1;land;false;plains;4
18003;155;85;1;land;false;plains;4
18004;176;68;1;land;false;plains;4
18005;156;67;1;land;false;plains;4
18006;162;137;1;land;false;plains;4
18007;177;101;1;land;false;plains;4
18008;163;139;1;land;false;plains;4
18009;178;76;1;land;false;plains;4
18010;184;145;1;land;false;plains;4
18011;136;114;1;land;false;plains;4
18012;133;82;1;land;false;plains;4
18013;154;67;1;land;false;plains;4
18014;158;93;1;land;false;plains;4
18015;135;109;1;land;false;plains;4
18016;186;130;1;land;false;plains;4
18017;177;142;1;land;false;plains;4
18018;155;87;1;land;false;plains;4
18019;198;70;1;land;false;plains;4
18020;192;128;1;land;false;plains;4
18021;140;129;1;land;false;plains;4
18022;194;119;1;land;false;plains;4
18023;138;66;1;land;false;plains;4
18024;142;130;1;land;false;plains;4
18025;156;77;1;land;false;plains;4
18026;152;126;1;land;false;plains;4
18027;189;109;1;land;false;plains;4
18028;149;120;1;land;false;plains;4
18029;174;137;1;land;false;plains;4
18030;176;127;1;land;false;plains;4
18031;166;78;1;land;false;plains;4
18032;184;119;1;land;false;plains;4
18033;183;123;1;land;false;plains;4
18034;200;83;1;land;false;plains;4
18035;157;137;1;land;false;plains;4
18036;163;69;1;land;false;plains;4
18037;201;71;1;land;false;plains;4
18038;175;82;1;land;false;plains;4
18039;139;112;1;land;false;plains;4
18040;144;130;1;land;false;plains;4
18041;148;103;1;land;false;plains;4
18042;196;96;1;land;false;plains;4
18043;202;122;1;land;false;plains;4
18044;168;84;1;land;false;plains;4
18045;153;98;1;land;false;plains;4
18046;156;120;1;land;false;plains;4
18047;150;100;1;land;false;plains;4
18048;180;126;1;land;false;plains;4
18049;163;78;1;land;false;plains;4
18050;201;72;1;land;false;plains;4
18051;194;75;1;land;false;plains;4
18052;252;54;1;land;false;plains;4
18053;242;13;1;land;false;plains;4
18054;208;18;1;land;false;plains;4
18055;239;18;1;land;false;plains;4
18056;213;16;1;land;false;plains;4
18057;217;13;1;land;false;plains;4
18058;231;36;1;land;false;plains;4
18059;239;61;1;land;false;plains;4
18060;246;68;1;land;false;plains;4
18061;202;46;1;land;false;plains;4
18062;252;13;1;land;false;plains;4
18063;204;58;1;land;false;plains;4
18064;238;66;1;land;false;plains;4
18065;210;5;1;land;false;desert;4
18066;209;25;1;land;false;plains;4
18067;233;29;1;land;false;plains;4
18068;222;59;1;land;false;plains;4
18069;196;27;1;land;false;plains;4
18070;245;17;1;land;false;plains;4
18071;210;72;1;land;false;plains;4
18072;253;49;1;land;false;plains;4
18073;207;30;1;land;false;plains;4
18074;212;20;1;land;false;plains;4
18075;247;28;1;land;false;plains;4
18076;204;52;1;land;false;plains;4
18077;197;40;1;land;false;plains;4
18078;236;60;1;land;false;plains;4
18079;234;25;1;land;false;plains;4
18080;252;35;1;land;false;plains;4
18081;216;45;1;land;false;plains;4
18082;252;66;1;land;false;plains;4
18083;232;64;1;land;false;plains;4
18084;138;0;1;land;false;plains;4
18085;143;7;1;land;false;plains;4
18086;116;11;1;land;false;plains;4
18087;138;26;1;land;false;plains;4
18088;145;39;1;land;false;plains;4
18089;120;30;1;land;false;plains;4
18090;112;6;1;land;false;plains;4
18091;127;20;1;land;false;plains;4
18092;78;15;1;land;false;plains;4
18093;90;29;1;land;false;plains;4
18094;107;21;1;land;false;plains;4
18095;108;18;1;land;false;plains;4
18096;109;19;1;land;false;plains;4
18097;118;18;1;land;false;plains;4
18098;135;17;1;land;false;plains;4
18099;118;0;1;land;false;plains;4
18100;120;20;1;land;false;plains;4
18101;144;13;1;land;false;plains;4
18102;82;16;1;land;false;plains;4
18103;121;16;1;land;false;plains;4
18104;107;8;1;land;false;plains;4
18105;113;39;1;land;false;plains;4
18106;84;3;1;land;false;plains;4
18107;101;37;1;land;false;plains;4
18108;113;0;1;land;false;plains;4
18109;151;7;1;land;false;plains;4
18110;137;7;1;land;false;plains;4
18111;99;14;1;land;false;plains;4
18112;96;17;1;land;false;plains;4
18113;113;26;1;land;false;plains;4
18114;99;28;1;land;false;plains;4
18115;117;19;1;land;false;plains;4
18116;118;3;1;land;false;plains;4
18117;140;8;1;land;false;plains;4
18118;113;11;1;land;false;plains;4
18119;76;37;1;land;false;plains;4
18120;105;20;1;land;false;plains;4
18121;42;100;1;land;false;plains;4
18122;24;75;1;land;false;plains;4
18123;38;74;1;land;false;plains;4
18124;2;89;1;land;false;plains;4
18125;25;103;1;land;false;plains;4
18126;43;149;1;land;false;plains;4
18127;53;136;1;land;false;plains;4
18128;10;119;1;land;false;plains;4
18129;20;129;1;land;false;plains;4
18130;53;150;1;land;false;plains;4
18131;2;94;1;land;false;forest;4
18132;52;151;1;land;false;plains;4
18133;36;148;1;land;false;plains;4
18134;18;114;1;land;false;forest;4
18135;0;74;1;land;false;plains;4
18136;42;114;1;land;false;plains;4
18137;48;109;1;land;false;plains;4
18138;22;135;1;land;false;plains;4
18139;16;112;1;land;false;plains;4
18140;16;125;1;land;false;plains;4
18141;15;118;1;land;false;plains;4
18142;12;149;1;land;false;plains;4
18143;17;134;1;land;false;forest;4
18144;37;76;1;land;false;plains;4
18145;127;96;1;land;false;plains;4
18146;129;81;1;land;false;desert;4
18147;144;51;1;land;false;desert;4
18148;149;35;1;land;false;desert;4
18149;135;29;1;land;false;desert;4
18150;150;93;1;land;false;desert;4
18151;124;54;1;land;false;desert;4
18152;175;91;1;land;false;plains;4
18153;124;51;1;land;false;plains;4
18154;141;102;1;land;false;desert;4
18155;110;98;1;land;false;plains;4
18156;118;103;1;land;false;plains;4
18157;116;47;1;land;false;desert;4
18158;132;51;1;land;false;desert;4
18159;170;79;1;land;false;desert;4
18160;169;64;1;land;false;desert;4
18161;116;36;1;land;false;desert;4
18162;101;56;1;land;false;plains;4
18163;154;65;1;land;false;desert;4
18164;144;47;1;land;false;plains;4
18165;110;69;1;land;false;plains;4
18166;78;63;1;land;false;plains;4
18167;78;81;1;land;false;plains;4
18168;56;84;1;land;false;plains;4
18169;58;68;1;land;false;plains;4
18170;134;37;1;land;false;plains;4
18171;71;44;1;land;false;plains;4
18172;126;39;1;land;false;plains;4
18173;78;69;1;land;false;plains;4
18174;125;77;1;land;false;plains;4
18175;81;14;1;land;false;plains;4
18176;86;66;1;land;false;plains;4
18177;80;75;1;land;false;plains;4
18178;108;52;1;land;false;plains;4
18179;70;90;1;land;false;plains;4
18180;73;92;1;land;false;plains;4
18181;117;41;1;land;false;plains;4
18182;107;82;1;land;false;plains;4
18183;64;45;1;land;false;plains;4
18184;114;50;1;land;false;plains;4
18185;129;18;1;land;false;plains;4
18186;107;31;1;land;false;plains;4
18187;114;67;1;land;false;plains;4
18188;114;49;1;land;false;plains;4
18189;133;45;1;land;false;plains;4
18190;121;18;1;land;false;plains;4
18191;97;22;1;land;false;plains;4
18192;121;69;1;land;false;plains;4
18193;123;87;1;land;false;plains;4
18194;79;76;1;land;false;plains;4
18195;58;35;1;land;false;plains;4
18196;102;85;1;land;false;plains;4
18197;67;70;1;land;false;plains;4
18198;134;68;1;land;false;plains;4
18199;128;93;1;land;false;plains;4
18200;112;90;1;land;false;plains;4
18201;96;81;1;land;false;plains;4
18202;108;29;1;land;false;plains;4
18203;125;91;1;land;false;plains;4
18204;102;89;1;land;false;plains;4
18205;118;91;1;land;false;plains;4
18206;90;32;1;land;false;plains;4
18207;61;66;1;land;false;plains;4
18208;65;27;1;land;false;plains;4
18209;128;26;1;land;false;plains;4
18210;106;60;1;land;false;plains;4
18211;82;78;1;land;false;plains;4
18212;85;64;1;land;false;plains;4
18213;113;81;1;land;false;plains;4
18214;75;42;1;land;false;plains;4
18215;81;49;1;land;false;plains;4
18216;65;25;1;land;false;plains;4
18217;98;66;1;land;false;plains;4
18218;81;44;1;land;false;plains;4
18219;59;40;1;land;false;plains;4
18220;102;45;1;land;false;plains;4
18221;201;48;1;land;false;plains;4
18222;204;37;1;land;false;plains;4
18223;247;25;1;land;false;plains;4
18224;207;45;1;land;false;plains;4
18225;212;32;1;land;false;plains;4
18226;240;41;1;land;false;plains;4
18227;204;48;1;land;false;plains;4
18228;216;15;1;land;false;plains;4
18229;207;34;1;land;false;plains;4
18230;218;43;1;land;false;plains;4
18231;241;3;1;land;false;plains;4
18232;223;41;1;land;false;plains;4
18233;251;16;1;land;false;plains;4
18234;192;13;1;land;false;plains;4
18235;252;17;1;land;false;plains;4
18236;205;34;1;land;false;plains;4
18237;253;9;1;land;false;plains;4
18238;245;5;1;land;false;plains;4
18239;227;49;1;land;false;plains;4
18240;232;6;1;land;false;plains;4
18241;238;5;1;land;false;plains;4
18242;243;9;1;land;false;plains;4
18243;210;4;1;land;false;plains;4
18244;221;47;1;land;false;plains;4
18245;241;14;1;land;false;plains;4
18246;194;38;1;land;false;plains;4
18247;250;8;1;land;false;plains;4
18248;241;7;1;land;false;plains;4
18249;219;28;1;land;false;plains;4
18250;242;28;1;land;false;plains;4
18251;223;5;1;land;false;plains;4
18252;246;23;1;land;false;plains;4
18253;229;1;1;land;false;plains;4
18254;233;24;1;land;false;plains;4
18255;207;23;1;land;false;plains;4
18256;244;15;1;land;false;plains;4
18257;248;42;1;land;false;plains;4
18258;212;12;1;land;false;plains;4
18259;195;25;1;land;false;plains;4
18260;249;48;1;land;false;plains;4
18261;236;11;1;land;false;plains;4
18262;241;20;1;land;false;plains;4
18263;214;16;1;land;false;plains;4
18264;210;12;1;land;false;plains;4
18265;205;10;1;land;false;plains;4
18266;209;9;1;land;false;plains;4
18267;251;15;1;land;false;plains;4
18268;203;4;1;land;false;plains;4
18269;241;39;1;land;false;plains;4
18270;239;6;1;land;false;plains;4
18271;225;30;1;land;false;plains;4
18272;224;14;1;land;false;plains;4
18273;209;3;1;land;false;plains;4
18274;210;18;1;land;false;plains;4
18275;199;48;1;land;false;plains;4
18276;250;29;1;land;false;plains;4
18277;196;1;1;land;false;plains;4
18278;237;46;1;land;false;plains;4
18279;144;146;1;land;false;plains;4
18280;88;120;1;land;false;plains;4
18281;91;111;1;land;false;plains;4
18282;158;131;1;land;false;plains;4
18283;166;137;1;land;false;plains;4
18284;97;191;1;land;false;plains;4
18285;165;114;1;land;false;plains;4
18286;124;123;1;land;false;plains;4
18287;164;160;1;land;false;plains;4
18288;162;174;1;land;false;plains;4
18289;126;178;1;land;false;plains;4
18290;96;168;1;land;false;plains;4
18291;96;161;1;land;false;plains;4
18292;160;147;1;land;false;plains;4
18293;158;171;1;land;false;plains;4
18294;117;156;1;land;false;plains;4
18295;120;185;1;land;false;plains;4
18296;100;124;1;land;false;plains;4
18297;142;133;1;land;false;plains;4
18298;120;125;1;land;false;plains;4
18299;120;128;1;land;false;plains;4
18300;152;182;1;land;false;plains;4
18301;108;150;1;land;false;plains;4
18302;129;126;1;land;false;plains;4
18303;161;171;1;land;false;plains;4
18304;120;152;1;land;false;plains;4
18305;140;146;1;land;false;plains;4
18306;123;167;1;land;false;plains;4
18307;138;134;1;land;false;plains;4
18308;133;186;1;land;false;plains;4
18309;107;163;1;land;false;plains;4
18310;117;167;1;land;false;plains;4
18311;160;116;1;land;false;plains;4
18312;95;131;1;land;false;plains;4
18313;115;156;1;land;false;plains;4
18314;131;112;1;land;false;plains;4
18315;136;132;1;land;false;plains;4
18316;121;114;1;land;false;plains;4
18317;98;146;1;land;false;plains;4
18318;118;172;1;land;false;plains;4
18319;150;128;1;land;false;plains;4
18320;107;244;1;land;false;plains;4
18321;136;223;1;land;false;plains;4
18322;133;227;1;land;false;plains;4
18323;105;221;1;land;false;plains;4
18324;102;241;1;land;false;plains;4
18325;91;246;1;land;false;plains;4
18326;82;230;1;land;false;plains;4
18327;74;220;1;land;false;plains;4
18328;74;239;1;land;false;plains;4
18329;90;218;1;land;false;plains;4
18330;109;222;1;land;false;plains;4
18331;100;250;1;land;false;plains;4
18332;115;211;1;land;false;plains;4
18333;96;231;1;land;false;plains;4
18334;80;247;1;land;false;plains;4
18335;101;249;1;land;false;plains;4
18336;75;238;1;land;false;plains;4
18337;116;223;1;land;false;plains;4
18338;135;218;1;land;false;plains;4
18339;79;226;1;land;false;plains;4
18340;108;235;1;land;false;plains;4
18341;136;243;1;land;false;plains;4
18342;125;236;1;land;false;plains;4
18343;129;231;1;land;false;plains;4
18344;74;231;1;land;false;plains;4
18345;89;212;1;land;false;plains;4
18346;99;232;1;land;false;plains;4
18347;102;214;1;land;false;plains;4
18348;110;235;1;land;false;plains;4
18349;108;220;1;land;false;plains;4
18350;130;237;1;land;false;plains;4
18351;100;227;1;land;false;plains;4
18352;137;238;1;land;false;plains;4
18353;80;249;1;land;false;plains;4
18354;113;233;1;land;false;plains;4
18355;218;129;1;land;false;forest;4
18356;234;99;1;land;false;forest;4
18357;211;72;1;land;false;plains;4
18358;228;115;1;land;false;plains;4
18359;231;135;1;land;false;plains;4
18360;213;135;1;land;false;plains;4
18361;236;104;1;land;false;plains;4
18362;222;132;1;land;false;forest;4
18363;239;108;1;land;false;plains;4
18364;222;72;1;land;false;plains;4
18365;223;124;1;land;false;forest;4
18366;247;113;1;land;false;forest;4
18367;243;76;1;land;false;forest;4
18368;234;139;1;land;false;forest;4
18369;249;67;1;land;false;plains;4
18370;240;125;1;land;false;plains;4
18371;251;77;1;land;false;plains;4
18372;248;63;1;land;false;plains;4
18373;219;97;1;land;false;forest;4
18374;252;116;1;land;false;forest;4
18375;247;94;1;land;false;plains;4
18376;250;69;1;land;false;forest;4
18377;237;128;1;land;false;forest;4
18378;210;103;1;land;false;plains;4
18379;235;69;1;land;false;plains;4
18380;7;240;1;land;false;plains;4
18381;57;249;1;land;false;plains;4
18382;24;238;1;land;false;plains;4
18383;79;204;1;land;false;plains;4
18384;18;222;1;land;false;plains;4
18385;65;233;1;land;false;plains;4
18386;14;195;1;land;false;plains;4
18387;76;245;1;land;false;plains;4
18388;30;215;1;land;false;plains;4
18389;18;252;1;land;false;plains;4
18390;22;198;1;land;false;plains;4
18391;31;226;1;land;false;plains;4
18392;84;231;1;land;false;plains;4
18393;55;204;1;land;false;plains;4
18394;83;250;1;land;false;plains;4
18395;26;203;1;land;false;plains;4
18396;39;236;1;land;false;plains;4
18397;67;203;1;land;false;plains;4
18398;57;253;1;land;false;plains;4
18399;40;230;1;land;false;plains;4
18400;31;233;1;land;false;plains;4
18401;49;254;1;land;false;plains;4
18402;80;221;1;land;false;plains;4
18403;26;216;1;land;false;plains;4
18404;196;190;1;land;false;forest;4
18405;165;229;1;land;false;plains;4
18406;205;200;1;land;false;plains;4
18407;192;190;1;land;false;plains;4
18408;152;204;1;land;false;plains;4
18409;150;210;1;land;false;forest;4
18410;171;230;1;land;false;plains;4
18411;196;182;1;land;false;plains;4
18412;162;193;1;land;false;plains;4
18413;190;160;1;land;false;forest;4
18414;173;222;1;land;false;forest;4
18415;214;228;1;land;false;plains;4
18416;170;164;1;land;false;forest;4
18417;177;187;1;land;false;plains;4
18418;215;203;1;land;false;forest;4
18419;175;231;1;land;false;forest;4
18420;189;195;1;land;false;plains;4
18421;89;129;1;land;false;plains;4
18422;87;132;1;land;false;plains;4
18423;95;124;1;land;false;forest;4
18424;101;181;1;land;false;plains;4
18425;81;167;1;land;false;forest;4
18426;98;142;1;land;false;forest;4
18427;133;175;1;land;false;forest;4
18428;85;149;1;land;false;forest;4
18429;71;128;1;land;false;plains;4
18430;89;203;1;land;false;forest;4
18431;108;160;1;land;false;plains;4
18432;67;191;1;land;false;plains;4
18433;66;169;1;land;false;plains;4
18434;84;127;1;land;false;plains;4
18435;110;182;1;land;false;plains;4
18436;114;184;1;land;false;plains;4
18437;119;155;1;land;false;forest;4
18438;72;126;1;land;false;forest;4
18439;76;190;1;land;false;forest;4
18440;90;189;1;land;false;forest;4
18441;114;141;1;land;false;forest;4
18442;131;175;1;land;false;forest;4
18443;90;174;1;land;false;plains;4
18444;56;198;1;land;false;forest;4
18445;121;126;1;land;false;plains;4
18446;82;162;1;land;false;plains;4
18447;56;176;1;land;false;forest;4
18448;120;162;1;land;false;plains;4
18449;114;187;1;land;false;plains;4
18450;62;183;1;land;false;forest;4
18451;72;151;1;land;false;plains;4
18452;77;152;1;land;false;plains;4
18453;108;167;1;land;false;plains;4
18454;129;149;1;land;false;forest;4
18455;113;125;1;land;false;plains;4
18456;95;186;1;land;false;forest;4
18457;75;135;1;land;false;forest;4
18458;118;201;1;land;false;forest;4
18459;113;146;1;land;false;plains;4
18460;57;184;1;land;false;plains;4
18461;104;131;1;land;false;plains;4
18462;109;196;1;land;false;forest;4
18463;65;144;1;land;false;plains;4
18464;115;146;1;land;false;forest;4
18465;80;134;1;land;false;plains;4
18466;69;142;1;land;false;plains;4
18467;87;134;1;land;false;forest;4
18468;91;168;1;land;false;forest;4
18469;126;177;1;land;false;plains;4
18470;115;125;1;land;false;plains;4
18471;86;156;1;land;false;forest;4
18472;76;134;1;land;false;forest;4
18473;98;130;1;land;false;forest;4
18474;89;199;1;land;false;plains;4
18475;91;164;1;land;false;plains;4
18476;74;200;1;land;false;forest;4
18477;78;169;1;land;false;plains;4
18478;160;219;1;land;false;plains;4
18479;184;242;1;land;false;plains;4
18480;137;215;1;land;false;plains;4
18481;162;204;1;land;false;plains;4
18482;158;218;1;land;false;plains;4
18483;128;254;1;land;false;plains;4
18484;130;236;1;land;false;plains;4
18485;120;210;1;land;false;plains;4
18486;129;202;1;land;false;plains;4
18487;165;232;1;land;false;plains;4
18488;156;232;1;land;false;plains;4
18489;177;201;1;land;false;plains;4
18490;151;208;1;land;false;plains;4
18491;147;230;1;land;false;plains;4
18492;232;109;1;land;false;plains;4
18493;191;101;1;land;false;plains;4
18494;162;84;1;land;false;plains;4
18495;174;77;1;land;false;plains;4
18496;187;76;1;land;false;plains;4
18497;192;125;1;land;false;plains;4
18498;173;146;1;land;false;plains;4
18499;219;131;1;land;false;plains;4
18500;185;85;1;land;false;plains;4
18501;181;144;1;land;false;plains;4
18502;236;84;1;land;false;plains;4
18503;229;80;1;land;false;plains;4
18504;162;111;1;land;false;plains;4
18505;205;129;1;land;false;plains;4
18506;213;86;1;land;false;plains;4
18507;175;76;1;land;false;plains;4
18508;210;122;1;land;false;plains;4
18509;185;118;1;land;false;plains;4
18510;227;104;1;land;false;plains;4
18511;190;133;1;land;false;plains;4
18512;220;80;1;land;false;plains;4
18513;225;78;1;land;false;plains;4
18514;226;112;1;land;false;plains;4
18515;198;94;1;land;false;plains;4
18516;231;142;1;land;false;plains;4
18517;204;94;1;land;false;plains;4
18518;195;116;1;land;false;plains;4
18519;169;138;1;land;false;plains;4
18520;187;84;1;land;false;plains;4
18521;202;147;1;land;false;plains;4
18522;239;132;1;land;false;plains;4
18523;240;43;1;land;false;plains;4
18524;239;36;1;land;false;plains;4
18525;245;21;1;land;false;plains;4
18526;236;77;1;land;false;plains;4
18527;242;12;1;land;false;plains;4
18528;225;8;1;land;false;plains;4
18529;229;68;1;land;false;plains;4
18530;228;73;1;land;false;plains;4
18531;240;33;1;land;false;plains;4
18532;242;11;1;land;false;plains;4
18533;254;8;1;land;false;plains;4
18534;211;70;1;land;false;plains;4
18535;213;15;1;land;false;plains;4
18536;252;33;1;land;false;plains;4
18537;217;9;1;land;false;plains;4
18538;225;52;1;land;false;plains;4
18539;229;59;1;land;false;plains;4
18540;228;46;1;land;false;plains;4
18541;253;29;1;land;false;plains;4
18542;213;49;1;land;false;plains;4
18543;232;35;1;land;false;plains;4
18544;241;78;1;land;false;plains;4
18545;234;77;1;land;false;plains;4
18546;221;20;1;land;false;plains;4
18547;252;29;1;land;false;plains;4
18548;236;15;1;land;false;plains;4
18549;220;28;1;land;false;plains;4
18550;214;69;1;land;false;plains;4
18551;235;40;1;land;false;plains;4
18552;243;59;1;land;false;plains;4
18553;243;21;1;land;false;plains;4
18554;233;70;1;land;false;plains;4
18555;230;13;1;land;false;plains;4
18556;238;45;1;land;false;plains;4
18557;239;43;1;land;false;plains;4
18558;231;8;1;land;false;plains;4
18559;219;76;1;land;false;plains;4
18560;231;40;1;land;false;plains;4
18561;221;44;1;land;false;plains;4
18562;248;64;1;land;false;plains;4
18563;30;211;1;land;false;plains;4
18564;62;182;1;land;false;plains;4
18565;28;209;1;land;false;plains;4
18566;18;183;1;land;false;plains;4
18567;62;170;1;land;false;plains;4
18568;24;179;1;land;false;plains;4
18569;2;207;1;land;false;plains;4
18570;53;199;1;land;false;plains;4
18571;13;196;1;land;false;plains;4
18572;28;215;1;land;false;plains;4
18573;14;173;1;land;false;plains;4
18574;30;191;1;land;false;forest;4
18575;37;175;1;land;false;plains;4
18576;45;214;1;land;false;plains;4
18577;21;235;1;land;false;plains;4
18578;14;164;1;land;false;plains;4
18579;41;191;1;land;false;plains;4
18580;61;170;1;land;false;forest;4
18581;27;215;1;land;false;plains;4
18582;8;189;1;land;false;plains;4
18583;61;236;1;land;false;plains;4
18584;32;164;1;land;false;plains;4
18585;12;205;1;land;false;plains;4
18586;5;192;1;land;false;plains;4
18587;4;228;1;land;false;forest;4
18588;58;165;1;land;false;plains;4
18589;51;228;1;land;false;plains;4
18590;10;196;1;land;false;plains;4
18591;2;58;1;land;false;forest;4
18592;7;18;1;land;false;forest;4
18593;60;30;1;land;false;forest;4
18594;53;38;1;land;false;forest;4
18595;25;50;1;land;false;forest;4
18596;29;8;1;land;false;forest;4
18597;3;59;1;land;false;forest;4
18598;62;19;1;land;false;forest;4
18599;38;36;1;land;false;forest;4
18600;35;57;1;land;false;forest;4
18601;3;37;1;land;false;forest;4
18602;1;18;1;land;false;forest;4
18603;38;1;1;land;false;forest;4
18604;35;55;1;land;false;forest;4
18605;0;15;1;land;false;forest;4
18606;8;6;1;land;false;forest;4
18607;23;63;1;land;false;plains;4
18608;25;57;1;land;false;forest;4
18609;51;40;1;land;false;forest;4
18610;9;61;1;land;false;forest;4
18611;52;26;1;land;false;forest;4
18612;56;47;1;land;false;forest;4
18613;57;20;1;land;false;plains;4
18614;22;34;1;land;false;forest;4
18615;10;6;1;land;false;forest;4
18616;58;29;1;land;false;forest;4
18617;58;24;1;land;false;forest;4
18618;29;35;1;land;false;forest;4
18619;1;36;1;land;false;forest;4
18620;40;42;1;land;false;forest;4
18621;24;0;1;land;false;plains;4
18622;231;45;1;land;false;plains;4
18623;242;8;1;land;false;plains;4
18624;197;6;1;land;false;plains;4
18625;225;16;1;land;false;plains;4
18626;234;39;1;land;false;forest;4
18627;200;28;1;land;false;plains;4
18628;222;33;1;land;false;plains;4
18629;230;17;1;land;false;plains;4
18630;210;14;1;land;false;plains;4
18631;248;5;1;land;false;plains;4
18632;223;26;1;land;false;plains;4
18633;232;47;1;land;false;plains;4
18634;210;31;1;land;false;plains;4
18635;246;18;1;land;false;plains;4
18636;211;45;1;land;false;plains;4
18637;202;47;1;land;false;plains;4
18638;222;7;1;land;false;plains;4
18639;248;12;1;land;false;plains;4
18640;207;49;1;land;false;plains;4
18641;222;20;1;land;false;plains;4
18642;199;46;1;land;false;plains;4
18643;209;2;1;land;false;plains;4
18644;253;10;1;land;false;plains;4
18645;228;10;1;land;false;plains;4
18646;209;8;1;land;false;plains;4
18647;224;42;1;land;false;plains;4
18648;239;17;1;land;false;plains;4
18649;206;45;1;land;false;plains;4
18650;227;37;1;land;false;plains;4
18651;156;47;1;land;false;plains;4
18652;141;43;1;land;false;plains;4
18653;116;95;1;land;false;plains;4
18654;147;120;1;land;false;plains;4
18655;120;51;1;land;false;plains;4
18656;97;50;1;land;false;plains;4
18657;120;116;1;land;false;plains;4
18658;87;57;1;land;false;plains;4
18659;139;72;1;land;false;plains;4
18660;151;83;1;land;false;plains;4
18661;98;53;1;land;false;plains;4
18662;126;47;1;land;false;plains;4
18663;111;46;1;land;false;plains;4
18664;158;64;1;land;false;plains;4
18665;132;122;1;land;false;plains;4
18666;153;116;1;land;false;plains;4
18667;92;44;1;land;false;plains;4
18668;125;61;1;land;false;plains;4
18669;149;109;1;land;false;plains;4
18670;123;86;1;land;false;plains;4
18671;101;69;1;land;false;plains;4
18672;135;117;1;land;false;plains;4
18673;106;82;1;land;false;plains;4
18674;127;59;1;land;false;plains;4
18675;147;60;1;land;false;plains;4
18676;138;70;1;land;false;plains;4
18677;105;120;1;land;false;plains;4
18678;88;94;1;land;false;plains;4
18679;108;78;1;land;false;plains;4
18680;160;76;1;land;false;plains;4
18681;92;52;1;land;false;plains;4
18682;162;108;1;land;false;plains;4
18683;106;73;1;land;false;plains;4
18684;100;46;1;land;false;plains;4
18685;160;80;1;land;false;plains;4
18686;112;113;1;land;false;plains;4
18687;92;55;1;land;false;plains;4
18688;25;226;1;land;false;plains;4
18689;25;196;1;land;false;plains;4
18690;50;206;1;land;false;plains;4
18691;48;253;1;land;false;plains;4
18692;69;216;1;land;false;plains;4
18693;80;241;1;land;false;plains;4
18694;47;221;1;land;false;plains;4
18695;39;241;1;land;false;plains;4
18696;95;250;1;land;false;plains;4
18697;41;215;1;land;false;plains;4
18698;48;237;1;land;false;plains;4
18699;70;241;1;land;false;plains;4
18700;92;223;1;land;false;plains;4
18701;101;226;1;land;false;plains;4
18702;56;242;1;land;false;plains;4
18703;78;244;1;land;false;plains;4
18704;67;221;1;land;false;plains;4
18705;55;225;1;land;false;plains;4
18706;44;195;1;land;false;plains;4
18707;27;219;1;land;false;plains;4
18708;54;243;1;land;false;plains;4
18709;34;226;1;land;false;plains;4
18710;25;219;1;land;false;plains;4
18711;59;202;1;land;false;plains;4
18712;34;207;1;land;false;plains;4
18713;30;248;1;land;false;plains;4
18714;41;238;1;land;false;plains;4
18715;33;221;1;land;false;plains;4
18716;28;239;1;land;false;plains;4
18717;103;223;1;land;false;plains;4
18718;103;213;1;land;false;plains;4
18719;98;199;1;land;false;plains;4
18720;25;245;1;land;false;plains;4
18721;63;217;1;land;false;plains;4
18722;33;240;1;land;false;plains;4
18723;38;53;1;land;false;forest;4
18724;19;19;1;land;false;plains;4
18725;77;29;1;land;false;forest;4
18726;24;17;1;land;false;forest;4
18727;14;9;1;land;false;forest;4
18728;44;6;1;land;false;forest;4
18729;20;36;1;land;false;plains;4
18730;69;71;1;land;false;forest;4
18731;54;56;1;land;false;forest;4
18732;44;12;1;land;false;forest;4
18733;44;7;1;land;false;forest;4
18734;22;68;1;land;false;plains;4
18735;69;15;1;land;false;plains;4
18736;16;2;1;land;false;forest;4
18737;77;60;1;land;false;plains;4
18738;56;17;1;land;false;forest;4
18739;29;18;1;land;false;forest;4
18740;60;120;1;land;false;plains;4
18741;82;139;1;land;false;plains;4
18742;55;161;1;land;false;plains;4
18743;59;180;1;land;false;plains;4
18744;53;147;1;land;false;plains;4
18745;80;118;1;land;false;plains;4
18746;48;178;1;land;false;plains;4
18747;23;138;1;land;false;plains;4
18748;81;168;1;land;false;plains;4
18749;33;168;1;land;false;plains;4
18750;99;163;1;land;false;plains;4
18751;82;128;1;land;false;plains;4
18752;193;11;1;land;false;plains;4
18753;200;11;1;land;false;plains;4
18754;243;33;1;land;false;forest;4
18755;204;27;1;land;false;plains;4
18756;194;43;1;land;false;plains;4
18757;225;17;1;land;false;plains;4
18758;211;32;1;land;false;plains;4
18759;229;2;1;land;false;plains;4
18760;208;42;1;land;false;forest;4
18761;217;14;1;land;false;forest;4
18762;226;27;1;land;false;forest;4
18763;227;2;1;land;false;forest;4
18764;226;37;1;land;false;plains;4
18765;251;33;1;land;false;plains;4
18766;189;31;1;land;false;forest;4
18767;214;36;1;land;false;plains;4
18768;253;22;1;land;false;plains;4
18769;214;7;1;land;false;forest;4
18770;244;4;1;land;false;plains;4
18771;240;32;1;land;false;plains;4
18772;190;43;1;land;false;plains;4
18773;191;34;1;land;false;forest;4
18774;222;28;1;land;false;plains;4
18775;197;5;1;land;false;forest;4
18776;193;27;1;land;false;plains;4
18777;202;24;1;land;false;forest;4
18778;212;33;1;land;false;plains;4
18779;236;14;1;land;false;plains;4
18780;219;12;1;land;false;plains;4
18781;216;12;1;land;false;forest;4
18782;254;11;1;land;false;forest;4
18783;41;2;1;land;false;forest;4
18784;29;17;1;land;false;plains;4
18785;13;15;1;land;false;plains;4
18786;21;43;1;land;false;plains;4
18787;35;43;1;land;false;plains;4
18788;18;50;1;land;false;forest;4
18789;1;56;1;land;false;plains;4
18790;3;34;1;land;false;plains;4
18791;8;16;1;land;false;plains;4
18792;21;21;1;land;false;plains;4
18793;15;16;1;land;false;plains;4
18794;39;1;1;land;false;plains;4
18795;2;1;1;land;false;plains;4
18796;41;16;1;land;false;plains;4
18797;25;10;1;land;false;plains;4
18798;9;49;1;land;false;forest;4
18799;23;7;1;land;false;plains;4
18800;3;9;1;land;false;forest;4
18801;31;1;1;land;false;forest;4
18802;16;4;1;land;false;plains;4
18803;41;51;1;land;false;plains;4
18804;10;37;1;land;false;plains;4
18805;5;34;1;land;false;plains;4
18806;33;4;1;land;false;forest;4
18807;46;38;1;land;false;plains;4
18808;46;40;1;land;false;plains;4
18809;41;47;1;land;false;plains;4
18810;9;35;1;land;false;plains;4
18811;14;38;1;land;false;plains;4
18812;49;51;1;land;false;forest;4
18813;6;35;1;land;false;plains;4
18814;0;38;1;land;false;forest;4
18815;13;19;1;land;false;forest;4
18816;14;48;1;land;false;forest;4
18817;26;53;1;land;false;plains;4
18818;20;56;1;land;false;plains;4
18819;17;25;1;land;false;plains;4
18820;11;12;1;land;false;forest;4
18821;30;44;1;land;false;forest;4
18822;9;29;1;land;false;plains;4
18823;34;43;1;land;false;plains;4
18824;43;52;1;land;false;plains;4
18825;14;17;1;land;false;plains;4
18826;38;9;1;land;false;plains;4
18827;23;80;1;land;false;plains;4
18828;40;3;1;land;false;plains;4
18829;0;42;1;land;false;plains;4
18830;19;68;1;land;false;plains;4
18831;34;35;1;land;false;plains;4
18832;10;73;1;land;false;plains;4
18833;41;19;1;land;false;plains;4
18834;4;62;1;land;false;plains;4
18835;33;34;1;land;false;plains;4
18836;36;43;1;land;false;plains;4
18837;15;21;1;land;false;plains;4
18838;27;72;1;land;false;plains;4
18839;26;76;1;land;false;plains;4
18840;17;72;1;land;false;plains;4
18841;6;73;1;land;false;plains;4
18842;7;80;1;land;false;plains;4
18843;12;71;1;land;false;plains;4
18844;52;104;1;land;false;plains;4
18845;10;110;1;land;false;plains;4
18846;2;151;1;land;false;plains;4
18847;9;147;1;land;false;plains;4
18848;56;107;1;land;false;plains;4
18849;51;82;1;land;false;plains;4
18850;36;77;1;land;false;plains;4
18851;20;87;1;land;false;plains;4
18852;14;93;1;land;false;plains;4
18853;1;116;1;land;false;plains;4
18854;2;131;1;land;false;plains;4
18855;13;141;1;land;false;plains;4
18856;38;93;1;land;false;plains;4
18857;46;131;1;land;false;plains;4
18858;3;148;1;land;false;plains;4
18859;24;118;1;land;false;plains;4
18860;15;106;1;land;false;plains;4
18861;33;104;1;land;false;plains;4
18862;70;135;1;land;false;plains;4
18863;175;72;1;land;false;plains;4
18864;198;96;1;land;false;plains;4
18865;185;105;1;land;false;plains;4
18866;176;64;1;land;false;plains;4
18867;228;61;1;land;false;plains;4
18868;239;77;1;land;false;plains;4
18869;235;114;1;land;false;plains;4
18870;195;72;1;land;false;plains;4
18871;208;49;1;land;false;plains;4
18872;234;82;1;land;false;plains;4
18873;194;112;1;land;false;plains;4
18874;178;87;1;land;false;plains;4
18875;175;61;1;land;false;plains;4
18876;189;99;1;land;false;plains;4
18877;178;112;1;land;false;plains;4
18878;212;109;1;land;false;plains;4
18879;218;80;1;land;false;plains;4
18880;251;111;1;land;false;plains;4
18881;230;100;1;land;false;plains;4
18882;192;74;1;land;false;plains;4
18883;235;62;1;land;false;plains;4
18884;198;120;1;land;false;plains;4
18885;200;67;1;land;false;plains;4
18886;207;86;1;land;false;plains;4
18887;177;49;1;land;false;plains;4
18888;222;94;1;land;false;plains;4
18889;209;74;1;land;false;plains;4
18890;240;113;1;land;false;plains;4
18891;205;111;1;land;false;plains;4
18892;213;98;1;land;false;plains;4
18893;234;65;1;land;false;plains;4
18894;246;69;1;land;false;plains;4
18895;223;125;1;land;false;plains;4
18896;126;62;1;land;false;plains;4
18897;134;74;1;land;false;plains;4
18898;83;88;1;land;false;plains;4
18899;101;82;1;land;false;forest;4
18900;142;15;1;land;false;plains;4
18901;83;84;1;land;false;plains;4
18902;134;22;1;land;false;forest;4
18903;94;29;1;land;false;forest;4
18904;159;52;1;land;false;plains;4
18905;86;81;1;land;false;plains;4
18906;86;36;1;land;false;plains;4
18907;127;41;1;land;false;plains;4
18908;86;33;1;land;false;plains;4
18909;91;25;1;land;false;forest;4
18910;93;69;1;land;false;plains;4
18911;137;49;1;land;false;forest;4
18912;107;79;1;land;false;plains;4
18913;103;84;1;land;false;plains;4
18914;104;89;1;land;false;plains;4
18915;28;122;1;land;false;forest;4
18916;18;142;1;land;false;plains;4
18917;38;99;1;land;false;forest;4
18918;33;111;1;land;false;plains;4
18919;44;168;1;land;false;forest;4
18920;40;130;1;land;false;forest;4
18921;41;163;1;land;false;forest;4
18922;5;90;1;land;false;forest;4
18923;15;163;1;land;false;forest;4
18924;24;161;1;land;false;forest;4
18925;45;131;1;land;false;plains;4
18926;19;158;1;land;false;forest;4
18927;7;159;1;land;false;forest;4
18928;17;143;1;land;false;forest;4
18929;9;91;1;land;false;plains;4
18930;38;111;1;land;false;forest;4
18931;7;118;1;land;false;plains;4
18932;2;160;1;land;false;forest;4
18933;25;135;1;land;false;forest;4
18934;25;136;1;land;false;forest;4
18935;46;105;1;land;false;forest;4
18936;23;113;1;land;false;forest;4
18937;26;145;1;land;false;forest;4
18938;3;158;1;land;false;forest;4
18939;43;142;1;land;false;forest;4
18940;19;147;1;land;false;forest;4
18941;24;100;1;land;false;forest;4
18942;3;108;1;land;false;plains;4
18943;10;120;1;land;false;forest;4
18944;40;157;1;land;false;forest;4
18945;26;91;1;land;false;plains;4
18946;79;139;1;land;false;forest;4
18947;38;157;1;land;false;forest;4
18948;71;154;1;land;false;plains;4
18949;84;124;1;land;false;plains;4
18950;26;142;1;land;false;forest;4
18951;84;143;1;land;false;forest;4
18952;84;146;1;land;false;forest;4
18953;14;179;1;land;false;forest;4
18954;64;155;1;land;false;forest;4
18955;48;115;1;land;false;plains;4
18956;15;136;1;land;false;plains;4
18957;79;131;1;land;false;plains;4
18958;33;157;1;land;false;forest;4
18959;89;111;1;land;false;plains;4
18960;25;180;1;land;false;plains;4
18961;44;119;1;land;false;plains;4
18962;48;166;1;land;false;forest;4
18963;15;166;1;land;false;forest;4
18964;26;136;1;land;false;forest;4
18965;77;112;1;land;false;forest;4
18966;86;153;1;land;false;plains;4
18967;61;111;1;land;false;forest;4
18968;45;174;1;land;false;forest;4
18969;59;153;1;land;false;forest;4
18970;33;145;1;land;false;forest;4
18971;30;112;1;land;false;plains;4
18972;22;120;1;land;false;forest;4
18973;56;103;1;land;false;plains;4
18974;126;216;1;land;false;forest;4
18975;102;212;1;land;false;plains;4
18976;149;222;1;land;false;forest;4
18977;130;208;1;land;false;forest;4
18978;139;238;1;land;false;forest;4
18979;100;239;1;land;false;plains;4
18980;87;216;1;land;false;forest;4
18981;144;238;1;land;false;forest;4
18982;144;239;1;land;false;forest;4
18983;146;207;1;land;false;forest;4
18984;79;253;1;land;false;forest;4
18985;4;241;1;land;false;plains;4
18986;43;211;1;land;false;plains;4
18987;27;191;1;land;false;plains;4
18988;51;193;1;land;false;plains;4
18989;1;229;1;land;false;plains;4
18990;50;201;1;land;false;plains;4
18991;45;230;1;land;false;plains;4
18992;2;252;1;land;false;plains;4
18993;7;229;1;land;false;plains;4
18994;4;234;1;land;false;plains;4
18995;34;202;1;land;false;plains;4
18996;20;225;1;land;false;plains;4
18997;22;199;1;land;false;plains;4
18998;14;223;1;land;false;plains;4
18999;38;224;1;land;false;plains;4
19000;53;200;1;land;false;plains;4
19001;7;243;1;land;false;plains;4
19002;32;197;1;land;false;plains;4
19003;33;199;1;land;false;plains;4
19004;8;222;1;land;false;plains;4
19005;20;204;1;land;false;plains;4
19006;37;199;1;land;false;plains;4
19007;21;238;1;land;false;plains;4
19008;40;252;1;land;false;plains;4
19009;48;240;1;land;false;plains;4
19010;20;217;1;land;false;plains;4
19011;67;251;1;land;false;plains;4
19012;18;236;1;land;false;plains;4
19013;22;242;1;land;false;plains;4
19014;29;196;1;land;false;plains;4
19015;24;181;1;land;false;plains;4
19016;64;208;1;land;false;plains;4
19017;55;238;1;land;false;plains;4
19018;8;204;1;land;false;plains;4
19019;43;186;1;land;false;plains;4
19020;21;222;1;land;false;plains;4
19021;10;249;1;land;false;plains;4
19022;47;196;1;land;false;plains;4
19023;45;195;1;land;false;plains;4
19024;6;213;1;land;false;plains;4
19025;47;190;1;land;false;plains;4
19026;27;193;1;land;false;plains;4
19027;54;242;1;land;false;plains;4
19028;4;211;1;land;false;plains;4
19029;65;241;1;land;false;plains;4
19030;16;188;1;land;false;plains;4
19031;43;206;1;land;false;plains;4
19032;26;214;1;land;false;plains;4
19033;62;200;1;land;false;plains;4
19034;64;213;1;land;false;plains;4
19035;14;192;1;land;false;plains;4
19036;0;187;1;land;false;plains;4
19037;27;229;1;land;false;plains;4
19038;60;183;1;land;false;plains;4
19039;253;224;1;land;false;plains;4
19040;245;203;1;land;false;plains;4
19041;218;183;1;land;false;plains;4
19042;243;187;1;land;false;plains;4
19043;217;219;1;land;false;forest;4
19044;246;213;1;land;false;forest;4
19045;233;241;1;land;false;plains;4
19046;245;176;1;land;false;plains;4
19047;239;216;1;land;false;plains;4
19048;252;173;1;land;false;plains;4
19049;221;203;1;land;false;plains;4
19050;237;213;1;land;false;forest;4
19051;232;198;1;land;false;forest;4
19052;217;177;1;land;false;plains;4
19053;204;238;1;land;false;forest;4
19054;250;208;1;land;false;plains;4
19055;226;208;1;land;false;forest;4
19056;235;177;1;land;false;forest;4
19057;213;199;1;land;false;plains;4
19058;221;160;1;land;false;forest;4
19059;254;149;1;land;false;plains;4
19060;252;178;1;land;false;forest;4
19061;221;197;1;land;false;forest;4
19062;228;141;1;land;false;forest;4
19063;187;175;1;land;false;plains;4
19064;220;151;1;land;false;forest;4
19065;246;157;1;land;false;forest;4
19066;200;135;1;land;false;forest;4
19067;207;158;1;land;false;forest;4
19068;217;170;1;land;false;forest;4
19069;242;151;1;land;false;plains;4
19070;215;186;1;land;false;forest;4
19071;222;136;1;land;false;forest;4
19072;236;210;1;land;false;forest;4
19073;205;192;1;land;false;forest;4
19074;210;159;1;land;false;plains;4
19075;201;152;1;land;false;forest;4
19076;230;168;1;land;false;forest;4
19077;236;7;1;land;false;plains;4
19078;208;39;1;land;false;plains;4
19079;210;62;1;land;false;plains;4
19080;208;1;1;land;false;plains;4
19081;202;42;1;land;false;plains;4
19082;235;21;1;land;false;plains;4
19083;245;43;1;land;false;plains;4
19084;234;30;1;land;false;plains;4
19085;245;23;1;land;false;plains;4
19086;218;68;1;land;false;plains;4
19087;253;51;1;land;false;plains;4
19088;251;7;1;land;false;plains;4
19089;243;22;1;land;false;plains;4
19090;197;25;1;land;false;plains;4
19091;222;61;1;land;false;plains;4
19092;21;197;1;land;false;plains;4
19093;32;161;1;land;false;plains;4
19094;51;165;1;land;false;plains;4
19095;81;172;1;land;false;plains;4
19096;63;172;1;land;false;plains;4
19097;71;175;1;land;false;plains;4
19098;78;236;1;land;false;plains;4
19099;27;233;1;land;false;plains;4
19100;41;189;1;land;false;plains;4
19101;34;162;1;land;false;plains;4
19102;18;172;1;land;false;plains;4
19103;86;173;1;land;false;plains;4
19104;92;177;1;land;false;plains;4
19105;18;158;1;land;false;plains;4
19106;35;230;1;land;false;plains;4
19107;78;203;1;land;false;plains;4
19108;88;161;1;land;false;plains;4
19109;56;227;1;land;false;plains;4
19110;34;220;1;land;false;plains;4
19111;35;234;1;land;false;plains;4
19112;17;211;1;land;false;plains;4
19113;71;231;1;land;false;plains;4
19114;87;185;1;land;false;plains;4
19115;84;225;1;land;false;plains;4
19116;30;171;1;land;false;plains;4
19117;87;159;1;land;false;plains;4
19118;84;203;1;land;false;plains;4
19119;72;201;1;land;false;plains;4
19120;56;180;1;land;false;plains;4
19121;50;215;1;land;false;plains;4
19122;80;168;1;land;false;plains;4
19123;33;228;1;land;false;plains;4
19124;75;232;1;land;false;plains;4
19125;85;170;1;land;false;plains;4
19126;45;177;1;land;false;plains;4
19127;68;225;1;land;false;plains;4
19128;53;215;1;land;false;plains;4
19129;85;205;1;land;false;plains;4
19130;59;207;1;land;false;plains;4
19131;66;200;1;land;false;plains;4
19132;28;212;1;land;false;plains;4
19133;35;235;1;land;false;plains;4
19134;36;229;1;land;false;plains;4
19135;84;215;1;land;false;plains;4
19136;82;197;1;land;false;plains;4
19137;34;210;1;land;false;plains;4
19138;77;167;1;land;false;plains;4
19139;37;168;1;land;false;plains;4
19140;92;162;1;land;false;plains;4
19141;41;185;1;land;false;plains;4
19142;20;169;1;land;false;plains;4
19143;68;157;1;land;false;plains;4
19144;80;197;1;land;false;plains;4
19145;67;193;1;land;false;plains;4
19146;87;192;1;land;false;plains;4
19147;34;229;1;land;false;plains;4
19148;34;197;1;land;false;plains;4
19149;17;210;1;land;false;plains;4
19150;72;234;1;land;false;plains;4
19151;75;191;1;land;false;plains;4
19152;41;187;1;land;false;plains;4
19153;34;157;1;land;false;plains;4
19154;51;219;1;land;false;plains;4
19155;28;196;1;land;false;plains;4
19156;91;186;1;land;false;plains;4
19157;60;211;1;land;false;plains;4
19158;87;170;1;land;false;plains;4
19159;15;197;1;land;false;plains;4
19160;20;222;1;land;false;plains;4
19161;20;197;1;land;false;plains;4
19162;91;190;1;land;false;plains;4
19163;59;164;1;land;false;plains;4
19164;49;225;1;land;false;plains;4
19165;38;217;1;land;false;plains;4
19166;68;228;1;land;false;plains;4
19167;80;188;1;land;false;plains;4
19168;37;187;1;land;false;plains;4
19169;80;195;1;land;false;plains;4
19170;88;165;1;land;false;plains;4
19171;33;205;1;land;false;plains;4
19172;59;172;1;land;false;plains;4
19173;24;205;1;land;false;plains;4
19174;30;208;1;land;false;plains;4
19175;105;154;1;land;false;plains;4
19176;151;110;1;land;false;forest;4
19177;117;134;1;land;false;forest;4
19178;136;121;1;land;false;plains;4
19179;104;112;1;land;false;forest;4
19180;112;165;1;land;false;plains;4
19181;141;148;1;land;false;plains;4
19182;124;165;1;land;false;plains;4
19183;106;158;1;land;false;plains;4
19184;133;99;1;land;false;forest;4
19185;139;159;1;land;false;plains;4
19186;106;136;1;land;false;plains;4
19187;134;122;1;land;false;plains;4
19188;93;128;1;land;false;plains;4
19189;128;166;1;land;false;desert;4
19190;98;153;1;land;false;plains;4
19191;144;129;1;land;false;plains;4
19192;143;166;1;land;false;plains;4
19193;106;137;1;land;false;plains;4
19194;92;167;1;land;false;plains;4
19195;157;174;1;land;false;plains;4
19196;121;100;1;land;false;desert;4
19197;138;132;1;land;false;forest;4
19198;100;112;1;land;false;plains;4
19199;123;128;1;land;false;plains;4
19200;95;102;1;land;false;plains;4
19201;140;121;1;land;false;plains;4
19202;150;171;1;land;false;plains;4
19203;88;114;1;land;false;plains;4
19204;105;125;1;land;false;plains;4
19205;139;136;1;land;false;plains;4
19206;106;161;1;land;false;forest;4
19207;148;157;1;land;false;forest;4
19208;135;154;1;land;false;desert;4
19209;132;148;1;land;false;plains;4
19210;121;159;1;land;false;plains;4
19211;141;155;1;land;false;plains;4
19212;150;114;1;land;false;plains;4
19213;156;113;1;land;false;plains;4
19214;112;106;1;land;false;plains;4
19215;156;142;1;land;false;forest;4
19216;133;94;1;land;false;plains;4
19217;125;137;1;land;false;plains;4
19218;97;144;1;land;false;plains;4
19219;157;112;1;land;false;plains;4
19220;94;122;1;land;false;plains;4
19221;106;121;1;land;false;plains;4
19222;115;99;1;land;false;plains;4
19223;117;126;1;land;false;plains;4
19224;115;166;1;land;false;plains;4
19225;141;157;1;land;false;desert;4
19226;114;54;1;land;false;forest;4
19227;147;45;1;land;false;forest;4
19228;98;49;1;land;false;forest;4
19229;91;27;1;land;false;forest;4
19230;95;47;1;land;false;forest;4
19231;116;65;1;land;false;forest;4
19232;99;87;1;land;false;plains;4
19233;135;41;1;land;false;forest;4
19234;45;127;1;land;false;forest;4
19235;63;184;1;land;false;plains;4
19236;58;121;1;land;false;plains;4
19237;49;153;1;land;false;plains;4
19238;68;186;1;land;false;plains;4
19239;52;132;1;land;false;forest;4
19240;25;194;1;land;false;plains;4
19241;7;152;1;land;false;plains;4
19242;64;188;1;land;false;plains;4
19243;61;156;1;land;false;plains;4
19244;27;141;1;land;false;plains;4
19245;57;179;1;land;false;forest;4
19246;11;171;1;land;false;plains;4
19247;216;130;1;land;false;plains;4
19248;219;124;1;land;false;plains;4
19249;212;146;1;land;false;plains;4
19250;240;156;1;land;false;plains;4
19251;251;147;1;land;false;plains;4
19252;231;181;1;land;false;plains;4
19253;231;185;1;land;false;plains;4
19254;253;109;1;land;false;plains;4
19255;229;131;1;land;false;plains;4
19256;213;124;1;land;false;plains;4
19257;246;132;1;land;false;plains;4
19258;243;151;1;land;false;plains;4
19259;239;115;1;land;false;plains;4
19260;228;127;1;land;false;plains;4
19261;228;155;1;land;false;plains;4
19262;226;170;1;land;false;plains;4
19263;237;169;1;land;false;plains;4
19264;234;143;1;land;false;plains;4
19265;213;131;1;land;false;plains;4
19266;229;117;1;land;false;plains;4
19267;246;127;1;land;false;plains;4
19268;241;149;1;land;false;plains;4
19269;241;181;1;land;false;plains;4
19270;224;159;1;land;false;plains;4
19271;246;110;1;land;false;plains;4
19272;240;177;1;land;false;plains;4
19273;254;159;1;land;false;plains;4
19274;234;144;1;land;false;plains;4
19275;212;171;1;land;false;plains;4
19276;218;164;1;land;false;plains;4
19277;240;139;1;land;false;plains;4
19278;141;25;1;land;false;plains;4
19279;71;23;1;land;false;plains;4
19280;112;15;1;land;false;plains;4
19281;82;5;1;land;false;plains;4
19282;137;40;1;land;false;plains;4
19283;105;28;1;land;false;plains;4
19284;110;4;1;land;false;plains;4
19285;64;44;1;land;false;plains;4
19286;140;39;1;land;false;plains;4
19287;89;26;1;land;false;plains;4
19288;127;45;1;land;false;plains;4
19289;78;33;1;land;false;plains;4
19290;140;36;1;land;false;plains;4
19291;72;22;1;land;false;plains;4
19292;142;20;1;land;false;plains;4
19293;68;20;1;land;false;plains;4
19294;101;47;1;land;false;plains;4
19295;140;43;1;land;false;plains;4
19296;125;25;1;land;false;plains;4
19297;81;46;1;land;false;plains;4
19298;133;23;1;land;false;plains;4
19299;81;31;1;land;false;plains;4
19300;68;22;1;land;false;plains;4
19301;87;3;1;land;false;plains;4
19302;67;24;1;land;false;plains;4
19303;114;46;1;land;false;plains;4
19304;97;18;1;land;false;plains;4
19305;146;198;1;land;false;plains;4
19306;85;192;1;land;false;plains;4
19307;156;212;1;land;false;plains;4
19308;105;184;1;land;false;plains;4
19309;131;216;1;land;false;plains;4
19310;138;244;1;land;false;forest;4
19311;151;180;1;land;false;plains;4
19312;85;228;1;land;false;plains;4
19313;118;237;1;land;false;forest;4
19314;120;209;1;land;false;plains;4
19315;115;204;1;land;false;plains;4
19316;92;253;1;land;false;plains;4
19317;87;250;1;land;false;plains;4
19318;114;237;1;land;false;plains;4
19319;130;254;1;land;false;plains;4
19320;86;237;1;land;false;plains;4
19321;150;209;1;land;false;plains;4
19322;151;198;1;land;false;plains;4
19323;83;186;1;land;false;plains;4
19324;120;245;1;land;false;plains;4
19325;116;219;1;land;false;forest;4
19326;82;250;1;land;false;plains;4
19327;147;234;1;land;false;forest;4
19328;82;231;1;land;false;plains;4
19329;102;180;1;land;false;plains;4
19330;96;183;1;land;false;plains;4
19331;94;180;1;land;false;plains;4
19332;122;232;1;land;false;plains;4
19333;112;248;1;land;false;plains;4
19334;131;190;1;land;false;plains;4
19335;152;223;1;land;false;forest;4
19336;156;239;1;land;false;forest;4
19337;136;191;1;land;false;plains;4
19338;138;218;1;land;false;forest;4
19339;155;195;1;land;false;forest;4
19340;121;219;1;land;false;plains;4
19341;118;196;1;land;false;plains;4
19342;151;253;1;land;false;plains;4
19343;115;230;1;land;false;plains;4
19344;92;191;1;land;false;plains;4
19345;78;181;1;land;false;plains;4
19346;95;207;1;land;false;plains;4
19347;91;231;1;land;false;plains;4
19348;153;239;1;land;false;plains;4
19349;99;178;1;land;false;plains;4
19350;85;183;1;land;false;forest;4
19351;124;206;1;land;false;forest;4
19352;154;202;1;land;false;plains;4
19353;106;207;1;land;false;plains;4
19354;84;208;1;land;false;plains;4
19355;79;188;1;land;false;plains;4
19356;138;187;1;land;false;plains;4
19357;92;213;1;land;false;plains;4
19358;154;230;1;land;false;plains;4
19359;127;191;1;land;false;plains;4
19360;100;224;1;land;false;plains;4
19361;135;211;1;land;false;plains;4
19362;95;205;1;land;false;plains;4
19363;97;186;1;land;false;plains;4
19364;46;233;1;land;false;plains;4
19365;70;212;1;land;false;plains;4
19366;100;232;1;land;false;plains;4
19367;100;244;1;land;false;plains;4
19368;78;173;1;land;false;plains;4
19369;94;217;1;land;false;plains;4
19370;73;226;1;land;false;plains;4
19371;114;244;1;land;false;plains;4
19372;88;178;1;land;false;plains;4
19373;62;190;1;land;false;plains;4
19374;88;238;1;land;false;plains;4
19375;63;226;1;land;false;plains;4
19376;119;168;1;land;false;plains;4
19377;79;192;1;land;false;plains;4
19378;83;169;1;land;false;plains;4
19379;105;205;1;land;false;plains;4
19380;112;183;1;land;false;plains;4
19381;94;230;1;land;false;plains;4
19382;111;188;1;land;false;plains;4
19383;93;216;1;land;false;plains;4
19384;66;183;1;land;false;plains;4
19385;71;204;1;land;false;plains;4
19386;117;174;1;land;false;plains;4
19387;55;181;1;land;false;plains;4
19388;67;222;1;land;false;plains;4
19389;96;179;1;land;false;plains;4
19390;61;247;1;land;false;plains;4
19391;95;171;1;land;false;plains;4
19392;91;192;1;land;false;plains;4
19393;71;167;1;land;false;plains;4
19394;59;175;1;land;false;plains;4
19395;97;202;1;land;false;plains;4
19396;222;45;1;land;false;forest;4
19397;181;85;1;land;false;forest;4
19398;199;75;1;land;false;forest;4
19399;221;110;1;land;false;plains;4
19400;190;85;1;land;false;forest;4
19401;189;78;1;land;false;forest;4
19402;224;111;1;land;false;forest;4
19403;186;40;1;land;false;forest;4
19404;184;56;1;land;false;forest;4
19405;227;100;1;land;false;forest;4
19406;190;71;1;land;false;plains;4
19407;113;55;1;land;false;plains;4
19408;133;33;1;land;false;plains;4
19409;129;46;1;land;false;plains;4
19410;132;22;1;land;false;plains;4
19411;170;27;1;land;false;plains;4
19412;132;54;1;land;false;plains;4
19413;130;60;1;land;false;plains;4
19414;134;13;1;land;false;plains;4
19415;115;43;1;land;false;plains;4
19416;129;56;1;land;false;plains;4
19417;159;29;1;land;false;plains;4
19418;136;17;1;land;false;plains;4
19419;142;3;1;land;false;plains;4
19420;134;18;1;land;false;plains;4
19421;118;29;1;land;false;plains;4
19422;160;7;1;land;false;plains;4
19423;148;48;1;land;false;plains;4
19424;58;110;1;land;false;plains;4
19425;58;117;1;land;false;plains;4
19426;106;101;1;land;false;plains;4
19427;92;107;1;land;false;plains;4
19428;57;164;1;land;false;plains;4
19429;96;154;1;land;false;plains;4
19430;127;129;1;land;false;plains;4
19431;107;126;1;land;false;plains;4
19432;79;160;1;land;false;plains;4
19433;133;145;1;land;false;plains;4
19434;100;131;1;land;false;plains;4
19435;79;89;1;land;false;plains;4
19436;73;130;1;land;false;plains;4
19437;103;115;1;land;false;plains;4
19438;69;98;1;land;false;plains;4
19439;61;132;1;land;false;plains;4
19440;88;95;1;land;false;plains;4
19441;110;92;1;land;false;plains;4
19442;60;129;1;land;false;plains;4
19443;76;85;1;land;false;plains;4
19444;72;138;1;land;false;plains;4
19445;66;113;1;land;false;plains;4
19446;61;92;1;land;false;plains;4
19447;61;108;1;land;false;plains;4
19448;98;102;1;land;false;plains;4
19449;95;136;1;land;false;plains;4
19450;74;151;1;land;false;plains;4
19451;85;154;1;land;false;plains;4
19452;100;119;1;land;false;plains;4
19453;65;148;1;land;false;plains;4
19454;133;147;1;land;false;plains;4
19455;94;94;1;land;false;plains;4
19456;102;128;1;land;false;plains;4
19457;107;109;1;land;false;plains;4
19458;105;146;1;land;false;plains;4
19459;113;153;1;land;false;plains;4
19460;133;105;1;land;false;plains;4
19461;75;87;1;land;false;plains;4
19462;94;118;1;land;false;plains;4
19463;107;148;1;land;false;plains;4
19464;61;103;1;land;false;plains;4
19465;122;153;1;land;false;plains;4
19466;101;163;1;land;false;plains;4
19467;61;97;1;land;false;plains;4
19468;64;139;1;land;false;plains;4
19469;111;155;1;land;false;plains;4
19470;63;125;1;land;false;plains;4
19471;101;123;1;land;false;plains;4
19472;74;135;1;land;false;plains;4
19473;83;134;1;land;false;plains;4
19474;74;137;1;land;false;plains;4
19475;102;137;1;land;false;plains;4
19476;102;139;1;land;false;forest;4
19477;115;130;1;land;false;plains;4
19478;131;110;1;land;false;plains;4
19479;137;147;1;land;false;plains;4
19480;86;152;1;land;false;plains;4
19481;119;94;1;land;false;plains;4
19482;84;145;1;land;false;plains;4
19483;91;119;1;land;false;plains;4
19484;112;97;1;land;false;plains;4
19485;92;150;1;land;false;desert;4
19486;121;152;1;land;false;plains;4
19487;113;164;1;land;false;plains;4
19488;91;158;1;land;false;desert;4
19489;126;163;1;land;false;desert;4
19490;93;110;1;land;false;plains;4
19491;144;119;1;land;false;plains;4
19492;126;166;1;land;false;plains;4
19493;121;127;1;land;false;plains;4
19494;96;123;1;land;false;plains;4
19495;138;98;1;land;false;plains;4
19496;131;120;1;land;false;plains;4
19497;94;172;1;land;false;desert;4
19498;88;111;1;land;false;plains;4
19499;140;114;1;land;false;plains;4
19500;118;134;1;land;false;desert;4
19501;105;171;1;land;false;plains;4
19502;101;140;1;land;false;plains;4
19503;149;142;1;land;false;desert;4
19504;87;149;1;land;false;plains;4
19505;96;158;1;land;false;desert;4
19506;112;114;1;land;false;forest;4
19507;84;116;1;land;false;plains;4
19508;126;138;1;land;false;plains;4
19509;235;230;1;land;false;plains;4
19510;198;235;1;land;false;plains;4
19511;206;234;1;land;false;plains;4
19512;222;254;1;land;false;plains;4
19513;231;243;1;land;false;plains;4
19514;224;226;1;land;false;forest;4
19515;246;241;1;land;false;plains;4
19516;233;227;1;land;false;plains;4
19517;220;243;1;land;false;plains;4
19518;243;224;1;land;false;forest;4
19519;230;231;1;land;false;plains;4
19520;193;253;1;land;false;plains;4
19521;201;251;1;land;false;plains;4
19522;177;202;1;land;false;forest;4
19523;112;193;1;land;false;forest;4
19524;139;217;1;land;false;plains;4
19525;114;224;1;land;false;plains;4
19526;109;205;1;land;false;forest;4
19527;186;191;1;land;false;plains;4
19528;166;193;1;land;false;forest;4
19529;123;221;1;land;false;plains;4
19530;108;226;1;land;false;plains;4
19531;146;232;1;land;false;plains;4
19532;154;213;1;land;false;forest;4
19533;152;213;1;land;false;plains;4
19534;116;237;1;land;false;forest;4
19535;160;228;1;land;false;plains;4
19536;178;231;1;land;false;forest;4
19537;139;201;1;land;false;plains;4
19538;152;236;1;land;false;forest;4
19539;42;184;1;land;false;plains;4
19540;64;219;1;land;false;plains;4
19541;33;185;1;land;false;plains;4
19542;52;179;1;land;false;plains;4
19543;75;181;1;land;false;plains;4
19544;26;196;1;land;false;plains;4
19545;88;223;1;land;false;plains;4
19546;97;181;1;land;false;plains;4
19547;78;210;1;land;false;plains;4
19548;25;58;1;land;false;plains;4
19549;67;63;1;land;false;plains;4
19550;72;84;1;land;false;plains;4
19551;25;93;1;land;false;plains;4
19552;24;85;1;land;false;plains;4
19553;98;76;1;land;false;plains;4
19554;40;65;1;land;false;forest;4
19555;102;102;1;land;false;plains;4
19556;50;106;1;land;false;plains;4
19557;34;70;1;land;false;forest;4
19558;32;85;1;land;false;plains;4
19559;66;68;1;land;false;plains;4
19560;47;52;1;land;false;forest;4
19561;87;117;1;land;false;plains;4
19562;77;101;1;land;false;plains;4
19563;44;100;1;land;false;plains;4
19564;88;83;1;land;false;forest;4
19565;60;54;1;land;false;plains;4
19566;72;72;1;land;false;plains;4
19567;65;59;1;land;false;forest;4
19568;69;44;1;land;false;plains;4
19569;53;76;1;land;false;plains;4
19570;62;71;1;land;false;forest;4
19571;98;95;1;land;false;plains;4
19572;127;69;1;land;false;forest;4
19573;107;38;1;land;false;plains;4
19574;166;22;1;land;false;forest;4
19575;125;87;1;land;false;plains;4
19576;150;46;1;land;false;forest;4
19577;125;29;1;land;false;forest;4
19578;95;20;1;land;false;forest;4
19579;154;30;1;land;false;plains;4
19580;153;85;1;land;false;forest;4
19581;123;78;1;land;false;forest;4
19582;136;38;1;land;false;forest;4
19583;159;42;1;land;false;plains;4
19584;123;69;1;land;false;plains;4
19585;164;67;1;land;false;forest;4
19586;123;61;1;land;false;forest;4
19587;111;58;1;land;false;forest;4
19588;109;81;1;land;false;plains;4
19589;112;40;1;land;false;forest;4
19590;104;75;1;land;false;plains;4
19591;97;49;1;land;false;forest;4
19592;118;11;1;land;false;plains;4
19593;127;50;1;land;false;forest;4
19594;102;84;1;land;false;forest;4
19595;217;87;1;land;false;forest;4
19596;187;86;1;land;false;forest;4
19597;253;97;1;land;false;plains;4
19598;194;95;1;land;false;plains;4
19599;199;60;1;land;false;plains;4
19600;184;104;1;land;false;plains;4
19601;245;87;1;land;false;plains;4
19602;206;66;1;land;false;forest;4
19603;214;40;1;land;false;plains;4
19604;234;120;1;land;false;plains;4
19605;238;110;1;land;false;plains;4
19606;250;48;1;land;false;plains;4
19607;244;56;1;land;false;forest;4
19608;183;75;1;land;false;forest;4
19609;231;76;1;land;false;plains;4
19610;207;101;1;land;false;plains;4
19611;254;86;1;land;false;plains;4
19612;219;95;1;land;false;forest;4
19613;119;162;1;land;false;forest;4
19614;138;169;1;land;false;forest;4
19615;127;163;1;land;false;plains;4
19616;128;155;1;land;false;plains;4
19617;156;198;1;land;false;forest;4
19618;129;212;1;land;false;plains;4
19619;130;202;1;land;false;plains;4
19620;171;153;1;land;false;plains;4
19621;135;216;1;land;false;plains;4
19622;110;172;1;land;false;plains;4
19623;109;230;1;land;false;forest;4
19624;102;183;1;land;false;forest;4
19625;161;216;1;land;false;forest;4
19626;147;185;1;land;false;plains;4
19627;172;191;1;land;false;plains;4
19628;153;159;1;land;false;plains;4
19629;164;214;1;land;false;plains;4
19630;149;158;1;land;false;forest;4
19631;120;215;1;land;false;plains;4
19632;100;197;1;land;false;plains;4
19633;166;231;1;land;false;plains;4
19634;119;191;1;land;false;plains;4
19635;169;195;1;land;false;forest;4
19636;136;196;1;land;false;forest;4
19637;133;157;1;land;false;forest;4
19638;110;167;1;land;false;plains;4
19639;97;197;1;land;false;plains;4
19640;145;184;1;land;false;plains;4
19641;144;155;1;land;false;plains;4
19642;158;216;1;land;false;forest;4
19643;164;177;1;land;false;plains;4
19644;133;225;1;land;false;plains;4
19645;168;193;1;land;false;forest;4
19646;141;152;1;land;false;plains;4
19647;161;180;1;land;false;plains;4
19648;136;190;1;land;false;plains;4
19649;115;221;1;land;false;forest;4
19650;172;221;1;land;false;plains;4
19651;171;208;1;land;false;plains;4
19652;103;165;1;land;false;plains;4
19653;171;174;1;land;false;plains;4
19654;145;203;1;land;false;plains;4
19655;132;164;1;land;false;plains;4
19656;121;194;1;land;false;plains;4
19657;152;175;1;land;false;plains;4
19658;96;166;1;land;false;plains;4
19659;135;227;1;land;false;plains;4
19660;53;41;1;land;false;plains;4
19661;80;22;1;land;false;plains;4
19662;65;39;1;land;false;plains;4
19663;27;36;1;land;false;plains;4
19664;24;4;1;land;false;plains;4
19665;33;44;1;land;false;plains;4
19666;17;38;1;land;false;plains;4
19667;90;2;1;land;false;plains;4
19668;75;1;1;land;false;plains;4
19669;57;62;1;land;false;plains;4
19670;82;54;1;land;false;plains;4
19671;48;52;1;land;false;plains;4
19672;79;19;1;land;false;plains;4
19673;83;20;1;land;false;plains;4
19674;54;18;1;land;false;plains;4
19675;91;48;1;land;false;plains;4
19676;74;58;1;land;false;plains;4
19677;63;13;1;land;false;plains;4
19678;60;42;1;land;false;plains;4
19679;59;63;1;land;false;plains;4
19680;37;41;1;land;false;plains;4
19681;28;55;1;land;false;plains;4
19682;60;120;140;land;false;plains;6